Ar_1s_state,quencher,10^10_kQ_cm3_s,kQ_uncertainty,10^30_kQM_cm6_s,kQM_uncertainty,reference
3P2,N2,0.136,0.002,,,Loeb1981
3P2,H2,0.38,0.09,8.6,0.8,Loeb1981
3P2,O2,1.63,0.06,4.1,0.5,Loeb1981
3P2,N2,0.36,,,,Velazco1978
3P2,H2,0.66,,,,Velazco1978
3P2,O2,2.1,,,,Velazco1978
3P2,N2,0.32,,,,DeJong1974
3P2,H2,1,,,,Bourene1975;LeCalve1977;LeCalve1975
3P2,O2,1.2,,,,Gutcheck1972
3P2,N2,0.43,,,,Bochkova1974
3P2,N2,0.33,,,,Bourene1975;LeCalve1977;LeCalve1975
3P1,N2,0.13,0.01,0.43,0.08,Firestone1978
3P1,H2,0.99,0.06,5,0.5,Loeb1981
3P1,O2,1.5,0.06,5.7,0.5,Loeb1981
3P1,N2,0.14,,,,Bourene1975;LeCalve1977;LeCalve1975
3P1,H2,2,,,,Bourene1975;LeCalve1977;LeCalve1975
3P1,N2,0.08,,,,McNeely1975
3P1,N2,0.06,,,,Chapman1972
3P1,N2,0.05,,,,Clark1972
3P0,N2,0.158,0.001,,,Loeb1981
3P0,H2,0.92,0.12,7.5,0.1,Loeb1981
3P0,O2,1.8,0.1,6,1,Loeb1981
3P0,N2,0.16,,,,Velazco1978
3P0,O2,2.4,,,,Velazco1978
3P0,N2,0.17,,,,Bourene1975;LeCalve1977;LeCalve1975
3P0,N2,0.16,,,,Bourene1975;LeCalve1977;LeCalve1975
3P0,N2,0.19,,,,Bochkova1974
1P1,N2,0.207,0.009,0.67,0.06,Firestone1978
1P1,H2,1.69,0.08,5.1,0.7,Loeb1981
1P1,O2,2.16,0.02,5.1,0.2,Loeb1981
1P1,N2,0.57,,,,Bourene1975;LeCalve1977;LeCalve1975
1P1,H2,3.3,,,,Bourene1975;LeCalve1977;LeCalve1975
1P1,N2,0.14,,,,Bourene1975;LeCalve1977;LeCalve1975
1P1,N2,0.54,,,,McNeely1975
