eedf,sweep,x,Te_free_RDW,Ne_free_RDW,chi2_red_free_RDW,delta_chi2_at_nc_RDW,Te_pinned_RDW,chi2_red_pinned_RDW,n_1s5_free_RDW,n_1s5_pinned_RDW,Te_free_BSR,Ne_free_BSR,chi2_red_free_BSR,delta_chi2_at_nc_BSR,Te_pinned_BSR,chi2_red_pinned_BSR,n_1s5_free_BSR,n_1s5_pinned_BSR
microwave,N2 fraction,0.5,0.4630728733332695,2.242697436413432e+19,0.6721277718277233,45.48142956055483,2.287419716513164,2.7089142167698643,4473267232.690296,5.1020414258771935e+19,0.5242125734436349,1.1696886775072164e+19,0.6088924312839509,44.488795438451575,0.5363802466321497,2.6034334770642973,683716298126.9463,1324160083044.3186
microwave,N2 fraction,1.0,0.4786143288112391,2.220739765878826e+19,1.0275778977173764,47.24565951785309,2.3708363054171637,3.1876241516223343,5889682329.457265,5.075437268881733e+19,0.5220594936287158,1.2656218782565644e+19,0.977052307915371,46.52392792121748,0.4289530022825248,3.04736483579274,214583951759.8417,35607046043.12633
microwave,N2 fraction,1.5,0.4885791106369735,2.2992947663530086e+19,0.5866822762167663,46.95455845346538,2.467307820036711,2.694313011546249,2790376920.086007,5.236743036522891e+19,0.5292345785817335,1.487727095423447e+19,0.5214023935915306,57.73326818626933,2.610017858095157,3.121941747804158,108764978988.3673,1.3030328884595282e+18
microwave,N2 fraction,2.0,0.5013578292273513,2.2334918265433453e+19,0.9121442936605604,42.57731999348874,2.5302775975056013,2.806015916380024,4047692501.1137,5.093361961747738e+19,0.5362767721697792,1.181913092955681e+19,0.8210540690020567,51.95299617644218,2.643369933027125,3.1452332557038805,130103491722.69807,1.4863256330588224e+18
microwave,Power,35.0,0.5440017531367769,2.00688619720987e+19,2.492540665574149,22.21378855358361,2.5492318074168185,6.269414282766905,208757970491.48776,3.9591597211017855e+19,0.559823388752588,1.142983948790827e+19,2.2598025846241048,27.83262680343257,2.696594095779528,6.590976827670602,891534577265.1582,2.879161102158127e+19
microwave,Power,55.0,0.551278037058776,2.032808960243959e+19,1.5772074781276129,30.34706235352736,2.575412296650596,3.6811350329030983,498551596527.2072,4.4532025595326734e+19,0.5657545135292826,6.333028422145149e+18,1.3606389034083848,41.20955182062952,2.7921770769742125,3.8474880168522017,2532612246681.3164,3.6676035353689305e+19
microwave,Power,65.0,0.5622497416949868,2.192098313248657e+19,0.9106070180860112,49.4908696141938,2.6015927858843755,3.1188007724545472,2397801272908.427,4.439738071891154e+19,0.5740829006579512,9.196977481484196e+18,0.7733794140540773,56.03031812667905,3.0311345299609225,3.2850584464461217,10839626872614.793,4.483208619717138e+19
microwave,Power,75.0,0.5398848217877934,2.139282052988719e+19,0.8051370941015886,44.59655435478635,2.6015927858843755,2.7956560604963503,207578449077.39053,4.875716927732547e+19,0.5598576968803449,7.387323861012503e+18,0.6488077078438871,53.53020870336879,2.887760058168895,3.052507753095018,1278247422586.94,4.928352372314659e+19
microwave,Power,85.0,0.521566018860726,2.175594672667508e+19,0.9686326195268672,49.28666593819867,2.575412296650596,3.164906861284676,29092063599.598274,4.854703572195781e+19,0.5467998417987614,1.099287406124207e+19,0.8729849519807301,58.22440274198925,2.887760058168895,3.479867578799299,309583014033.684,5.0330815183661785e+19
microwave,N2 fraction,2.5,0.4891508890476937,2.227543756359616e+19,0.6560854186638568,52.357707338302944,2.607801357064319,3.006159142283815,644902137.2204616,4.9964520550879e+19,0.5213075761164524,1.2801393158399474e+19,0.5776521314514758,61.63247401551212,2.84539022707871,3.3528713079996866,16016529095.421164,5.059924670444431e+19
microwave,N2 fraction,3.0,0.5067002687471668,2.1799181307337245e+19,1.086094301452729,44.76875263380512,2.6830166600925627,3.246866702237722,2216307165.707937,4.878742889825518e+19,0.5350228689599758,1.212646887523682e+19,0.9975496459861588,51.938029176914014,2.824208372535532,3.313025988301061,36419141143.04374,1.2404410224577564e+18
dc,N2 fraction,0.5,2.433174468331523,2.69421323255578e+16,0.6100355329544982,2.0415986535044794,2.4858690685784284,0.6751065838885882,3.935595135792265e+16,1.860878901009158e+17,1.926879601035525,5.833946906160472e+18,0.5543647008106789,48.58857253284077,2.937022592229756,2.737737784084774,2.684867543275136e+16,1.75846159906311e+18
dc,N2 fraction,1.0,2.241554839414526,2.0866008926374216e+16,1.0395200815054566,3.441514042774234,2.289685610760087,1.1548838486300652,2.522080033406939e+16,2.133766109241512e+17,1.4129359677573785,4.989481317186524e+18,0.9139204359008068,41.20432510544197,2.6069495230464272,2.745302466334496,9185489490655234.0,7.016478561135223e+17
dc,N2 fraction,1.5,2.2312860140342847,2.7132168196816508e+16,0.5694451720846702,5.184085281918668,2.1793608242879463,0.7792015407134882,7.51207022574542e+16,2.247774397294954e+17,1.1658795401816209,4.762972752585439e+18,0.3871731763903794,35.09361483583416,2.4136566928345062,1.9647387063650967,3699955169314821.0,5.548348140930653e+17
dc,N2 fraction,2.0,2.171926545631121,4.057175450455088e+16,0.8843071725237851,4.363866668521951,2.164414489573805,1.042468967796429,9.22136917089233e+16,2.6582226146826285e+17,1.0785285998800616,4.883566773118913e+18,0.6953630667086967,26.55785328467755,2.4009411525397897,1.870930803889099,2107460391652952.8,7.215259726046844e+17
dc,Power,35.0,1.8032951478321488,4.393291433470235e+16,2.238646475941865,4.548416698782924,2.050907301241845,2.8060500857921267,1.912752391284289e+16,1.8874836740687693e+17,0.9589263132941914,5.360240971038744e+18,1.8748432028912176,13.740367316987406,2.050907301241845,3.5809997076477367,810854202716717.0,2.127389520665752e+17
dc,Power,55.0,2.207392714007922,2.682668496508586e+16,1.34683518471883,5.2300130757739085,2.0833273305660187,1.6057956593676035,7.102700519522121e+16,2.416509506386494e+17,0.879318407885091,6.168375786093425e+18,1.3030152031903224,23.311482998838905,2.326424513748937,2.6244789101543904,248860152522745.47,7.076929229780649e+17
dc,Power,65.0,2.15589525854458,2.925865292045208e+16,0.7358844919141293,5.860746110276523,2.050907301241845,0.968832747294238,5.337086827711395e+16,2.1646285930912573e+17,0.8928357248206201,8.447610396956741e+18,0.719660571596597,32.986165755226466,2.326424513748937,2.186319898125227,333558143795746.1,6.869013735920031e+17
dc,Power,75.0,2.1703803477136248,3.5366218930172548e+16,0.6819451710247708,4.652585229156104,2.115747359890191,0.8624288100307406,7.1514621730754856e+16,2.563164097962619e+17,0.8708555398651341,6.502023694568045e+18,0.6045795405016395,30.684512113849,2.384009792347902,1.9718492029265196,252884273859467.7,7.839278657170446e+17
dc,Power,85.0,1.6816482969940014,9.68636425922916e+18,0.9737356014648824,4.4515972425360815,2.115747359890191,1.1318202215135733,3.4235376720114224e+16,2.5251495197677168e+17,0.9158714528167484,6.737102910922511e+18,0.8331246701471693,29.55050947998552,2.297631874449453,2.13846034332164,466643192300968.94,5.4543734689656186e+17
dc,N2 fraction,2.5,1.433394529398647,1.6020019115017603e+19,0.805385312684285,4.327992175753025,2.075532249054281,0.9655038064601368,1.815857418744543e+16,2.4052035705537165e+17,0.912212850610609,5.179344871459593e+18,0.5429518698588902,27.15921886713113,2.201632179632942,1.7527821879167194,449812031810616.3,3.888357148638844e+17
dc,N2 fraction,3.0,1.3112509208466172,1.7408458301002115e+19,1.1846850563981983,3.834990840455701,2.05152260780126,1.3373473874760913,1.1114571586830284e+16,2.4786262401174272e+17,0.8690374404654988,5.371981234094893e+18,0.9293039811612592,21.496958436586283,2.1465764238577747,1.8641973654987605,255009339684770.97,3.513453258982053e+17
microwave,N2 fraction,0.0,0.9816689369418568,4.719089717373899e+16,0.7869361718287455,0.039681738922809,0.9501153604451948,0.7529700612421121,5.8660669134114936e+16,2.454587482664729e+17,1.0485990823238032,2.1324999403906545e+18,0.4838519968940263,50.48445458518927,0.9541551834380072,2.756606659998356,6589748361335612.0,2928919402799778.0
dc,N2 fraction,0.0,2.8680403393208147,5.137090605506367e+16,0.5480762650736973,0.0165571483921667,2.949501734132305,0.5239163052245369,1.835584585896658e+16,6.27621526088883e+16,2.579273077765111,2.2734916985392108e+18,0.5180270462697081,56.67051970445755,3.3294670795780466,3.070413076187337,13765467229730.104,1.3514565392988104e+17
