sweep,x,n_spec,n_points,n_feat,Te_best,Te_lo,Te_med,Te_hi,x_best,x_lo,x_med,x_hi,Ne_best,Ne_lo,Ne_med,Ne_hi,corr_lnx_lnNe,edge_x,edge_Ne,chi2_min,dof,chi2_red,birge,s_best,s_lo,s_med,s_hi,s_sd_fit,s_rep_sd,response_slope_per_100nm,n_4s1,n_4s3,xsec,eedf,model_N2_percent,Te_lo_common_s,Te_med_common_s,Te_hi_common_s,Ne_lo_common_s,Ne_med_common_s,Ne_hi_common_s,edge_Ne_common_s,s_common_lo,s_common,s_common_hi,dchi2_common_s,n_conditions
N2 fraction,0.0,3,27,9,1.1624738720412433,0.7967486852950145,1.0800803819524016,1.1645774506540159,8.417295427076528,6.270118757233097,7.531962960801078,8.44555148823575,3.0000000000000025e+19,3.022386099492931e+18,8.244543431476256e+18,2.005001384249122e+19,0.12551860691769395,True,True,9.476689415245346,21,0.45127092453549267,1.0,-23.816279758087543,-23.644477342996066,-21.50202577135691,-16.910317799268498,0.08169315558148244,0.03407586737307892,0.7679381400204701,8547125294281535.0,1386276102643696.5,BSR,microwave,0.0,0.7023047864092191,0.7652673856664161,0.8911925841808104,2.555254922539304e+18,6.25119440042621e+18,1.7124864522856585e+19,True,-18.389364481902234,-16.77814844208927,-15.136738234372205,5.470560101308296,7
N2 fraction,0.5,3,27,9,0.4573133906776462,0.4332222358515548,0.5242125734436349,0.586745928792545,8.450730713146084,7.842029157953793,10.79160401214422,15.303945302240392,3.0000000000000025e+19,3.9800724171275075e+18,1.1696886775072164e+19,2.3045898609833513e+19,-0.35627916957145195,False,True,12.786741056962967,21,0.6088924312839508,1.0,-3.2683578023277575,-17.380657504644155,-10.266158566503261,0.2541457029263069,0.08169261591323411,0.0212796149450218,0.16963895015257843,683716298126.9463,92601401234.34337,BSR,microwave,0.5,0.5630553276247175,0.5808877933908575,0.5979599302280016,2.739307067400503e+18,8.441709213347805e+18,2.0677306897492947e+19,True,-18.389364481902234,-16.77814844208927,-15.136738234372205,5.470560101308296,7
N2 fraction,1.0,3,27,9,0.4572007081950688,0.4418373870061008,0.5220594936287158,0.5835024433919619,9.990805164831404,9.561217989753514,12.872856292298275,18.56676000621889,3.0000000000000025e+19,4.856231343480917e+18,1.2656218782565644e+19,2.3480484610472235e+19,-0.16185663881346962,False,True,20.518098466222792,21,0.977052307915371,1.0,-0.8995299147799615,-16.56280224073607,-8.337678025833377,1.4074148764096917,0.0816915311835094,0.021587493386979444,0.1922500248689064,214583951759.84174,29583419080.844383,BSR,microwave,1.0,0.5707688907006898,0.584780212375213,0.598542367169977,4.5223463083822577e+18,1.1376551152262408e+19,2.2558067788054475e+19,True,-18.389364481902234,-16.77814844208927,-15.136738234372205,5.470560101308296,7
N2 fraction,1.5,3,27,9,0.4784410979296319,0.44470482676820616,0.5292345785817335,0.5872863260195761,11.982946718292366,10.74292141555632,14.849045878979023,21.6377325378017,3.0000000000000025e+19,6.48530126252652e+18,1.487727095423447e+19,2.467732857773204e+19,-0.14194548647895633,False,True,10.949450265422144,21,0.5214023935915306,1.0,-2.2156436118136567,-16.809881057091836,-8.311035289106403,2.4299941951326227,0.08169502638111056,0.016672778251699497,0.15496833376626498,108764978988.3673,15267921209.768522,BSR,microwave,1.5,0.5754635461785936,0.5870076951697026,0.5981841110001768,6.286730817772774e+18,1.3962602033149403e+19,2.4037855252353073e+19,True,-18.389364481902234,-16.77814844208927,-15.136738234372205,5.470560101308296,7
N2 fraction,2.0,3,27,9,0.4927976543753737,0.45713957570833286,0.5362767721697792,0.5937898135383481,13.80318798581202,12.032001203149077,16.938150544230524,25.01491463200947,3.0000000000000025e+19,4.774252789606125e+18,1.181913092955681e+19,2.2796794308747895e+19,-0.07377657395037575,False,True,17.24213544904319,21,0.8210540690020567,1.0,-3.350080019361,-17.161380018287698,-8.537059704397677,2.4620988378666286,0.08169016660624676,0.014805523841338299,0.1951218048584031,130103491722.69807,18373266453.6492,BSR,microwave,2.0,0.5790213174929207,0.5911717332621804,0.601835614628975,5.003423812039746e+18,1.1176595671143598e+19,2.2045279452272198e+19,True,-18.389364481902234,-16.77814844208927,-15.136738234372205,5.470560101308296,7
N2 fraction,2.5,3,27,9,0.46805841246737045,0.44480434575896216,0.5213075761164524,0.5847940966003322,13.351283339486864,12.273117757787787,16.712406373272373,24.76469049522048,3.0000000000000025e+19,5.390335354077556e+18,1.2801393158399474e+19,2.339934962286257e+19,-0.04997567519461392,False,True,12.130694760480992,21,0.5776521314514758,1.0,0.9354646991136512,-15.494968928430563,-5.817712380871496,5.012936418055921,0.0816908613016472,0.024322603346121973,0.14367191610544328,16016529095.421164,2245295441.293679,BSR,microwave,2.5,0.5809515411164211,0.591825934415911,0.6017371317804873,6.133052760384927e+18,1.2984803580035856e+19,2.3250643796851524e+19,True,-18.389364481902234,-16.77814844208927,-15.136738234372205,5.470560101308296,7
N2 fraction,3.0,3,27,9,0.4921501322573988,0.4554104281602986,0.5350228689599758,0.5924780973433045,15.279193058541336,13.386303332146163,18.791172456373193,28.176735333896243,3.0000000000000025e+19,5.114467477993604e+18,1.212646887523682e+19,2.2939940599874097e+19,-0.03807143959228198,False,True,20.94854256570933,21,0.9975496459861587,1.0,-1.5061089222547785,-16.602049879021358,-7.141982575005501,4.384553017663651,0.0816963110325831,0.018747924948067752,0.14973955094592245,36419141143.04374,5198135479.177856,BSR,microwave,3.0,0.5830983095897171,0.593315808203049,0.6034625814275314,5.697037449701555e+18,1.2266832208667181e+19,2.2764857953257902e+19,True,-18.389364481902234,-16.77814844208927,-15.136738234372205,5.470560101308296,7
Power,35.0,2,18,9,0.5962406637280759,0.4784400445958685,0.559823388752588,0.6010406791295438,27.236195541006172,13.71855253434849,20.244409464938897,28.547506740055532,3.0000000000000025e+19,3.955290875421997e+18,1.142983948790827e+19,2.2872040116227453e+19,-0.10109032460148748,False,True,29.377433600113363,13,2.2598025846241048,1.503263977026026,-19.507072027310226,-19.20777968882726,-12.29369015394157,-0.7709689547600179,0.08332339016013114,0.4373536751173608,0.18692898441748707,891534577265.1582,129135100235.3495,BSR,microwave,2.4,0.559815890105582,0.5864951292534764,0.5999221059500291,3.9932668565954355e+18,1.0809444181749936e+19,2.226666365042869e+19,True,-18.869242693159357,-16.80275050048372,-12.400736232850843,0.702349473340563,5
Power,55.0,3,27,9,0.5982075623185656,0.49896418605464604,0.5657545135292826,0.603485466538461,27.766084713908484,14.78969130276782,21.18096553560026,29.239474995810692,4.770589620456834e+18,2.3906946896056264e+18,6.333028422145149e+18,1.787341125847046e+19,-0.04538464055626971,False,True,28.57341697157608,21,1.3606389034083848,1.166464274381511,-16.992275479606107,-18.528827052266372,-12.169766953661423,-2.099099914166533,0.08170842270578849,0.047314144228984036,-0.0820995970514724,2532612246681.3164,362714181804.00134,BSR,microwave,2.4,0.5662932562105224,0.592530292770236,0.6067597091976161,2.663583015527802e+18,6.343655784282706e+18,1.7216593404789629e+19,True,-18.869242693159357,-16.80275050048372,-12.400736232850843,0.702349473340563,5
Power,65.0,3,27,9,0.5982075623185656,0.5171333331705829,0.5740829006579512,0.6038026501599992,27.766084713908484,16.157224751646687,22.569649562430424,29.330470732285264,1.0801468727750795e+19,3.4687465811789814e+18,9.196977481484195e+18,2.0899032440059843e+19,-0.11208126550854883,False,True,16.240967695135623,21,0.7733794140540773,1.0,-18.03010076121618,-18.82685043826393,-13.864912193060333,-5.349319125457314,0.08170098160533594,0.021729859363551186,0.1677447547270432,10839626872614.793,1602078618843.7886,BSR,microwave,2.4,0.564818888021733,0.5914716833053512,0.6048826262550864,3.5349338818465377e+18,8.739122925200044e+18,2.0143700209947083e+19,True,-18.869242693159357,-16.80275050048372,-12.400736232850843,0.702349473340563,5
Power,75.0,3,27,9,0.5942737651375863,0.4921714964617403,0.5598576968803449,0.599974104094028,26.716418796213635,14.42623368833038,20.249706016664277,28.250778754517366,5.851938419467715e+18,2.9727109494558167e+18,7.387323861012503e+18,1.8632303351481766e+19,-0.0171347516364832,False,True,13.624961864721627,21,0.648807707843887,1.0,-16.339125061993517,-17.888476303868597,-11.016650955355365,-1.1920599419586169,0.08170184848285297,0.004557093021370922,-0.05986409175370022,1278247422586.94,183333114956.67374,BSR,microwave,2.4,0.5668117080572115,0.5930216993048376,0.6064812399671513,3.385535960866444e+18,7.612272074282159e+18,1.8324032526656969e+19,True,-18.869242693159357,-16.80275050048372,-12.400736232850843,0.702349473340563,5
Power,85.0,3,27,9,0.5137937271859593,0.47247116381326165,0.5467998417987614,0.5957087584359296,15.879499870833996,13.42185986621238,18.847643371159585,27.09464368740086,3.0000000000000025e+19,4.50119996256192e+18,1.0992874061242067e+19,2.2079202494879887e+19,-0.03948594751234191,False,True,18.33268399159533,21,0.8729849519807301,1.0,-5.72396363085047,-17.391620579125274,-9.517047534998206,1.009489366777256,0.08170774817656186,0.029276612506436286,0.22310612302066152,309583014033.68396,44464951244.300896,BSR,microwave,2.4,0.5652499902178614,0.5917907813532556,0.6047050811310358,4.904543750447517e+18,1.10467224425357e+19,2.1851208562431685e+19,True,-18.869242693159357,-16.80275050048372,-12.400736232850843,0.702349473340563,5
N2 fraction,0.0,3,27,9,2.8917839160925043,1.9538347291724028,2.4749547212594414,2.8954072691511743,3.6824139287517643,1.5480598443625955,2.6097267838460447,3.6931336263051735,6.7058145628766e+18,3.7092613807396593e+18,8.609038926458421e+18,1.9184276365616587e+19,-0.02226459340841408,False,True,9.952494579352788,21,0.4739283133025137,1.0,-23.866953266353892,-23.94385376771783,-18.385470011802806,0.7896146600794223,0.08169315558148244,0.0341082192581475,0.8149264821375775,3373400581912.985,456422965384.6685,BSR,dc,0.0,2.6807589533591227,2.7458801546525455,2.81882450896362,2.877103977140792e+18,6.902602185180996e+18,1.712943166018592e+19,True,-23.127288095077503,-22.43856112247814,-21.734263417234818,1.3921007281932618,7
N2 fraction,0.5,3,27,9,1.9511605449489013,1.5722871358353059,1.926879601035525,2.1542005387628587,4.044411617893224,3.32127715837686,3.991416301588606,4.530974035214116,3.633025735982027e+18,2.401210684099524e+18,5.833946906160472e+18,1.5339873376842619e+19,0.08294255298644336,True,False,11.641658717024256,21,0.5543647008106789,1.0,-22.71642189809191,-24.216652866266738,-22.658980670193596,-20.158867814103413,0.08169261591323411,0.021313225718969757,0.6992248110851458,2.6848675432751356e+16,4641250725719470.0,BSR,dc,0.5,1.761379854890356,1.8933221691666962,2.021354947493629,1.9703443068526833e+18,4.4065667146954194e+18,1.2157227229756109e+19,False,-23.127288095077503,-22.43856112247814,-21.734263417234818,1.3921007281932618,7
N2 fraction,1.0,3,27,9,1.5149121347182228,1.0790721202805063,1.4129359677573785,1.722876487429354,4.415830917739251,3.3184731208033567,4.183054823469365,4.931459730593263,3.1704191465426033e+18,2.057277536963845e+18,4.989481317186524e+18,1.4810873354876733e+19,0.06240131127871794,True,False,19.192329153916944,21,0.9139204359008068,1.0,-21.767664214658613,-23.572719616848598,-21.308353159806558,-17.221869702589515,0.0816915311835094,0.02158523229434452,0.6461740761045418,9185489490655234.0,1549708137079058.2,BSR,dc,1.0,1.4193111547740078,1.5511242790407456,1.6967804557029547,1.9666404868020475e+18,4.69257597771813e+18,1.3360822436636936e+19,False,-23.127288095077503,-22.43856112247814,-21.734263417234818,1.3921007281932618,7
N2 fraction,1.5,3,27,9,1.3367258951957,0.9132534946651264,1.1658795401816207,1.462463756114322,4.906829186475224,3.4145311329032277,4.37402009083103,5.267284570631158,3.1704191465426033e+18,2.0406138756745137e+18,4.762972752585439e+18,1.3892134455807492e+19,-0.06787383733047064,True,False,8.130636704197968,21,0.38717317639037946,1.0,-21.599237847451253,-22.9019634291487,-20.313892172692608,-15.409875197181742,0.08169502638111056,0.01665584388854219,0.5493916013704534,3699955169314820.5,612465566819836.8,BSR,dc,1.5,1.2619640751679353,1.3737107302373288,1.5192992105830352,1.96234160967141e+18,4.863389499182875e+18,1.4031665007400755e+19,False,-23.127288095077503,-22.43856112247814,-21.734263417234818,1.3921007281932618,7
N2 fraction,2.0,3,27,9,1.3229629147494573,0.8251308025924218,1.0785285998800616,1.4056207676127561,5.647448490269044,3.4269191279744833,4.778035668132268,5.943550469822992,2.766717963270086e+18,2.1265909966784545e+18,4.883566773118913e+18,1.4272214490906466e+19,-0.025146097701987353,True,False,14.602624400882632,21,0.6953630667086967,1.0,-22.00403859020891,-23.23469306756164,-20.254909282741558,-13.218670014803863,0.08169016660624676,0.014822545190232291,0.5549111706683032,2107460391652952.8,351335987263205.75,BSR,dc,2.0,1.173147132933222,1.3031005750391684,1.4421545515110894,1.7852195944702587e+18,4.2381311977801313e+18,1.2339157192480289e+19,False,-23.127288095077503,-22.43856112247814,-21.734263417234818,1.3921007281932618,7
N2 fraction,2.5,3,27,9,1.1612805779215283,0.7793325496629919,0.912212850610609,1.2045717982303283,5.747562410340569,3.4165976923790544,4.535481388646896,5.943943454416689,3.633025735982027e+18,2.342817476703128e+18,5.179344871459593e+18,1.4281723688151712e+19,-0.047230825066056865,True,False,11.401989267036697,21,0.5429518698588903,1.0,-21.428276106353366,-22.267527571704733,-17.98007726485707,-11.188225703687104,0.0816908613016472,0.0243081796738409,0.5175349185257725,449812031810616.3,72409269617780.11,BSR,dc,2.5,1.1000811965721875,1.1976348624398014,1.3307119492823392,2.2803066600602598e+18,5.71171496123183e+18,1.5589376808097038e+19,False,-23.127288095077503,-22.43856112247814,-21.734263417234818,1.3921007281932618,7
N2 fraction,3.0,3,27,9,1.140627365162262,0.7571265783103952,0.8690374404654988,1.1732613115172623,6.275390882800071,3.4640241110441345,4.750750262012581,6.415278938031415,3.633025735982027e+18,2.4048603905714043e+18,5.371981234094893e+18,1.4847696523930814e+19,-0.033303407099734644,True,False,19.515383604386443,21,0.9293039811612592,1.0,-21.65247502952307,-22.37652986336597,-17.555220058102577,-9.72645844096848,0.0816963110325831,0.018752319581281904,0.49007847623392453,255009339684770.97,41102788391160.484,BSR,dc,3.0,1.0537458647785571,1.1578237441344077,1.2845855268688289,2.207482631304246e+18,5.654735738878429e+18,1.5566972156558782e+19,False,-23.127288095077503,-22.43856112247814,-21.734263417234818,1.3921007281932618,7
Power,35.0,2,18,9,1.0985672473294885,0.8020171478656403,0.9589263132941914,1.217988391903143,5.357448765561004,3.6027139753814788,4.709098411874003,5.851408075778954,3.393849488890067e+18,1.7534713250813934e+18,5.360240971038744e+18,1.6876590890264416e+19,-0.10059652604408344,False,True,24.37296163758583,13,1.8748432028912179,1.3692491383569383,-21.505409499906303,-23.15879556529417,-19.763323292942886,-13.583123006767538,0.08332339016013114,0.4373349340876852,0.3862456738776461,810854202716717.0,130061224433316.78,BSR,dc,2.4,0.941494993554721,1.0890134202420099,1.2483581833169108,1.7539027218943537e+18,5.274118572163306e+18,1.6483397823189041e+19,True,-23.218045932692725,-22.214929549336365,-19.790042694480576,1.8586293705116077,5
Power,55.0,3,27,9,0.747278756948754,0.7753362954407802,0.879318407885091,1.2032951270583416,3.0000000000000004,3.295151224774392,4.24644502550582,5.788256453767493,4.4565231082007117e+18,2.5957485497841976e+18,6.168375786093425e+18,1.6500331138560184e+19,0.04645000870297195,True,True,27.36331926699677,21,1.3030152031903224,1.1414969133512023,-7.5336567593651305,-22.843659609648537,-17.610062696257202,-10.973528012098244,0.08170842270578849,0.04734695369147427,0.16468905595288336,248860152522745.47,40264017324647.77,BSR,dc,2.4,0.9529311552764616,1.1225088130656844,1.2663914729577626,2.58011591965732e+18,6.466581189886652e+18,1.7056996495547554e+19,True,-23.218045932692725,-22.214929549336365,-19.790042694480576,1.8586293705116077,5
Power,65.0,3,27,9,0.8103258047182917,0.778473715554237,0.8928357248206201,1.1863694534218434,3.704232711728016,3.329910121501699,4.321669473375133,5.716354244328821,7.178396380689564e+18,3.6918552848842296e+18,8.447610396956741e+18,1.9381083724718195e+19,0.02111192060922965,True,True,15.112872003528537,21,0.719660571596597,1.0,-14.349583683907772,-22.866217453837553,-18.26658229607402,-11.754762601511002,0.08170098160533594,0.02172426584630892,0.40018818373075327,333558143795746.1,55874072373196.67,BSR,dc,2.4,0.9464889848767046,1.1082574409809731,1.233618847527865,3.6517629016637276e+18,8.638178350236538e+18,1.9657208056041705e+19,True,-23.218045932692725,-22.214929549336365,-19.790042694480576,1.8586293705116077,5
Power,75.0,3,27,9,0.7525326775962156,0.7718765107554525,0.8708555398651341,1.2384103789027832,3.0531818503049815,3.25724142174489,4.200016763638353,5.940327676156898,4.4565231082007117e+18,2.953018378095358e+18,6.502023694568045e+18,1.6360903627997102e+19,0.0622555080975584,True,True,12.69617035053443,21,0.6045795405016395,1.0,-7.846967713917247,-22.979036207752976,-17.251951592918893,-10.57203495153834,0.08170184848285297,0.00457542308402423,0.14310543220279953,252884273859467.66,41574243147546.016,BSR,dc,2.4,0.9616522684786432,1.1483664577318764,1.2934527017096447,2.827887723208735e+18,6.564634463756581e+18,1.6525288321224348e+19,True,-23.218045932692725,-22.214929549336365,-19.790042694480576,1.8586293705116077,5
Power,85.0,3,27,9,0.7840562014809844,0.7793366798678034,0.9158714528167485,1.2500947440332508,3.3926665431209204,3.3395348750539027,4.452947522386965,5.986248994512499,5.106789480106402e+18,2.952210672492781e+18,6.737102910922511e+18,1.7063766093262733e+19,0.00875183678362987,True,True,17.495618073090554,21,0.8331246701471693,1.0,-11.152265558184736,-22.915593661893087,-18.302814119163596,-11.271546375222789,0.08170774817656186,0.029271489772388182,0.26734024731819106,466643192300968.94,77689391717580.06,BSR,dc,2.4,0.9693729427738751,1.1626995859359073,1.3055078654864898,2.801007835476879e+18,6.738065818985818e+18,1.7059549974986965e+19,True,-23.218045932692725,-22.214929549336365,-19.790042694480576,1.8586293705116077,5
N2 fraction,0.0,3,27,9,1.1666810292667886,1.0171177826952047,1.1645774506540159,1.1729917651051063,8.759295867735766,7.628924056829847,8.592416613060243,9.436565456756547,3.0000000000000025e+19,7.305267506625394e+18,1.696118126780865e+19,2.560672147791185e+19,-0.2700580291293829,True,True,9.87386137896101,21,0.47018387518861954,1.0,-24.530872455828746,-24.9241861937935,-24.380264031166078,-20.62029589694058,0.08169315558148244,0.03406511094992431,0.7329257958438704,4.184452339317711e+16,5285031498495835.0,RDW,microwave,0.0,0.8911925841808104,1.0800803819524016,1.1645774506540159,482273544492313.1,872098917072120.9,8.177671102734384e+16,False,-17.37713173589671,-8.390335425512916,-5.0604206980390956,8.039301617598529,7
N2 fraction,0.5,3,27,9,0.43733253771479674,0.3866074449087333,0.4630728733332695,0.5484649512265821,7.925103597632294,6.958675391983662,8.61587056863134,12.073327954085395,3.0000000000000025e+19,1.5624946390422841e+19,2.242697436413432e+19,2.7683787800823935e+19,0.06464038254011971,False,True,14.11468320838219,21,0.6721277718277233,1.0,-2.593531862168669,-16.130987337847113,-6.03102862349709,3.4493603762779665,0.08169261591323411,0.02127636791489865,0.1416968175940814,4473267232.690296,589202700.7503158,RDW,microwave,0.5,0.4539271102150397,0.4813923647544777,0.558040348950623,1.5908223811515746e+19,2.2635936695837553e+19,2.775910398720549e+19,True,-17.37713173589671,-8.390335425512916,-5.0604206980390956,8.039301617598529,7
N2 fraction,1.0,3,27,9,0.44307685523879675,0.411546816481712,0.47861432881123916,0.5583646736681636,9.595179984470915,8.767594443064388,10.797214950585541,15.534613082882084,3.0000000000000025e+19,1.5319517733403083e+19,2.220739765878826e+19,2.7605904736399217e+19,0.06819338204445456,True,True,21.579135852064905,21,1.0275778977173764,1.0136951700177803,-1.2379164581237232,-16.000135754700437,-5.81734882782528,2.3978242884332612,0.0816915311835094,0.021584325265591703,0.1784971028993559,5889682329.457265,792974754.2197986,RDW,microwave,1.0,0.4717186274146889,0.499103600285047,0.5673740433965168,1.5640618745647745e+19,2.245293739015854e+19,2.7695866784222425e+19,True,-17.37713173589671,-8.390335425512916,-5.0604206980390956,8.039301617598529,7
N2 fraction,1.5,3,27,9,0.46596286660639624,0.41350318721033463,0.4885791106369735,0.5647830961489058,11.508434866798915,9.758721417294693,12.502623210961131,18.397009260878896,3.0000000000000025e+19,1.6354487026922842e+19,2.2992947663530086e+19,2.790000628871641e+19,0.060025705764970946,False,True,12.320327800552093,21,0.5866822762167663,1.0,-2.701565326723371,-16.362227352252614,-5.911220643702026,4.127909856348324,0.08169502638111056,0.016669055309308595,0.143880200358148,2790376920.086007,378623459.0778648,RDW,microwave,1.5,0.48281405078339457,0.5069035419245711,0.5727938748005957,1.658277116860359e+19,2.3151441707620258e+19,2.7961819941413618e+19,True,-17.37713173589671,-8.390335425512916,-5.0604206980390956,8.039301617598529,7
N2 fraction,2.0,3,27,9,0.47186217382538476,0.4188371114984458,0.5013578292273513,0.5808501639217953,12.731649510874993,10.701255112748811,14.266881756787239,22.504341010958743,3.0000000000000025e+19,1.5486276024803725e+19,2.2334918265433453e+19,2.7652439467117466e+19,0.07969383558191101,False,True,19.155030166871768,21,0.9121442936605604,1.0,-2.4425051214505102,-18.111980937346843,-6.5894941765614785,4.478839276730004,0.08169016660624676,0.014800008118273056,0.17147138755091346,4047692501.1137,556661073.0120302,RDW,microwave,2.0,0.48919203896419244,0.5154161702400681,0.5761634791380398,1.5820630090421807e+19,2.2575859747658134e+19,2.7737985535284396e+19,True,-17.37713173589671,-8.390335425512916,-5.0604206980390956,8.039301617598529,7
N2 fraction,2.5,3,27,9,0.4574155494226225,0.41864068935989424,0.4891508890476937,0.5653373621232,12.846552938231323,11.320486299239406,14.41092712459809,21.396513695542346,3.0000000000000025e+19,1.5410386493281694e+19,2.2275437563596153e+19,2.7630325274261987e+19,0.07951388359547358,True,True,13.777793791940994,21,0.6560854186638568,1.0,0.4838417530839811,-15.294725002939476,-3.9164560956751617,5.705679020053673,0.0816908613016472,0.024339626446198612,0.13358343038332515,644902137.2204616,88410317.57015292,RDW,microwave,2.5,0.49699677563604916,0.5183341679483006,0.578499958040252,1.588274141355295e+19,2.2634266407595258e+19,2.77613450752842e+19,True,-17.37713173589671,-8.390335425512916,-5.0604206980390956,8.039301617598529,7
N2 fraction,3.0,3,27,9,0.4769439602387489,0.42774870772694373,0.5067002687471668,0.5836766690048565,14.421014578959353,12.16531351380241,16.390600257251844,25.96829744855369,3.0000000000000025e+19,1.4750994643585528e+19,2.1799181307337245e+19,2.745115392326199e+19,0.07231814684786134,False,True,22.807980330507306,21,1.086094301452729,1.042158481927163,-1.3632382183602665,-17.885955604284902,-6.037483381061333,5.489261971834099,0.0816963110325831,0.018742730109860026,0.13469002698230698,2216307165.7079372,309567148.3614106,RDW,microwave,3.0,0.5005303785177018,0.5222413230078331,0.5811480323638161,1.5144702527748434e+19,2.20672328088488e+19,2.7552074361159836e+19,True,-17.37713173589671,-8.390335425512916,-5.0604206980390956,8.039301617598529,7
Power,35.0,2,18,9,0.5249278680808425,0.45607143061725847,0.5440017531367769,0.5996711118609435,16.824471182045162,12.63930500313957,18.575824134171313,28.167048318830414,3.0000000000000025e+19,1.2219575914926182e+19,2.00688619720987e+19,2.6832511724484125e+19,-0.10123354573726359,False,True,32.403028652463945,13,2.4925406655741495,1.578778219248717,-10.46220299851591,-21.867477930721318,-13.133182900622845,-0.6510699830511107,0.08332339016013114,0.43736182581056493,0.11185469771274748,208757970491.48776,29945255887.541084,RDW,microwave,2.4,0.534291575887795,0.5842127390270198,0.6032500359726439,1.2516028428841216e+19,2.027340395342641e+19,2.690998530662305e+19,True,-22.430591668239344,-19.302102077436356,-11.845028630519575,0.40561208063149934,5
Power,55.0,3,27,9,0.5397733892740203,0.4672156316406612,0.551278037058776,0.6028189503706541,18.17248110389362,13.16594206902708,19.290977099628375,29.049179287812592,3.0000000000000025e+19,1.2836240649046393e+19,2.032808960243959e+19,2.6887836452036923e+19,0.04509881615147649,False,True,33.12135704067987,21,1.5772074781276129,1.255869212190351,-12.034589302704697,-21.768928047362692,-13.53613938019243,-1.722887616697976,0.08170842270578849,0.047360323198904916,0.245301431153653,498551596527.2072,72084002204.22707,RDW,microwave,2.4,0.5383314674450044,0.5879235979935094,0.6068809938103727,1.3191544919440136e+19,2.0612417035997204e+19,2.7002058823922225e+19,True,-22.430591668239344,-19.302102077436356,-11.845028630519575,0.40561208063149934,5
Power,65.0,3,27,9,0.6001744609090554,0.494143103058983,0.5622497416949868,0.6024654018183041,28.306283055546803,14.530798894361794,20.622431345396155,28.948741561484685,3.0000000000000025e+19,1.4958679905688072e+19,2.1920983132486574e+19,2.7492313555107377e+19,0.05852062548844181,False,True,19.122747379806242,21,0.9106070180860115,1.0,-21.369236784089342,-21.68390908933089,-15.169273977783579,-5.302268572200112,0.08170098160533594,0.021734028184909757,0.3426240947313848,2397801272908.427,351848747263.4876,RDW,microwave,2.4,0.5385441911315259,0.5881237331370037,0.607016614769928,1.5268528040503394e+19,2.2144755055023362e+19,2.757716082132713e+19,True,-22.430591668239344,-19.302102077436356,-11.845028630519575,0.40561208063149934,5
Power,75.0,3,27,9,0.521216487782548,0.4629270604987524,0.5398848217877934,0.59837742222063,16.50339223947797,12.960730163880733,18.18299743159788,27.81232629913781,3.0000000000000025e+19,1.4321121291242916e+19,2.139282052988719e+19,2.727282183787533e+19,0.08125444491861789,False,True,16.90787897613336,21,0.8051370941015886,1.0,-9.037133315493646,-20.834148785970008,-11.767432902025067,-0.8920734621292675,0.08170184848285297,0.004589845422964111,0.1953643683448898,207578449077.39053,29842541501.30878,RDW,microwave,2.4,0.5399378239364291,0.5891922601982365,0.6082261032592488,1.4888255416833702e+19,2.1838521377045783e+19,2.7453226740361863e+19,True,-22.430591668239344,-19.302102077436356,-11.845028630519575,0.40561208063149934,5
Power,85.0,3,27,9,0.49733292383451844,0.446479833886236,0.521566018860726,0.589974957107758,14.701580176902429,12.20293809026956,16.533367671728,25.6146777563182,3.0000000000000025e+19,1.4754988730403846e+19,2.175594672667508e+19,2.742473256117123e+19,0.08357459779414297,False,True,20.34128501006421,21,0.9686326195268672,1.0,-5.203664678208234,-19.308375255623837,-8.950380136722167,1.6257299287829128,0.08170774817656186,0.02927970410732507,0.20462854698832933,29092063599.598274,4114680081.628236,RDW,microwave,2.4,0.5407878876226855,0.5898684148747375,0.608968161147831,1.551295059319059e+19,2.234445789745752e+19,2.7653388909506703e+19,True,-22.430591668239344,-19.302102077436356,-11.845028630519575,0.40561208063149934,5
N2 fraction,0.0,3,27,9,2.9687410068122384,2.4967622690546283,2.824780587165643,2.9757420442807296,3.916925615386928,2.659270496438711,3.489673743648691,3.9389871556293077,6.535677320970409e+16,2.8340326723093124e+16,1.1390965120714718e+17,1.529762811563232e+19,-0.3389471158909031,False,True,11.46322177957336,21,0.5458677037892076,1.0,-19.585419414740354,-23.55777635446605,-19.494171526861347,-14.050547117281953,0.08169315558148244,0.034059227333363515,0.48262778669625916,3890366143231423.0,496804264410954.06,RDW,dc,0.0,2.800054119579658,2.951124694172933,3.0433014468478663,5.370932477579139e+16,8.415696415795917e+16,2.1426295611722678e+17,False,-20.448781890416896,-20.089539926587616,-19.704626498409123,1.78246042101091,7
N2 fraction,0.5,3,27,9,2.5646018990473136,2.022367667212133,2.433174468331523,2.618377078255664,5.8494510782489915,4.208795313575838,5.356709705376104,6.0763373242042436,3.7903859448581736e+16,4805756310246580.0,2.6942132325557796e+16,6.5934712990462536e+16,0.07894053993598957,False,False,12.810746192044462,21,0.6100355329544982,1.0,-19.88579955790568,-20.934841797365706,-19.188818659521186,-13.647276821334831,0.08169261591323411,0.02130091271770799,0.4574361844011354,3.935595135792265e+16,4290851647371517.5,RDW,dc,0.5,2.4340320366665305,2.564032735336897,2.679321801373843,2.8124197713271468e+16,3.860115630091897e+16,5.5765049480413976e+16,False,-20.448781890416896,-20.089539926587616,-19.704626498409123,1.78246042101091,7
N2 fraction,1.0,3,27,9,2.427418471817638,1.6416305840457037,2.241554839414526,2.465206151204511,7.350612661959176,4.723214357825671,6.544753052524874,7.54340384042261,3.0899805414750924e+16,2250103540151442.8,2.0866008926374216e+16,7.265288323576557e+16,-0.022376750023148533,False,False,21.82992171161459,21,1.0395200815054566,1.0195685761661433,-19.80617670431062,-21.012260126646932,-18.907776170317455,-12.23900390864974,0.0816915311835094,0.021582789490013576,0.45242041500139174,2.522080033406939e+16,3067370666993075.0,RDW,dc,1.0,2.262617705949312,2.4137151621450434,2.551066940885904,2.4391662421665856e+16,3.3773866155358996e+16,4.875300879173013e+16,False,-20.448781890416896,-20.089539926587616,-19.704626498409123,1.78246042101091,7
N2 fraction,1.5,3,27,9,2.3605891900090485,1.5538827656699297,2.2312860140342847,2.4169594700583326,8.6100623077117,5.530090251397156,7.982135484763086,8.93756156333667,2.6965219029720572e+16,1.3030182232412064e+16,2.7132168196816508e+16,1.878127090453994e+19,-0.7666800130695871,False,True,11.958348613778071,21,0.56944517208467,1.0,-19.773703564837945,-23.947864342486547,-19.73612866871925,-18.043169547937914,0.08169502638111056,0.016673663838337967,0.36527599963226254,7.51207022574542e+16,1.0133051601362014e+16,RDW,dc,1.5,2.1966208826277365,2.3525509770070103,2.4809082640818314,2.1705111155143612e+16,2.9474108927172536e+16,4.17184783091141e+16,False,-20.448781890416896,-20.089539926587616,-19.704626498409123,1.78246042101091,7
N2 fraction,2.0,3,27,9,2.346260639543024,1.385704085512022,2.171926545631121,2.4015245241476637,9.90963441622024,5.870813921330681,8.95696031301905,10.268090771872131,2.6965219029720572e+16,2.0401519514958984e+16,4.057175450455088e+16,2.1177314191533113e+19,-0.8470545073700166,False,True,18.570450622999488,21,0.8843071725237851,1.0,-20.037587754564473,-25.17630084166717,-20.634122510220855,-19.31888494401997,0.08169016660624676,0.01482946772318867,0.35609894200943537,9.22136917089233e+16,1.3644026837176308e+16,RDW,dc,2.0,2.1633018910201804,2.3221051703251425,2.4491478412253525,2.0058438238185144e+16,2.6665754338911776e+16,3.830201253090711e+16,False,-20.448781890416896,-20.089539926587616,-19.704626498409123,1.78246042101091,7
N2 fraction,2.5,3,27,9,2.2309847437755628,0.9265739468335873,1.433394529398647,2.210938597430488,10.446044819458182,4.627757418194642,6.805169859473487,10.321434410806031,3.3077420986438564e+16,2.9812380825402644e+16,1.6020019115017603e+19,2.5997244065696166e+19,-0.8038700779369826,False,True,16.913091566369985,21,0.805385312684285,1.0,-20.276410508055935,-25.12758551433382,-21.39478892662979,-19.096021225450908,0.0816908613016472,0.024214010989604202,0.2927253647579655,1.815857418744543e+16,2782665154374850.0,RDW,dc,2.5,1.8909587378276895,2.176511295439801,2.3153439622236225,2.310215803673e+16,3.157516192174663e+16,5.970771351970831e+16,True,-20.448781890416896,-20.089539926587616,-19.704626498409123,1.78246042101091,7
N2 fraction,3.0,3,27,9,1.3921312275129236,0.8474491670283693,1.3112509208466172,2.0675797724871465,7.350612661959176,4.546469700524574,7.031133483111044,10.539483888216473,3.0000000000000025e+19,4.511329349217643e+16,1.7408458301002115e+19,2.603321553817108e+19,-0.7049344648257557,False,True,24.87838618436217,21,1.1846850563981985,1.0884323848536475,-25.18617865761695,-25.539631241409012,-23.119772963341962,-18.937214943229762,0.0816963110325831,0.018744041341428073,0.6615429907632147,1.1114571586830284e+16,1745889074855661.0,RDW,dc,3.0,0.8673621881480805,2.1091456946368505,2.288129718204008,2.2353894315968436e+16,3.2488879979164344e+16,1.965172851417727e+19,True,-20.448781890416896,-20.089539926587616,-19.704626498409123,1.78246042101091,7
Power,35.0,2,18,9,2.297631874449453,0.9714071474661873,1.8032951478321488,2.309316091810606,10.631224816747363,4.786070131151276,8.09405171536873,10.707305026627495,1.6740663979898466e+16,1.1407296215264204e+16,4.393291433470235e+16,2.2649125759996174e+19,-0.7599366030386919,False,True,29.102404187244247,13,2.238646475941865,1.4962107057302676,-20.204389007444632,-25.492731168412874,-20.872742688445385,-18.228779122764468,0.08332339016013114,0.4373162952970118,0.23151292859658512,1.912752391284289e+16,2833505914573306.5,RDW,dc,2.4,1.923547982771275,2.2293006033650684,2.413248116197248,1.290904798665527e+16,1.9581525691140084e+16,3.830797211153349e+16,False,-20.788090853688864,-20.382471878337967,-19.952128545951226,0.021211178071098402,5
Power,55.0,3,27,9,2.3264245137489366,1.2956175306634292,2.207392714007922,2.4208664174508505,10.819687552334985,6.150455459677837,10.06301624544415,11.461628053313293,2.3531638065710804e+16,1.4362595575242392e+16,2.682668496508586e+16,1.7178393854934012e+19,-0.8545105712356862,False,True,28.28353887909543,21,1.34683518471883,1.160532285082509,-20.39658067275587,-23.688713976831824,-20.514091821178198,-19.11263398440536,0.08170842270578849,0.047325877969757284,0.3379596414272279,7.102700519522121e+16,1.0429069272425166e+16,RDW,dc,2.4,2.1259438835924107,2.3070399416112095,2.4643980519050883,1.5826654056518106e+16,2.247411472611875e+16,3.3413578641562852e+16,False,-20.788090853688864,-20.382471878337967,-19.952128545951226,0.021211178071098402,5
Power,65.0,3,27,9,2.2688392351499704,1.177133773531932,2.1558952585445796,2.3604326301978245,10.446044819458182,5.677497380227887,9.77789331894641,11.04659638031516,2.5189993540491468e+16,1.5622315000800102e+16,2.9258652920452076e+16,2.045479407038179e+19,-0.8808213261233864,False,True,15.453574330196716,21,0.7358844919141293,1.0,-20.218606287935284,-24.17135046888583,-20.3776524020428,-19.035485944508547,0.08170098160533594,0.02171297409340818,0.364267216754516,5.337086827711395e+16,7816865203494065.0,RDW,dc,2.4,2.101762834056773,2.272322007372077,2.4173464511567104,1.7889148618190362e+16,2.5103761889267844e+16,3.668845076471009e+16,False,-20.788090853688864,-20.382471878337967,-19.952128545951226,0.021211178071098402,5
Power,75.0,3,27,9,2.297631874449453,1.2486412429548073,2.1703803477136248,2.3758814038393083,10.631224816747363,5.98074721931755,9.854962351898562,11.151239541234894,3.0899805414750924e+16,1.982379513075479e+16,3.5366218930172548e+16,1.980385258500272e+19,-0.8672432951158764,False,True,14.320848591520189,21,0.6819451710247709,1.0,-20.566523803631352,-24.62560088485363,-20.668908583870103,-19.426464706962385,0.08170184848285297,0.004526415710185011,0.2888203998183756,7.1514621730754856e+16,1.062395232522383e+16,RDW,dc,2.4,2.1134170102402603,2.2737760006881316,2.4158120585433775,1.9955762447614696e+16,2.7558487303111524e+16,3.904422587286878e+16,False,-20.788090853688864,-20.382471878337967,-19.952128545951226,0.021211178071098402,5
Power,85.0,3,27,9,2.2688392351499704,1.020676863617539,1.6816482969940014,2.298695255713324,10.446044819458182,5.057204480104502,7.598350369106678,10.638126462322573,3.0899805414750924e+16,2.447719973301263e+16,9.68636425922916e+18,2.4353106864315863e+19,-0.8334896050515587,False,True,20.44844763076253,21,0.9737356014648824,1.0,-20.315768609565644,-25.183939086260768,-21.00596536664137,-19.30831351562094,0.08170774817656186,0.029280525553800073,0.32496783689523157,3.4235376720114224e+16,5198243117202264.0,RDW,dc,2.4,2.0563863262574613,2.2455176576298794,2.384251896191668,2.263220071991689e+16,3.105452550089775e+16,4.735681914243732e+16,False,-20.788090853688864,-20.382471878337967,-19.952128545951226,0.021211178071098402,5
