obs_wl_air(nm),ritz_wl_air(nm),intens,Aki(s^-1),Acc,Ei(eV),Ek(eV),conf_i,term_i,J_i,conf_k,term_k,J_k,g_i,g_k,Type,tp_ref,line_ref,
"=""""","=""346.64971""","=""""","=""6.5e-03""",D,"=""0.0000000""","=""3.5756182""","=""2s2.2p3""","=""4S*""","=""3/2""","=""2s2.2p3""","=""2P*""","=""3/2""",4,4,M1,"=""T7370""","=""""",
"=""""","=""346.65435""","=""""","=""2.6e-03""",D,"=""0.0000000""","=""3.5755704""","=""2s2.2p3""","=""4S*""","=""3/2""","=""2s2.2p3""","=""2P*""","=""1/2""",4,2,M1,"=""T7370""","=""""",
"=""""","=""381.82679""","=""""","=""8.95e+05""",C+,"=""10.6796703""","=""13.9258810""","=""2s2.2p2.(3P).3s""","=""2P""","=""1/2""","=""2s2.2p2.(1D).3p""","=""2P*""","=""3/2""",2,4,,"=""T5714""","=""""",
"=""""","=""382.20339""","=""""","=""3.70e+06""",C+,"=""10.6796703""","=""13.9226824""","=""2s2.2p2.(3P).3s""","=""2P""","=""1/2""","=""2s2.2p2.(1D).3p""","=""2P*""","=""1/2""",2,2,,"=""T5714""","=""""",
"=""""","=""383.04343""","=""""","=""4.67e+06""",C+,"=""10.6899808""","=""13.9258810""","=""2s2.2p2.(3P).3s""","=""2P""","=""3/2""","=""2s2.2p2.(1D).3p""","=""2P*""","=""3/2""",4,4,,"=""T5714""","=""""",
"=""""","=""383.42244""","=""""","=""1.89e+06""",C+,"=""10.6899808""","=""13.9226824""","=""2s2.2p2.(3P).3s""","=""2P""","=""3/2""","=""2s2.2p2.(1D).3p""","=""2P*""","=""1/2""",4,2,,"=""T5714""","=""""",
"=""""","=""388.75717""","=""""","=""2.09e+06""",C,"=""10.6796703""","=""13.8680121""","=""2s2.2p2.(3P).3s""","=""2P""","=""1/2""","=""2s2.2p2.(3P).5p""","=""2D*""","=""3/2""",2,4,,"=""u18,LS""","=""""",
"=""""","=""389.22051""","=""""","=""2.50e+06""",C,"=""10.6899808""","=""13.8745272""","=""2s2.2p2.(3P).3s""","=""2P""","=""3/2""","=""2s2.2p2.(3P).5p""","=""2D*""","=""5/2""",4,6,,"=""u18,LS""","=""""",
"=""""","=""390.01845""","=""""","=""4.14e+05""",C,"=""10.6899808""","=""13.8680121""","=""2s2.2p2.(3P).3s""","=""2P""","=""3/2""","=""2s2.2p2.(3P).5p""","=""2D*""","=""3/2""",4,4,,"=""u18,LS""","=""""",
"=""""","=""401.11348""","=""""","=""5.75e+05""",C,"=""10.6796703""","=""13.7697973""","=""2s2.2p2.(3P).3s""","=""2P""","=""1/2""","=""2s2.2p2.(3P).5p""","=""2S*""","=""1/2""",2,2,,"=""u18,LS""","=""""",
"=""""","=""402.45635""","=""""","=""1.14e+06""",C,"=""10.6899808""","=""13.7697973""","=""2s2.2p2.(3P).3s""","=""2P""","=""3/2""","=""2s2.2p2.(3P).5p""","=""2S*""","=""1/2""",4,2,,"=""u18,LS""","=""""",
"=""""","=""409.505""","=""""","=""8.05e+04""",C+,"=""12.0001429""","=""15.02695""","=""2s2.2p2.(3P).3p""","=""2D*""","=""3/2""","=""2s.2p4""","=""2D""","=""5/2""",4,6,,"=""T5714""","=""""",
"=""409.994""","=""409.99432""","=""140""","=""3.48e+06""",C+,"=""10.6796703""","=""13.7028638""","=""2s2.2p2.(3P).3s""","=""2P""","=""1/2""","=""2s2.2p2.(1D).3p""","=""2D*""","=""3/2""",2,4,,"=""T6340""","=""L3513""",
"=""""","=""410.790""","=""""","=""1.23e+06""",C+,"=""12.0096116""","=""15.02695""","=""2s2.2p2.(3P).3p""","=""2D*""","=""5/2""","=""2s.2p4""","=""2D""","=""5/2""",6,6,,"=""T5714""","=""""",
"=""410.995""","=""410.99487""","=""185""","=""3.90e+06""",C+,"=""10.6899808""","=""13.7058146""","=""2s2.2p2.(3P).3s""","=""2P""","=""3/2""","=""2s2.2p2.(1D).3p""","=""2D*""","=""5/2""",4,6,,"=""T6340""","=""L3513""",
"=""""","=""411.39741""","=""""","=""6.62e+05""",C+,"=""10.6899808""","=""13.7028638""","=""2s2.2p2.(3P).3s""","=""2P""","=""3/2""","=""2s2.2p2.(1D).3p""","=""2D*""","=""3/2""",4,4,,"=""T6340""","=""""",
"=""""","=""413.76400""","=""""","=""2.80e+05""",C+,"=""10.3259087""","=""13.3215593""","=""2s2.2p2.(3P).3s""","=""4P""","=""1/2""","=""2s2.2p2.(3P).4p""","=""4S*""","=""3/2""",2,4,,"=""T5475""","=""""",
"=""""","=""414.34296""","=""""","=""6.09e+05""",C+,"=""10.3300944""","=""13.3215593""","=""2s2.2p2.(3P).3s""","=""4P""","=""3/2""","=""2s2.2p2.(3P).4p""","=""4S*""","=""3/2""",4,4,,"=""T5475""","=""""",
"=""""","=""415.14805""","=""""","=""1.01e+06""",C+,"=""10.3358956""","=""13.3215593""","=""2s2.2p2.(3P).3s""","=""4P""","=""5/2""","=""2s2.2p2.(3P).4p""","=""4S*""","=""3/2""",6,4,,"=""T5475""","=""""",
"=""""","=""424.987""","=""""","=""2.59e+06""",C,"=""12.0001429""","=""14.91669""","=""2s2.2p2.(3P).3p""","=""2D*""","=""3/2""","=""2s2.2p2.(1D).3d""","=""2P""","=""1/2""",4,2,,"=""T5714""","=""""",
"=""""","=""425.016""","=""""","=""2.24e+05""",C,"=""12.0001429""","=""14.91649""","=""2s2.2p2.(3P).3p""","=""2D*""","=""3/2""","=""2s2.2p2.(1D).3d""","=""2P""","=""3/2""",4,4,,"=""T5714""","=""""",
"=""""","=""426.400""","=""""","=""2.26e+06""",C,"=""12.0096116""","=""14.91649""","=""2s2.2p2.(3P).3p""","=""2D*""","=""5/2""","=""2s2.2p2.(1D).3d""","=""2P""","=""3/2""",6,4,,"=""T5714""","=""""",
"=""""","=""427.328""","=""""","=""8.28e+05""",C+,"=""12.1263787""","=""15.02695""","=""2s2.2p2.(3P).3p""","=""2P*""","=""3/2""","=""2s.2p4""","=""2D""","=""5/2""",4,6,,"=""T5714""","=""""",
"=""""","=""427.813""","=""""","=""5.01e+06""",C+,"=""12.0001429""","=""14.89742""","=""2s2.2p2.(3P).3p""","=""2D*""","=""3/2""","=""2s2.2p2.(1D).3d""","=""2D""","=""3/2""",4,4,,"=""T5714""","=""""",
"=""""","=""427.917""","=""""","=""3.61e+05""",C+,"=""12.0001429""","=""14.89671""","=""2s2.2p2.(3P).3p""","=""2D*""","=""3/2""","=""2s2.2p2.(1D).3d""","=""2D""","=""5/2""",4,6,,"=""T5714""","=""""",
"=""""","=""429.216""","=""""","=""5.57e+05""",C+,"=""12.0096116""","=""14.89742""","=""2s2.2p2.(3P).3p""","=""2D*""","=""5/2""","=""2s2.2p2.(1D).3d""","=""2D""","=""3/2""",6,4,,"=""T5714""","=""""",
"=""""","=""429.321""","=""""","=""5.21e+06""",C+,"=""12.0096116""","=""14.89671""","=""2s2.2p2.(3P).3p""","=""2D*""","=""5/2""","=""2s2.2p2.(1D).3d""","=""2D""","=""5/2""",6,6,,"=""T5714""","=""""",
"=""""","=""435.629""","=""""","=""5.10e+06""",C+,"=""12.0096116""","=""14.85491""","=""2s2.2p2.(3P).3p""","=""2D*""","=""5/2""","=""2s2.2p2.(1D).3d""","=""2F""","=""7/2""",6,8,,"=""T5714""","=""""",
"=""""","=""438.554""","=""""","=""8.84e+05""",C,"=""12.1219574""","=""14.94828""","=""2s2.2p2.(3P).3p""","=""2P*""","=""1/2""","=""2s2.2p2.(1D).3d""","=""2S""","=""1/2""",2,2,,"=""u18,LS""","=""""",
"=""""","=""439.241""","=""""","=""1.76e+06""",C,"=""12.1263787""","=""14.94828""","=""2s2.2p2.(3P).3p""","=""2P*""","=""3/2""","=""2s2.2p2.(1D).3d""","=""2S""","=""1/2""",4,2,,"=""u18,LS""","=""""",
"=""""","=""443.511""","=""""","=""2.99e+06""",C,"=""12.1219574""","=""14.91669""","=""2s2.2p2.(3P).3p""","=""2P*""","=""1/2""","=""2s2.2p2.(1D).3d""","=""2P""","=""1/2""",2,2,,"=""T5714""","=""""",
"=""""","=""443.543""","=""""","=""7.51e+05""",C,"=""12.1219574""","=""14.91649""","=""2s2.2p2.(3P).3p""","=""2P*""","=""1/2""","=""2s2.2p2.(1D).3d""","=""2P""","=""3/2""",2,4,,"=""T5714""","=""""",
"=""""","=""444.214""","=""""","=""1.41e+06""",C,"=""12.1263787""","=""14.91669""","=""2s2.2p2.(3P).3p""","=""2P*""","=""3/2""","=""2s2.2p2.(1D).3d""","=""2P""","=""1/2""",4,2,,"=""T5714""","=""""",
"=""""","=""444.245""","=""""","=""3.81e+06""",C,"=""12.1263787""","=""14.91649""","=""2s2.2p2.(3P).3p""","=""2P*""","=""3/2""","=""2s2.2p2.(1D).3d""","=""2P""","=""3/2""",4,4,,"=""T5714""","=""""",
"=""""","=""446.590""","=""""","=""2.04e+04""",C,"=""12.1219574""","=""14.89742""","=""2s2.2p2.(3P).3p""","=""2P*""","=""1/2""","=""2s2.2p2.(1D).3d""","=""2D""","=""3/2""",2,4,,"=""T5714""","=""""",
"=""""","=""447.417""","=""""","=""2.76e+04""",C,"=""12.1263787""","=""14.89671""","=""2s2.2p2.(3P).3p""","=""2P*""","=""3/2""","=""2s2.2p2.(1D).3d""","=""2D""","=""5/2""",4,6,,"=""T5714""","=""""",
"=""""","=""465.1823""","=""""","=""2.40e+05""",C+,"=""10.6796703""","=""13.3442064""","=""2s2.2p2.(3P).3s""","=""2P""","=""1/2""","=""2s2.2p2.(3P).4p""","=""2P*""","=""3/2""",2,4,,"=""T6340""","=""""",
"=""""","=""466.0457""","=""""","=""6.72e+05""",C+,"=""10.6796703""","=""13.3392701""","=""2s2.2p2.(3P).3s""","=""2P""","=""1/2""","=""2s2.2p2.(3P).4p""","=""2P*""","=""1/2""",2,2,,"=""T6340""","=""""",
"=""""","=""466.291""","=""""","=""1.51e+06""",C+,"=""12.1219574""","=""14.78016""","=""2s2.2p2.(3P).3p""","=""2P*""","=""1/2""","=""2s2.2p2.(1D).4s""","=""2D""","=""3/2""",2,4,,"=""T5714""","=""""",
"=""""","=""466.9893""","=""""","=""7.49e+05""",C+,"=""10.6899808""","=""13.3442064""","=""2s2.2p2.(3P).3s""","=""2P""","=""3/2""","=""2s2.2p2.(3P).4p""","=""2P*""","=""3/2""",4,4,,"=""T6340""","=""""",
"=""""","=""467.068""","=""""","=""3.02e+05""",C+,"=""12.1263787""","=""14.78016""","=""2s2.2p2.(3P).3p""","=""2P*""","=""3/2""","=""2s2.2p2.(1D).4s""","=""2D""","=""3/2""",4,4,,"=""T5714""","=""""",
"=""""","=""467.068""","=""""","=""1.80e+06""",C+,"=""12.1263787""","=""14.78016""","=""2s2.2p2.(3P).3p""","=""2P*""","=""3/2""","=""2s2.2p2.(1D).4s""","=""2D""","=""5/2""",4,6,,"=""T5714""","=""""",
"=""""","=""467.8595""","=""""","=""2.69e+05""",C+,"=""10.6899808""","=""13.3392701""","=""2s2.2p2.(3P).3s""","=""2P""","=""3/2""","=""2s2.2p2.(3P).4p""","=""2P*""","=""1/2""",4,2,,"=""T6340""","=""""",
"=""484.738""","=""""","=""180""","=""""",,"=""""","=""""","=""""","=""""","=""""","=""""","=""""","=""""",1,1,,"=""""","=""L3513""",
"=""491.494""","=""491.4940""","=""160""","=""8.08e+05""",B,"=""10.6796703""","=""13.2015647""","=""2s2.2p2.(3P).3s""","=""2P""","=""1/2""","=""2s2.2p2.(3P).4p""","=""2S*""","=""1/2""",2,2,,"=""T5475n""","=""L3513""",
"=""493.512""","=""493.5117""","=""210""","=""1.76e+06""",B,"=""10.6899808""","=""13.2015647""","=""2s2.2p2.(3P).3s""","=""2P""","=""3/2""","=""2s2.2p2.(3P).4p""","=""2S*""","=""1/2""",4,2,,"=""T5475n""","=""L3513""",
"=""495.023""","=""""","=""160""","=""""",,"=""""","=""""","=""""","=""""","=""""","=""""","=""""","=""""",1,1,,"=""""","=""L3513""",
"=""496.398""","=""""","=""350""","=""""",,"=""""","=""""","=""""","=""""","=""""","=""""","=""""","=""""",1,1,,"=""""","=""L3513""",
"=""""","=""519.7902""","=""""","=""1.60e-05""",B,"=""0.0000000""","=""2.3846100""","=""2s2.2p3""","=""4S*""","=""3/2""","=""2s2.2p3""","=""2D*""","=""3/2""",4,4,M1,"=""T7370""","=""""",
"=""""","=""519.7902""","=""""","=""4.34e-06""",B,"=""0.0000000""","=""2.3846100""","=""2s2.2p3""","=""4S*""","=""3/2""","=""2s2.2p3""","=""2D*""","=""3/2""",4,4,E2,"=""T7370""","=""""",
"=""""","=""519.9837""","=""""","=""1.87e+06""",D+,"=""11.6026335""","=""13.9863558""","=""2s2.2p2.(3P).3p""","=""2S*""","=""1/2""","=""2s2.2p2.(3P).5d""","=""2P""","=""1/2""",2,2,,"=""u18,LS""","=""""",
"=""""","=""520.0257""","=""""","=""9.71e-07""",B,"=""0.0000000""","=""2.3835298""","=""2s2.2p3""","=""4S*""","=""3/2""","=""2s2.2p3""","=""2D*""","=""5/2""",4,6,M1,"=""T7370""","=""""",
"=""""","=""520.0257""","=""""","=""6.59e-06""",B,"=""0.0000000""","=""2.3835298""","=""2s2.2p3""","=""4S*""","=""3/2""","=""2s2.2p3""","=""2D*""","=""5/2""",4,6,E2,"=""T7370""","=""""",
"=""""","=""520.1606""","=""""","=""1.87e+06""",D+,"=""11.6026335""","=""13.9855454""","=""2s2.2p2.(3P).3p""","=""2S*""","=""1/2""","=""2s2.2p2.(3P).5d""","=""2P""","=""3/2""",2,4,,"=""u18,LS""","=""""",
"=""528.120""","=""528.1204""","=""185""","=""2.45e+05""",C,"=""10.9239080""","=""13.2709052""","=""2s.2p4""","=""4P""","=""5/2""","=""2s2.2p2.(3P).4p""","=""4P*""","=""5/2""",6,6,,"=""T5475""","=""L3513""",
"=""529.268""","=""""","=""140""","=""""",,"=""""","=""""","=""""","=""""","=""""","=""""","=""""","=""""",1,1,,"=""""","=""L3513""",
"=""""","=""531.039""","=""""","=""9.40e+04""",D+,"=""11.9955753""","=""14.32967""","=""2s2.2p2.(3P).3p""","=""4S*""","=""3/2""","=""2s2.2p2.(3P).9s""","=""4P""","=""5/2""",4,6,,"=""T5723LS""","=""""",
"=""""","=""532.8617""","=""""","=""2.05e+05""",D+,"=""10.9239080""","=""13.2500220""","=""2s.2p4""","=""4P""","=""5/2""","=""2s2.2p2.(3P).4p""","=""4D*""","=""7/2""",6,8,,"=""u18,LS""","=""""",
"=""""","=""533.337""","=""""","=""9.28e+04""",D+,"=""11.9955753""","=""14.31962""","=""2s2.2p2.(3P).3p""","=""4S*""","=""3/2""","=""2s2.2p2.(3P).9s""","=""4P""","=""3/2""",4,4,,"=""T5723LS""","=""""",
"=""""","=""534.4049""","=""""","=""6.10e+04""",D+,"=""10.9239080""","=""13.2433051""","=""2s.2p4""","=""4P""","=""5/2""","=""2s2.2p2.(3P).4p""","=""4D*""","=""5/2""",6,6,,"=""u18,LS""","=""""",
"=""""","=""534.649""","=""""","=""9.21e+04""",D+,"=""11.9955753""","=""14.31391""","=""2s2.2p2.(3P).3p""","=""4S*""","=""3/2""","=""2s2.2p2.(3P).9s""","=""4P""","=""1/2""",4,2,,"=""T5723LS""","=""""",
"=""""","=""535.4388""","=""""","=""1.01e+04""",D,"=""10.9239080""","=""13.2388265""","=""2s.2p4""","=""4P""","=""5/2""","=""2s2.2p2.(3P).4p""","=""4D*""","=""3/2""",6,4,,"=""u18,LS""","=""""",
"=""""","=""535.6623""","=""""","=""1.41e+05""",D+,"=""10.9293522""","=""13.2433051""","=""2s.2p4""","=""4P""","=""3/2""","=""2s2.2p2.(3P).4p""","=""4D*""","=""5/2""",4,6,,"=""u18,LS""","=""""",
"=""""","=""536.7010""","=""""","=""1.07e+05""",D+,"=""10.9293522""","=""13.2388265""","=""2s.2p4""","=""4P""","=""3/2""","=""2s2.2p2.(3P).4p""","=""4D*""","=""3/2""",4,4,,"=""u18,LS""","=""""",
"=""""","=""537.2606""","=""""","=""8.34e+04""",D+,"=""10.9317574""","=""13.2388265""","=""2s.2p4""","=""4P""","=""1/2""","=""2s2.2p2.(3P).4p""","=""4D*""","=""3/2""",2,4,,"=""u18,LS""","=""""",
"=""""","=""537.2665""","=""""","=""3.33e+04""",D,"=""10.9293522""","=""13.2363957""","=""2s.2p4""","=""4P""","=""3/2""","=""2s2.2p2.(3P).4p""","=""4D*""","=""1/2""",4,2,,"=""u18,LS""","=""""",
"=""""","=""537.8273""","=""""","=""1.66e+05""",D+,"=""10.9317574""","=""13.2363957""","=""2s.2p4""","=""4P""","=""1/2""","=""2s2.2p2.(3P).4p""","=""4D*""","=""1/2""",2,2,,"=""u18,LS""","=""""",
"=""""","=""547.180""","=""""","=""1.39e+05""",D+,"=""11.9955753""","=""14.26082""","=""2s2.2p2.(3P).3p""","=""4S*""","=""3/2""","=""2s2.2p2.(3P).8s""","=""4P""","=""5/2""",4,6,,"=""T5723LS""","=""""",
"=""""","=""549.652""","=""""","=""1.37e+05""",D+,"=""11.9955753""","=""14.25063""","=""2s2.2p2.(3P).3p""","=""4S*""","=""3/2""","=""2s2.2p2.(3P).8s""","=""4P""","=""3/2""",4,4,,"=""T5723LS""","=""""",
"=""""","=""551.019""","=""""","=""1.36e+05""",D+,"=""11.9955753""","=""14.24504""","=""2s2.2p2.(3P).3p""","=""4S*""","=""3/2""","=""2s2.2p2.(3P).8s""","=""4P""","=""1/2""",4,2,,"=""T5723LS""","=""""",
"=""""","=""551.1696""","=""""","=""1.29e+05""",C,"=""11.7500916""","=""13.9989413""","=""2s2.2p2.(3P).3p""","=""4D*""","=""1/2""","=""2s2.2p2.(3P).5d""","=""4D""","=""3/2""",2,4,,"=""u18,LS""","=""""",
"=""""","=""551.309""","=""""","=""2.57e+05""",C,"=""11.7500916""","=""13.99837""","=""2s2.2p2.(3P).3p""","=""4D*""","=""1/2""","=""2s2.2p2.(3P).5d""","=""4D""","=""1/2""",2,2,,"=""u18,LS""","=""""",
"=""""","=""551.8102""","=""""","=""1.20e+05""",C,"=""11.7528949""","=""13.9991340""","=""2s2.2p2.(3P).3p""","=""4D*""","=""3/2""","=""2s2.2p2.(3P).5d""","=""4D""","=""5/2""",4,6,,"=""u18,LS""","=""""",
"=""""","=""551.8576""","=""""","=""2.05e+05""",C,"=""11.7528949""","=""13.9989413""","=""2s2.2p2.(3P).3p""","=""4D*""","=""3/2""","=""2s2.2p2.(3P).5d""","=""4D""","=""3/2""",4,4,,"=""u18,LS""","=""""",
"=""""","=""551.997""","=""""","=""2.56e+05""",C,"=""11.7528949""","=""13.99837""","=""2s2.2p2.(3P).3p""","=""4D*""","=""3/2""","=""2s2.2p2.(3P).5d""","=""4D""","=""1/2""",4,2,,"=""u18,LS""","=""""",
"=""""","=""552.9380""","=""""","=""7.26e+04""",C,"=""11.7575319""","=""13.9991896""","=""2s2.2p2.(3P).3p""","=""4D*""","=""5/2""","=""2s2.2p2.(3P).5d""","=""4D""","=""7/2""",6,8,,"=""u18,LS""","=""""",
"=""""","=""552.9517""","=""""","=""2.92e+05""",C,"=""11.7575319""","=""13.9991340""","=""2s2.2p2.(3P).3p""","=""4D*""","=""5/2""","=""2s2.2p2.(3P).5d""","=""4D""","=""5/2""",6,6,,"=""u18,LS""","=""""",
"=""""","=""552.9992""","=""""","=""1.78e+05""",C,"=""11.7575319""","=""13.9989413""","=""2s2.2p2.(3P).3p""","=""4D*""","=""5/2""","=""2s2.2p2.(3P).5d""","=""4D""","=""3/2""",6,4,,"=""u18,LS""","=""""",
"=""""","=""554.5000""","=""""","=""4.33e+05""",C,"=""11.7638464""","=""13.9991896""","=""2s2.2p2.(3P).3p""","=""4D*""","=""7/2""","=""2s2.2p2.(3P).5d""","=""4D""","=""7/2""",8,8,,"=""u18,LS""","=""""",
"=""""","=""554.5138""","=""""","=""9.59e+04""",C,"=""11.7638464""","=""13.9991340""","=""2s2.2p2.(3P).3p""","=""4D*""","=""7/2""","=""2s2.2p2.(3P).5d""","=""4D""","=""5/2""",8,6,,"=""u18,LS""","=""""",
"=""""","=""555.7383""","=""""","=""9.94e+05""",C,"=""11.7500916""","=""13.9804540""","=""2s2.2p2.(3P).3p""","=""4D*""","=""1/2""","=""2s2.2p2.(3P).5d""","=""4F""","=""3/2""",2,4,,"=""u18,LS""","=""""",
"=""""","=""556.0337""","=""""","=""1.42e+06""",C,"=""11.7638464""","=""13.9930238""","=""2s2.2p2.(3P).3p""","=""4D*""","=""7/2""","=""2s2.2p2.(3P).5d""","=""4F""","=""9/2""",8,10,,"=""u18,LS""","=""""",
"=""""","=""556.4265""","=""""","=""1.06e+06""",C,"=""11.7528949""","=""13.9804985""","=""2s2.2p2.(3P).3p""","=""4D*""","=""3/2""","=""2s2.2p2.(3P).5d""","=""4F""","=""5/2""",4,6,,"=""u18,LS""","=""""",
"=""""","=""556.4265""","=""""","=""1.21e+06""",C,"=""11.7575319""","=""13.9851355""","=""2s2.2p2.(3P).3p""","=""4D*""","=""5/2""","=""2s2.2p2.(3P).5d""","=""4F""","=""7/2""",6,8,,"=""u18,LS""","=""""",
"=""""","=""556.4377""","=""""","=""3.96e+05""",C,"=""11.7528949""","=""13.9804540""","=""2s2.2p2.(3P).3p""","=""4D*""","=""3/2""","=""2s2.2p2.(3P).5d""","=""4F""","=""3/2""",4,4,,"=""u18,LS""","=""""",
"=""""","=""557.5872""","=""""","=""3.42e+05""",C,"=""11.7575319""","=""13.9804985""","=""2s2.2p2.(3P).3p""","=""4D*""","=""5/2""","=""2s2.2p2.(3P).5d""","=""4F""","=""5/2""",6,6,,"=""u18,LS""","=""""",
"=""""","=""557.5984""","=""""","=""2.81e+04""",D+,"=""11.7575319""","=""13.9804540""","=""2s2.2p2.(3P).3p""","=""4D*""","=""5/2""","=""2s2.2p2.(3P).5d""","=""4F""","=""3/2""",6,4,,"=""u18,LS""","=""""",
"=""""","=""558.0083""","=""""","=""2.00e+05""",C,"=""11.7638464""","=""13.9851355""","=""2s2.2p2.(3P).3p""","=""4D*""","=""7/2""","=""2s2.2p2.(3P).5d""","=""4F""","=""7/2""",8,8,,"=""u18,LS""","=""""",
"=""""","=""559.1756""","=""""","=""1.35e+04""",D+,"=""11.7638464""","=""13.9804985""","=""2s2.2p2.(3P).3p""","=""4D*""","=""7/2""","=""2s2.2p2.(3P).5d""","=""4F""","=""5/2""",8,6,,"=""u18,LS""","=""""",
"=""""","=""571.314""","=""""","=""8.94e+04""",D+,"=""11.9955753""","=""14.16513""","=""2s2.2p2.(3P).3p""","=""4S*""","=""3/2""","=""2s2.2p2.(3P).6d""","=""4P""","=""1/2""",4,2,,"=""T5723LS""","=""""",
"=""""","=""572.935""","=""""","=""8.87e+04""",D+,"=""11.9955753""","=""14.15900""","=""2s2.2p2.(3P).3p""","=""4S*""","=""3/2""","=""2s2.2p2.(3P).6d""","=""4P""","=""3/2""",4,4,,"=""T5723LS""","=""""",
"=""""","=""573.211""","=""""","=""8.85e+04""",D+,"=""11.9955753""","=""14.15795""","=""2s2.2p2.(3P).3p""","=""4S*""","=""3/2""","=""2s2.2p2.(3P).6d""","=""4P""","=""5/2""",4,6,,"=""T5723LS""","=""""",
"=""""","=""573.4405""","=""""","=""4.47e+05""",C,"=""11.8374298""","=""13.9989413""","=""2s2.2p2.(3P).3p""","=""4P*""","=""1/2""","=""2s2.2p2.(3P).5d""","=""4D""","=""3/2""",2,4,,"=""u18,LS""","=""""",
"=""""","=""573.591""","=""""","=""8.94e+05""",C,"=""11.8374298""","=""13.99837""","=""2s2.2p2.(3P).3p""","=""4P*""","=""1/2""","=""2s2.2p2.(3P).5d""","=""4D""","=""1/2""",2,2,,"=""u18,LS""","=""""",
"=""""","=""573.9945""","=""""","=""7.49e+05""",C,"=""11.8397086""","=""13.9991340""","=""2s2.2p2.(3P).3p""","=""4P*""","=""3/2""","=""2s2.2p2.(3P).5d""","=""4D""","=""5/2""",4,6,,"=""u18,LS""","=""""",
"=""""","=""574.0457""","=""""","=""5.71e+05""",C,"=""11.8397086""","=""13.9989413""","=""2s2.2p2.(3P).3p""","=""4P*""","=""3/2""","=""2s2.2p2.(3P).5d""","=""4D""","=""3/2""",4,4,,"=""u18,LS""","=""""",
"=""""","=""574.197""","=""""","=""1.78e+05""",C,"=""11.8397086""","=""13.99837""","=""2s2.2p2.(3P).3p""","=""4P*""","=""3/2""","=""2s2.2p2.(3P).5d""","=""4D""","=""1/2""",4,2,,"=""u18,LS""","=""""",
"=""""","=""574.6958""","=""""","=""2.21e+05""",D+,"=""11.9955753""","=""14.1523654""","=""2s2.2p2.(3P).3p""","=""4S*""","=""3/2""","=""2s2.2p2.(3P).7s""","=""4P""","=""5/2""",4,6,,"=""T5723LS""","=""""",
"=""575.250""","=""575.2499""","=""700""","=""1.06e+06""",C,"=""11.8444770""","=""13.9991896""","=""2s2.2p2.(3P).3p""","=""4P*""","=""5/2""","=""2s2.2p2.(3P).5d""","=""4D""","=""7/2""",6,8,,"=""u18,LS""","=""L3513""",
"=""""","=""575.2648""","=""""","=""3.19e+05""",C,"=""11.8444770""","=""13.9991340""","=""2s2.2p2.(3P).3p""","=""4P*""","=""5/2""","=""2s2.2p2.(3P).5d""","=""4D""","=""5/2""",6,6,,"=""u18,LS""","=""""",
"=""""","=""575.3162""","=""""","=""5.31e+04""",C,"=""11.8444770""","=""13.9989413""","=""2s2.2p2.(3P).3p""","=""4P*""","=""5/2""","=""2s2.2p2.(3P).5d""","=""4D""","=""3/2""",6,4,,"=""u18,LS""","=""""",
"=""576.475""","=""""","=""240""","=""""",,"=""""","=""""","=""""","=""""","=""""","=""""","=""""","=""""",1,1,,"=""""","=""L3513""",
"=""""","=""577.1967""","=""""","=""2.18e+05""",D+,"=""11.9955753""","=""14.1430205""","=""2s2.2p2.(3P).3p""","=""4S*""","=""3/2""","=""2s2.2p2.(3P).7s""","=""4P""","=""3/2""",4,4,,"=""T5723LS""","=""""",
"=""""","=""578.6835""","=""""","=""2.16e+05""",D+,"=""11.9955753""","=""14.1375033""","=""2s2.2p2.(3P).3p""","=""4S*""","=""3/2""","=""2s2.2p2.(3P).7s""","=""4P""","=""1/2""",4,2,,"=""T5723LS""","=""""",
"=""582.954""","=""""","=""265""","=""""",,"=""""","=""""","=""""","=""""","=""""","=""""","=""""","=""""",1,1,,"=""""","=""L3513""",
"=""585.404""","=""""","=""235""","=""""",,"=""""","=""""","=""""","=""""","=""""","=""""","=""""","=""""",1,1,,"=""""","=""L3513""",
"=""599.943""","=""599.9431""","=""160""","=""3.64e+06""",C+,"=""11.6026335""","=""13.6686606""","=""2s2.2p2.(3P).3p""","=""2S*""","=""1/2""","=""2s2.2p2.(3P).4d""","=""2P""","=""1/2""",2,2,,"=""T6340""","=""L3513""",
"=""600.847""","=""600.8473""","=""210""","=""3.58e+06""",C+,"=""11.6026335""","=""13.6655516""","=""2s2.2p2.(3P).3p""","=""2S*""","=""1/2""","=""2s2.2p2.(3P).4d""","=""2P""","=""3/2""",2,4,,"=""T6340""","=""L3513""",
"=""""","=""610.3375""","=""""","=""2.1e-04""",D,"=""10.3259087""","=""12.3567502""","=""2s2.2p2.(3P).3s""","=""4P""","=""1/2""","=""2s2.2p2.(1D).3s""","=""2D""","=""3/2""",2,4,M1,"=""T7370""","=""""",
"=""""","=""611.5981""","=""""","=""8.1e-04""",D,"=""10.3300944""","=""12.3567502""","=""2s2.2p2.(3P).3s""","=""4P""","=""3/2""","=""2s2.2p2.(1D).3s""","=""2D""","=""3/2""",4,4,M1,"=""T7370""","=""""",
"=""""","=""611.6163""","=""""","=""4.4e-04""",D,"=""10.3300944""","=""12.3566901""","=""2s2.2p2.(3P).3s""","=""4P""","=""3/2""","=""2s2.2p2.(1D).3s""","=""2D""","=""5/2""",4,6,M1,"=""T7370""","=""""",
"=""""","=""613.3721""","=""""","=""2.2e-03""",D,"=""10.3358956""","=""12.3566901""","=""2s2.2p2.(3P).3s""","=""4P""","=""5/2""","=""2s2.2p2.(1D).3s""","=""2D""","=""5/2""",6,6,M1,"=""T7370""","=""""",
"=""""","=""618.7123""","=""""","=""9.02e+03""",D+,"=""12.0001429""","=""14.0034956""","=""2s2.2p2.(3P).3p""","=""2D*""","=""3/2""","=""2s2.2p2.(3P).5d""","=""2D""","=""5/2""",4,6,,"=""u18,LS""","=""""",
"=""""","=""619.4313""","=""""","=""1.21e+05""",C,"=""12.0001429""","=""14.0011704""","=""2s2.2p2.(3P).3p""","=""2D*""","=""3/2""","=""2s2.2p2.(3P).5d""","=""2D""","=""3/2""",4,4,,"=""u18,LS""","=""""",
"=""""","=""620.198""","=""""","=""2.80e+05""",D+,"=""11.9955753""","=""13.994130""","=""2s2.2p2.(3P).3p""","=""4S*""","=""3/2""","=""2s2.2p2.(3P).5d""","=""4P""","=""1/2""",4,2,,"=""T5723LS""","=""""",
"=""""","=""621.441""","=""""","=""2.78e+05""",D+,"=""11.9955753""","=""13.990131""","=""2s2.2p2.(3P).3p""","=""4S*""","=""3/2""","=""2s2.2p2.(3P).5d""","=""4P""","=""3/2""",4,4,,"=""T5723LS""","=""""",
"=""""","=""621.6505""","=""""","=""1.25e+05""",C,"=""12.0096116""","=""14.0034956""","=""2s2.2p2.(3P).3p""","=""2D*""","=""5/2""","=""2s2.2p2.(3P).5d""","=""2D""","=""5/2""",6,6,,"=""u18,LS""","=""""",
"=""""","=""621.9654""","=""""","=""2.77e+05""",D+,"=""11.9955753""","=""13.9884501""","=""2s2.2p2.(3P).3p""","=""4S*""","=""3/2""","=""2s2.2p2.(3P).5d""","=""4P""","=""5/2""",4,6,,"=""T5723LS""","=""""",
"=""""","=""622.3763""","=""""","=""1.33e+04""",D+,"=""12.0096116""","=""14.0011704""","=""2s2.2p2.(3P).3p""","=""2D*""","=""5/2""","=""2s2.2p2.(3P).5d""","=""2D""","=""3/2""",6,4,,"=""u18,LS""","=""""",
"=""""","=""623.7672""","=""""","=""2.81e+05""",C,"=""12.0096116""","=""13.9967297""","=""2s2.2p2.(3P).3p""","=""2D*""","=""5/2""","=""2s2.2p2.(3P).5d""","=""2F""","=""7/2""",6,8,,"=""u18,LS""","=""""",
"=""""","=""623.8587""","=""""","=""2.62e+05""",C,"=""12.0001429""","=""13.9869696""","=""2s2.2p2.(3P).3p""","=""2D*""","=""3/2""","=""2s2.2p2.(3P).5d""","=""2F""","=""5/2""",4,6,,"=""u18,LS""","=""""",
"=""""","=""626.8461""","=""""","=""1.85e+04""",C,"=""12.0096116""","=""13.9869696""","=""2s2.2p2.(3P).3p""","=""2D*""","=""5/2""","=""2s2.2p2.(3P).5d""","=""2F""","=""5/2""",6,6,,"=""u18,LS""","=""""",
"=""""","=""627.5512""","=""""","=""3.75e+05""",D+,"=""11.9955753""","=""13.9707117""","=""2s2.2p2.(3P).3p""","=""4S*""","=""3/2""","=""2s2.2p2.(3P).6s""","=""4P""","=""5/2""",4,6,,"=""T5723LS""","=""""",
"=""""","=""630.3915""","=""""","=""3.70e+05""",D+,"=""11.9955753""","=""13.9618125""","=""2s2.2p2.(3P).3p""","=""4S*""","=""3/2""","=""2s2.2p2.(3P).6s""","=""4P""","=""3/2""",4,4,,"=""T5723LS""","=""""",
"=""""","=""632.1511""","=""""","=""3.67e+05""",D+,"=""11.9955753""","=""13.9563396""","=""2s2.2p2.(3P).3p""","=""4S*""","=""3/2""","=""2s2.2p2.(3P).6s""","=""4P""","=""1/2""",4,2,,"=""T5723LS""","=""""",
"=""""","=""639.8402""","=""""","=""3.95e+05""",C,"=""11.7500916""","=""13.6872930""","=""2s2.2p2.(3P).3p""","=""4D*""","=""1/2""","=""2s2.2p2.(3P).4d""","=""4D""","=""3/2""",2,4,,"=""u18,LS""","=""""",
"=""""","=""640.2364""","=""""","=""7.89e+05""",C,"=""11.7500916""","=""13.6860943""","=""2s2.2p2.(3P).3p""","=""4D*""","=""1/2""","=""2s2.2p2.(3P).4d""","=""4D""","=""1/2""",2,2,,"=""u18,LS""","=""""",
"=""""","=""640.5255""","=""""","=""3.68e+05""",C,"=""11.7528949""","=""13.6880236""","=""2s2.2p2.(3P).3p""","=""4D*""","=""3/2""","=""2s2.2p2.(3P).4d""","=""4D""","=""5/2""",4,6,,"=""u18,LS""","=""""",
"=""""","=""640.7675""","=""""","=""6.30e+05""",C,"=""11.7528949""","=""13.6872930""","=""2s2.2p2.(3P).3p""","=""4D*""","=""3/2""","=""2s2.2p2.(3P).4d""","=""4D""","=""3/2""",4,4,,"=""u18,LS""","=""""",
"=""641.165""","=""641.1648""","=""185""","=""7.86e+05""",C,"=""11.7528949""","=""13.6860943""","=""2s2.2p2.(3P).3p""","=""4D*""","=""3/2""","=""2s2.2p2.(3P).4d""","=""4D""","=""1/2""",4,2,,"=""u18,LS""","=""L3513""",
"=""""","=""641.9872""","=""""","=""2.23e+05""",C,"=""11.7575319""","=""13.6882547""","=""2s2.2p2.(3P).3p""","=""4D*""","=""5/2""","=""2s2.2p2.(3P).4d""","=""4D""","=""7/2""",6,8,,"=""u18,LS""","=""""",
"=""642.064""","=""642.0641""","=""210""","=""8.97e+05""",C,"=""11.7575319""","=""13.6880236""","=""2s2.2p2.(3P).3p""","=""4D*""","=""5/2""","=""2s2.2p2.(3P).4d""","=""4D""","=""5/2""",6,6,,"=""u18,LS""","=""L3513""",
"=""642.302""","=""642.3072""","=""210""","=""5.47e+05""",C,"=""11.7575319""","=""13.6872930""","=""2s2.2p2.(3P).3p""","=""4D*""","=""5/2""","=""2s2.2p2.(3P).4d""","=""4D""","=""3/2""",6,4,,"=""u18,LS""","=""L3513""",
"=""642.832""","=""""","=""210""","=""""",,"=""""","=""""","=""""","=""""","=""""","=""""","=""""","=""""",1,1,,"=""""","=""L3513""",
"=""643.768""","=""""","=""185""","=""""",,"=""""","=""""","=""""","=""""","=""""","=""""","=""""","=""""",1,1,,"=""""","=""L3513""",
"=""644.094""","=""644.0938""","=""235""","=""1.33e+06""",C,"=""11.7638464""","=""13.6882547""","=""2s2.2p2.(3P).3p""","=""4D*""","=""7/2""","=""2s2.2p2.(3P).4d""","=""4D""","=""7/2""",8,8,,"=""u18,LS""","=""L3513""",
"=""""","=""644.1711""","=""""","=""2.94e+05""",C,"=""11.7638464""","=""13.6880236""","=""2s2.2p2.(3P).3p""","=""4D*""","=""7/2""","=""2s2.2p2.(3P).4d""","=""4D""","=""5/2""",8,6,,"=""u18,LS""","=""""",
"=""645.790""","=""""","=""185""","=""""",,"=""""","=""""","=""""","=""""","=""""","=""""","=""""","=""""",1,1,,"=""""","=""L3513""",
"=""646.844""","=""""","=""300""","=""""",,"=""""","=""""","=""""","=""""","=""""","=""""","=""""","=""""",1,1,,"=""""","=""L3513""",
"=""648.171""","=""648.1706""","=""265""","=""3.43e+06""",C,"=""11.7500916""","=""13.6623958""","=""2s2.2p2.(3P).3p""","=""4D*""","=""1/2""","=""2s2.2p2.(3P).4d""","=""4F""","=""3/2""",2,4,,"=""u18,LS""","=""L3513""",
"=""648.270""","=""648.2699""","=""360""","=""4.90e+06""",C,"=""11.7638464""","=""13.6758579""","=""2s2.2p2.(3P).3p""","=""4D*""","=""7/2""","=""2s2.2p2.(3P).4d""","=""4F""","=""9/2""",8,10,,"=""u18,LS""","=""L3513""",
"=""648.375""","=""648.3753""","=""300""","=""3.67e+06""",C,"=""11.7528949""","=""13.6645956""","=""2s2.2p2.(3P).3p""","=""4D*""","=""3/2""","=""2s2.2p2.(3P).4d""","=""4F""","=""5/2""",4,6,,"=""u18,LS""","=""L3513""",
"=""648.480""","=""648.4808""","=""325""","=""4.20e+06""",C,"=""11.7575319""","=""13.6689216""","=""2s2.2p2.(3P).3p""","=""4D*""","=""5/2""","=""2s2.2p2.(3P).4d""","=""4F""","=""7/2""",6,8,,"=""u18,LS""","=""L3513""",
"=""649.122""","=""649.1222""","=""160""","=""1.37e+06""",C,"=""11.7528949""","=""13.6623958""","=""2s2.2p2.(3P).3p""","=""4D*""","=""3/2""","=""2s2.2p2.(3P).4d""","=""4F""","=""3/2""",4,4,,"=""u18,LS""","=""L3513""",
"=""649.954""","=""649.9518""","=""210""","=""1.18e+06""",C,"=""11.7575319""","=""13.6645956""","=""2s2.2p2.(3P).3p""","=""4D*""","=""5/2""","=""2s2.2p2.(3P).4d""","=""4F""","=""5/2""",6,6,,"=""u18,LS""","=""L3513""",
"=""650.631""","=""650.6302""","=""185""","=""6.91e+05""",C,"=""11.7638464""","=""13.6689216""","=""2s2.2p2.(3P).3p""","=""4D*""","=""7/2""","=""2s2.2p2.(3P).4d""","=""4F""","=""7/2""",8,8,,"=""u18,LS""","=""L3513""",
"=""""","=""650.7024""","=""""","=""9.70e+04""",C,"=""11.7575319""","=""13.6623958""","=""2s2.2p2.(3P).3p""","=""4D*""","=""5/2""","=""2s2.2p2.(3P).4d""","=""4F""","=""3/2""",6,4,,"=""u18,LS""","=""""",
"=""""","=""652.1110""","=""""","=""4.66e+04""",C,"=""11.7638464""","=""13.6645956""","=""2s2.2p2.(3P).3p""","=""4D*""","=""7/2""","=""2s2.2p2.(3P).4d""","=""4F""","=""5/2""",8,6,,"=""u18,LS""","=""""",
"=""""","=""659.5844""","=""""","=""9.08e+04""",C,"=""12.1219574""","=""14.0011704""","=""2s2.2p2.(3P).3p""","=""2P*""","=""1/2""","=""2s2.2p2.(3P).5d""","=""2D""","=""3/2""",2,4,,"=""u18,LS""","=""""",
"=""""","=""660.3210""","=""""","=""1.09e+05""",C,"=""12.1263787""","=""14.0034956""","=""2s2.2p2.(3P).3p""","=""2P*""","=""3/2""","=""2s2.2p2.(3P).5d""","=""2D""","=""5/2""",4,6,,"=""u18,LS""","=""""",
"=""""","=""660.6176""","=""""","=""8.87e+04""",D+,"=""11.7528949""","=""13.6291690""","=""2s2.2p2.(3P).3p""","=""4D*""","=""3/2""","=""2s2.2p2.(3P).5s""","=""4P""","=""5/2""",4,6,,"=""u18,LS""","=""""",
"=""""","=""661.1399""","=""""","=""1.80e+04""",C,"=""12.1263787""","=""14.0011704""","=""2s2.2p2.(3P).3p""","=""2P*""","=""3/2""","=""2s2.2p2.(3P).5d""","=""2D""","=""3/2""",4,4,,"=""u18,LS""","=""""",
"=""662.254""","=""662.2543""","=""185""","=""7.93e+05""",D+,"=""11.7575319""","=""13.6291690""","=""2s2.2p2.(3P).3p""","=""4D*""","=""5/2""","=""2s2.2p2.(3P).5s""","=""4P""","=""5/2""",6,6,,"=""u18,LS""","=""L3513""",
"=""""","=""662.6990""","=""""","=""2.20e+05""",D+,"=""11.7500916""","=""13.6204726""","=""2s2.2p2.(3P).3p""","=""4D*""","=""1/2""","=""2s2.2p2.(3P).5s""","=""4P""","=""3/2""",2,4,,"=""u18,LS""","=""""",
"=""663.694""","=""663.6938""","=""185""","=""1.40e+06""",D+,"=""11.7528949""","=""13.6204726""","=""2s2.2p2.(3P).3p""","=""4D*""","=""3/2""","=""2s2.2p2.(3P).5s""","=""4P""","=""3/2""",4,4,,"=""u18,LS""","=""L3513""",
"=""664.496""","=""664.4962""","=""235""","=""3.49e+06""",D+,"=""11.7638464""","=""13.6291690""","=""2s2.2p2.(3P).3p""","=""4D*""","=""7/2""","=""2s2.2p2.(3P).5s""","=""4P""","=""5/2""",8,6,,"=""u18,LS""","=""L3513""",
"=""664.650""","=""664.6503""","=""185""","=""2.18e+06""",D+,"=""11.7500916""","=""13.6149817""","=""2s2.2p2.(3P).3p""","=""4D*""","=""1/2""","=""2s2.2p2.(3P).5s""","=""4P""","=""1/2""",2,2,,"=""u18,LS""","=""L3513""",
"=""""","=""664.8256""","=""""","=""1.37e+05""",D+,"=""12.1219574""","=""13.9863558""","=""2s2.2p2.(3P).3p""","=""2P*""","=""1/2""","=""2s2.2p2.(3P).5d""","=""2P""","=""1/2""",2,2,,"=""u18,LS""","=""""",
"=""""","=""665.1147""","=""""","=""3.42e+04""",D+,"=""12.1219574""","=""13.9855454""","=""2s2.2p2.(3P).3p""","=""2P*""","=""1/2""","=""2s2.2p2.(3P).5d""","=""2P""","=""3/2""",2,4,,"=""u18,LS""","=""""",
"=""665.346""","=""665.3458""","=""235""","=""2.74e+06""",D+,"=""11.7575319""","=""13.6204726""","=""2s2.2p2.(3P).3p""","=""4D*""","=""5/2""","=""2s2.2p2.(3P).5s""","=""4P""","=""3/2""",6,4,,"=""u18,LS""","=""L3513""",
"=""665.651""","=""665.6509""","=""210""","=""2.17e+06""",D+,"=""11.7528949""","=""13.6149817""","=""2s2.2p2.(3P).3p""","=""4D*""","=""3/2""","=""2s2.2p2.(3P).5s""","=""4P""","=""1/2""",4,2,,"=""u18,LS""","=""L3513""",
"=""""","=""666.4059""","=""""","=""6.79e+04""",D+,"=""12.1263787""","=""13.9863558""","=""2s2.2p2.(3P).3p""","=""2P*""","=""3/2""","=""2s2.2p2.(3P).5d""","=""2P""","=""1/2""",4,2,,"=""u18,LS""","=""""",
"=""""","=""666.6964""","=""""","=""1.70e+05""",D+,"=""12.1263787""","=""13.9855454""","=""2s2.2p2.(3P).3p""","=""2P*""","=""3/2""","=""2s2.2p2.(3P).5d""","=""2P""","=""3/2""",4,4,,"=""u18,LS""","=""""",
"=""""","=""670.0494""","=""""","=""1.50e+06""",C,"=""11.8374298""","=""13.6872930""","=""2s2.2p2.(3P).3p""","=""4P*""","=""1/2""","=""2s2.2p2.(3P).4d""","=""4D""","=""3/2""",2,4,,"=""u18,LS""","=""""",
"=""""","=""670.4839""","=""""","=""2.99e+06""",C,"=""11.8374298""","=""13.6860943""","=""2s2.2p2.(3P).3p""","=""4P*""","=""1/2""","=""2s2.2p2.(3P).4d""","=""4D""","=""1/2""",2,2,,"=""u18,LS""","=""""",
"=""""","=""670.6107""","=""""","=""2.51e+06""",C,"=""11.8397086""","=""13.6880236""","=""2s2.2p2.(3P).3p""","=""4P*""","=""3/2""","=""2s2.2p2.(3P).4d""","=""4D""","=""5/2""",4,6,,"=""u18,LS""","=""""",
"=""""","=""670.8759""","=""""","=""1.91e+06""",C,"=""11.8397086""","=""13.6872930""","=""2s2.2p2.(3P).3p""","=""4P*""","=""3/2""","=""2s2.2p2.(3P).4d""","=""4D""","=""3/2""",4,4,,"=""u18,LS""","=""""",
"=""""","=""671.3114""","=""""","=""5.96e+05""",C,"=""11.8397086""","=""13.6860943""","=""2s2.2p2.(3P).3p""","=""4P*""","=""3/2""","=""2s2.2p2.(3P).4d""","=""4D""","=""1/2""",4,2,,"=""u18,LS""","=""""",
"=""""","=""672.0967""","=""""","=""1.95e+05""",D+,"=""11.8374298""","=""13.6816580""","=""2s2.2p2.(3P).3p""","=""4P*""","=""1/2""","=""2s2.2p2.(3P).4d""","=""4P""","=""1/2""",2,2,,"=""u18,LS""","=""""",
"=""672.262""","=""672.2610""","=""185""","=""3.56e+06""",C,"=""11.8444770""","=""13.6882547""","=""2s2.2p2.(3P).3p""","=""4P*""","=""5/2""","=""2s2.2p2.(3P).4d""","=""4D""","=""7/2""",6,8,,"=""u18,LS""","=""L3513""",
"=""""","=""672.3453""","=""""","=""1.07e+06""",C,"=""11.8444770""","=""13.6880236""","=""2s2.2p2.(3P).3p""","=""4P*""","=""5/2""","=""2s2.2p2.(3P).4d""","=""4D""","=""5/2""",6,6,,"=""u18,LS""","=""""",
"=""""","=""672.6118""","=""""","=""1.78e+05""",C,"=""11.8444770""","=""13.6872930""","=""2s2.2p2.(3P).3p""","=""4P*""","=""5/2""","=""2s2.2p2.(3P).4d""","=""4D""","=""3/2""",6,4,,"=""u18,LS""","=""""",
"=""""","=""672.9283""","=""""","=""9.73e+05""",D+,"=""11.8397086""","=""13.6816580""","=""2s2.2p2.(3P).3p""","=""4P*""","=""3/2""","=""2s2.2p2.(3P).4d""","=""4P""","=""1/2""",4,2,,"=""u18,LS""","=""""",
"=""""","=""673.3322""","=""""","=""4.85e+05""",D+,"=""11.8374298""","=""13.6782741""","=""2s2.2p2.(3P).3p""","=""4P*""","=""1/2""","=""2s2.2p2.(3P).4d""","=""4P""","=""3/2""",2,4,,"=""u18,LS""","=""""",
"=""""","=""674.1668""","=""""","=""1.55e+05""",D+,"=""11.8397086""","=""13.6782741""","=""2s2.2p2.(3P).3p""","=""4P*""","=""3/2""","=""2s2.2p2.(3P).4d""","=""4P""","=""3/2""",4,4,,"=""u18,LS""","=""""",
"=""""","=""675.2025""","=""""","=""3.47e+05""",D+,"=""11.8397086""","=""13.6754539""","=""2s2.2p2.(3P).3p""","=""4P*""","=""3/2""","=""2s2.2p2.(3P).4d""","=""4P""","=""5/2""",4,6,,"=""u18,LS""","=""""",
"=""""","=""675.9198""","=""""","=""5.18e+05""",D+,"=""11.8444770""","=""13.6782741""","=""2s2.2p2.(3P).3p""","=""4P*""","=""5/2""","=""2s2.2p2.(3P).4d""","=""4P""","=""3/2""",6,4,,"=""u18,LS""","=""""",
"=""""","=""676.9610""","=""""","=""8.02e+05""",D+,"=""11.8444770""","=""13.6754539""","=""2s2.2p2.(3P).3p""","=""4P*""","=""5/2""","=""2s2.2p2.(3P).4d""","=""4P""","=""5/2""",6,6,,"=""u18,LS""","=""""",
"=""""","=""688.4314""","=""""","=""2.90e+02""",C,"=""10.3259087""","=""12.1263787""","=""2s2.2p2.(3P).3s""","=""4P""","=""1/2""","=""2s2.2p2.(3P).3p""","=""2P*""","=""3/2""",2,4,,"=""T7370""","=""""",
"=""""","=""690.0355""","=""""","=""1.27e+03""",C,"=""10.3300944""","=""12.1263787""","=""2s2.2p2.(3P).3s""","=""4P""","=""3/2""","=""2s2.2p2.(3P).3p""","=""2P*""","=""3/2""",4,4,,"=""T7370""","=""""",
"=""""","=""690.1261""","=""""","=""8.1e+01""",D,"=""10.3259087""","=""12.1219574""","=""2s2.2p2.(3P).3s""","=""4P""","=""1/2""","=""2s2.2p2.(3P).3p""","=""2P*""","=""1/2""",2,2,,"=""T7370""","=""""",
"=""""","=""691.7382""","=""""","=""8.7e+01""",C,"=""10.3300944""","=""12.1219574""","=""2s2.2p2.(3P).3s""","=""4P""","=""3/2""","=""2s2.2p2.(3P).3p""","=""2P*""","=""1/2""",4,2,,"=""T7370""","=""""",
"=""""","=""692.2713""","=""""","=""7.0e+02""",C,"=""10.3358956""","=""12.1263787""","=""2s2.2p2.(3P).3s""","=""4P""","=""5/2""","=""2s2.2p2.(3P).3p""","=""2P*""","=""3/2""",6,4,,"=""T7370""","=""""",
"=""""","=""692.6670""","=""""","=""7.75e+05""",B,"=""11.8397086""","=""13.6291690""","=""2s2.2p2.(3P).3p""","=""4P*""","=""3/2""","=""2s2.2p2.(3P).5s""","=""4P""","=""5/2""",4,6,,"=""T6340n""","=""""",
"=""""","=""694.5177""","=""""","=""1.83e+06""",B,"=""11.8444770""","=""13.6291690""","=""2s2.2p2.(3P).3p""","=""4P*""","=""5/2""","=""2s2.2p2.(3P).5s""","=""4P""","=""5/2""",6,6,,"=""T6340n""","=""""",
"=""""","=""695.1600""","=""""","=""1.03e+06""",B,"=""11.8374298""","=""13.6204726""","=""2s2.2p2.(3P).3p""","=""4P*""","=""1/2""","=""2s2.2p2.(3P).5s""","=""4P""","=""3/2""",2,4,,"=""T6340n""","=""""",
"=""""","=""696.0496""","=""""","=""4.67e+05""",B,"=""11.8397086""","=""13.6204726""","=""2s2.2p2.(3P).3p""","=""4P*""","=""3/2""","=""2s2.2p2.(3P).5s""","=""4P""","=""3/2""",4,4,,"=""T6340n""","=""""",
"=""""","=""697.3074""","=""""","=""3.83e+05""",B,"=""11.8374298""","=""13.6149817""","=""2s2.2p2.(3P).3p""","=""4P*""","=""1/2""","=""2s2.2p2.(3P).5s""","=""4P""","=""1/2""",2,2,,"=""T6340n""","=""""",
"=""""","=""697.9185""","=""""","=""9.83e+05""",B,"=""11.8444770""","=""13.6204726""","=""2s2.2p2.(3P).3p""","=""4P*""","=""5/2""","=""2s2.2p2.(3P).5s""","=""4P""","=""3/2""",6,4,,"=""T6340n""","=""""",
"=""""","=""698.2025""","=""""","=""2.04e+06""",B,"=""11.8397086""","=""13.6149817""","=""2s2.2p2.(3P).3p""","=""4P*""","=""3/2""","=""2s2.2p2.(3P).5s""","=""4P""","=""1/2""",4,2,,"=""T6340n""","=""""",
"=""""","=""730.6559""","=""""","=""4.03e+04""",C,"=""12.0001429""","=""13.6965647""","=""2s2.2p2.(3P).3p""","=""2D*""","=""3/2""","=""2s2.2p2.(3P).4d""","=""2D""","=""5/2""",4,6,,"=""u18,LS""","=""""",
"=""""","=""731.8975""","=""""","=""5.41e+05""",C,"=""12.0001429""","=""13.6936867""","=""2s2.2p2.(3P).3p""","=""2D*""","=""3/2""","=""2s2.2p2.(3P).4d""","=""2D""","=""3/2""",4,4,,"=""u18,LS""","=""""",
"=""""","=""734.7570""","=""""","=""5.55e+05""",C,"=""12.0096116""","=""13.6965647""","=""2s2.2p2.(3P).3p""","=""2D*""","=""5/2""","=""2s2.2p2.(3P).4d""","=""2D""","=""5/2""",6,6,,"=""u18,LS""","=""""",
"=""""","=""735.1363""","=""""","=""1.32e+06""",D+,"=""11.9955753""","=""13.6816580""","=""2s2.2p2.(3P).3p""","=""4S*""","=""3/2""","=""2s2.2p2.(3P).4d""","=""4P""","=""1/2""",4,2,,"=""T5723LS""","=""""",
"=""""","=""736.0126""","=""""","=""5.91e+04""",C,"=""12.0096116""","=""13.6936867""","=""2s2.2p2.(3P).3p""","=""2D*""","=""5/2""","=""2s2.2p2.(3P).4d""","=""2D""","=""3/2""",6,4,,"=""u18,LS""","=""""",
"=""""","=""736.6146""","=""""","=""1.31e+06""",D+,"=""11.9955753""","=""13.6782741""","=""2s2.2p2.(3P).3p""","=""4S*""","=""3/2""","=""2s2.2p2.(3P).4d""","=""4P""","=""3/2""",4,4,,"=""T5723LS""","=""""",
"=""""","=""737.8513""","=""""","=""1.30e+06""",D+,"=""11.9955753""","=""13.6754539""","=""2s2.2p2.(3P).3p""","=""4S*""","=""3/2""","=""2s2.2p2.(3P).4d""","=""4P""","=""5/2""",4,6,,"=""T5723LS""","=""""",
"=""""","=""738.0100""","=""""","=""1.94e+03""",C,"=""10.3300944""","=""12.0096116""","=""2s2.2p2.(3P).3s""","=""4P""","=""3/2""","=""2s2.2p2.(3P).3p""","=""2D*""","=""5/2""",4,6,,"=""T7370""","=""""",
"=""""","=""739.0826""","=""""","=""4.3e-04""",D,"=""10.6796703""","=""12.3567502""","=""2s2.2p2.(3P).3s""","=""2P""","=""1/2""","=""2s2.2p2.(1D).3s""","=""2D""","=""3/2""",2,4,M1,"=""T7370""","=""""",
"=""739.864""","=""""","=""210""","=""""",,"=""""","=""""","=""""","=""""","=""""","=""""","=""""","=""""",1,1,,"=""""","=""L3513""",
"=""""","=""740.3388""","=""""","=""1.14e+04""",B,"=""10.3259087""","=""12.0001429""","=""2s2.2p2.(3P).3s""","=""4P""","=""1/2""","=""2s2.2p2.(3P).3p""","=""2D*""","=""3/2""",2,4,,"=""T7370""","=""""",
"=""""","=""740.5680""","=""""","=""4.39e+03""",B,"=""10.3358956""","=""12.0096116""","=""2s2.2p2.(3P).3s""","=""4P""","=""5/2""","=""2s2.2p2.(3P).3p""","=""2D*""","=""5/2""",6,6,,"=""T7370""","=""""",
"=""740.612""","=""740.6122""","=""160""","=""1.52e+06""",C,"=""12.0001429""","=""13.6737591""","=""2s2.2p2.(3P).3p""","=""2D*""","=""3/2""","=""2s2.2p2.(3P).4d""","=""2F""","=""5/2""",4,6,,"=""u18,LS""","=""L3513""",
"=""740.624""","=""740.6239""","=""265""","=""1.63e+06""",C,"=""12.0096116""","=""13.6832014""","=""2s2.2p2.(3P).3p""","=""2D*""","=""5/2""","=""2s2.2p2.(3P).4d""","=""2F""","=""7/2""",6,8,,"=""u18,LS""","=""L3513""",
"=""""","=""742.1943""","=""""","=""1.63e+04""",B,"=""10.3300944""","=""12.0001429""","=""2s2.2p2.(3P).3s""","=""4P""","=""3/2""","=""2s2.2p2.(3P).3p""","=""2D*""","=""3/2""",4,4,,"=""T7370""","=""""",
"=""742.364""","=""742.3641""","=""685""","=""5.64e+06""",B+,"=""10.3259087""","=""11.9955753""","=""2s2.2p2.(3P).3s""","=""4P""","=""1/2""","=""2s2.2p2.(3P).3p""","=""4S*""","=""3/2""",2,4,,"=""T7370""","=""L3513""",
"=""""","=""742.8753""","=""""","=""9.06e+05""",D+,"=""12.0001429""","=""13.6686606""","=""2s2.2p2.(3P).3p""","=""2D*""","=""3/2""","=""2s2.2p2.(3P).4d""","=""2P""","=""1/2""",4,2,,"=""u18,LS""","=""""",
"=""""","=""743.6545""","=""""","=""1.4e-03""",D,"=""10.6899808""","=""12.3567502""","=""2s2.2p2.(3P).3s""","=""2P""","=""3/2""","=""2s2.2p2.(1D).3s""","=""2D""","=""3/2""",4,4,M1,"=""T7370""","=""""",
"=""""","=""743.6813""","=""""","=""5.0e-04""",D,"=""10.6899808""","=""12.3566901""","=""2s2.2p2.(3P).3s""","=""2P""","=""3/2""","=""2s2.2p2.(1D).3s""","=""2D""","=""5/2""",4,6,M1,"=""T7370""","=""""",
"=""744.229""","=""744.2298""","=""785""","=""1.19e+07""",B+,"=""10.3300944""","=""11.9955753""","=""2s2.2p2.(3P).3s""","=""4P""","=""3/2""","=""2s2.2p2.(3P).3p""","=""4S*""","=""3/2""",4,4,,"=""T7370""","=""L3513""",
"=""""","=""744.2621""","=""""","=""9.01e+04""",D+,"=""12.0001429""","=""13.6655516""","=""2s2.2p2.(3P).3p""","=""2D*""","=""3/2""","=""2s2.2p2.(3P).4d""","=""2P""","=""3/2""",4,4,,"=""u18,LS""","=""""",
"=""""","=""744.7815""","=""""","=""1.49e+04""",B,"=""10.3358956""","=""12.0001429""","=""2s2.2p2.(3P).3s""","=""4P""","=""5/2""","=""2s2.2p2.(3P).3p""","=""2D*""","=""3/2""",6,4,,"=""T7370""","=""""",
"=""""","=""744.8262""","=""""","=""1.07e+05""",C,"=""12.0096116""","=""13.6737591""","=""2s2.2p2.(3P).3p""","=""2D*""","=""5/2""","=""2s2.2p2.(3P).4d""","=""2F""","=""5/2""",6,6,,"=""u18,LS""","=""""",
"=""746.831""","=""746.8312""","=""900""","=""1.96e+07""",B+,"=""10.3358956""","=""11.9955753""","=""2s2.2p2.(3P).3s""","=""4P""","=""5/2""","=""2s2.2p2.(3P).3p""","=""4S*""","=""3/2""",6,4,,"=""T7370""","=""L3513""",
"=""""","=""748.5178""","=""""","=""7.97e+05""",D+,"=""12.0096116""","=""13.6655516""","=""2s2.2p2.(3P).3p""","=""2D*""","=""5/2""","=""2s2.2p2.(3P).4d""","=""2P""","=""3/2""",6,4,,"=""u18,LS""","=""""",
"=""""","=""750.7609""","=""""","=""2.30e+05""",C+,"=""12.0001429""","=""13.6511356""","=""2s2.2p2.(3P).3p""","=""2D*""","=""3/2""","=""2s2.2p2.(3P).5s""","=""2P""","=""3/2""",4,4,,"=""T6340""","=""""",
"=""""","=""754.6209""","=""""","=""2.85e+06""",B,"=""12.0001429""","=""13.6426905""","=""2s2.2p2.(3P).3p""","=""2D*""","=""3/2""","=""2s2.2p2.(3P).5s""","=""2P""","=""1/2""",4,2,,"=""T6340""","=""""",
"=""""","=""755.0914""","=""""","=""1.79e+06""",B,"=""12.0096116""","=""13.6511356""","=""2s2.2p2.(3P).3p""","=""2D*""","=""5/2""","=""2s2.2p2.(3P).5s""","=""2P""","=""3/2""",6,4,,"=""T6340""","=""""",
"=""""","=""758.7571""","=""""","=""7.01e+05""",D+,"=""11.9955753""","=""13.6291690""","=""2s2.2p2.(3P).3p""","=""4S*""","=""3/2""","=""2s2.2p2.(3P).5s""","=""4P""","=""5/2""",4,6,,"=""T5723LS""","=""""",
"=""760.880""","=""""","=""185""","=""""",,"=""""","=""""","=""""","=""""","=""""","=""""","=""""","=""""",1,1,,"=""""","=""L3513""",
"=""""","=""762.8180""","=""""","=""6.90e+05""",D+,"=""11.9955753""","=""13.6204726""","=""2s2.2p2.(3P).3p""","=""4S*""","=""3/2""","=""2s2.2p2.(3P).5s""","=""4P""","=""3/2""",4,4,,"=""T5723LS""","=""""",
"=""""","=""765.4044""","=""""","=""6.83e+05""",D+,"=""11.9955753""","=""13.6149817""","=""2s2.2p2.(3P).3p""","=""4S*""","=""3/2""","=""2s2.2p2.(3P).5s""","=""4P""","=""1/2""",4,2,,"=""T5723LS""","=""""",
"=""""","=""770.351""","=""""","=""6.93e+05""",C,"=""13.3392701""","=""14.94828""","=""2s2.2p2.(3P).4p""","=""2P*""","=""1/2""","=""2s2.2p2.(1D).3d""","=""2S""","=""1/2""",2,2,,"=""u18,LS""","=""""",
"=""""","=""772.721""","=""""","=""1.37e+06""",C,"=""13.3442064""","=""14.94828""","=""2s2.2p2.(3P).4p""","=""2P*""","=""3/2""","=""2s2.2p2.(1D).3d""","=""2S""","=""1/2""",4,2,,"=""u18,LS""","=""""",
"=""""","=""788.6224""","=""""","=""6.86e+05""",C,"=""12.1219574""","=""13.6936867""","=""2s2.2p2.(3P).3p""","=""2P*""","=""1/2""","=""2s2.2p2.(3P).4d""","=""2D""","=""3/2""",2,4,,"=""u18,LS""","=""""",
"=""""","=""789.3976""","=""""","=""8.21e+05""",C,"=""12.1263787""","=""13.6965647""","=""2s2.2p2.(3P).3p""","=""2P*""","=""3/2""","=""2s2.2p2.(3P).4d""","=""2D""","=""5/2""",4,6,,"=""u18,LS""","=""""",
"=""""","=""789.8982""","=""""","=""2.82e+07""",C,"=""12.3566901""","=""13.9258810""","=""2s2.2p2.(1D).3s""","=""2D""","=""5/2""","=""2s2.2p2.(1D).3p""","=""2P*""","=""3/2""",6,4,,"=""T5714n""","=""""",
"=""""","=""789.9284""","=""""","=""3.28e+06""",C,"=""12.3567502""","=""13.9258810""","=""2s2.2p2.(1D).3s""","=""2D""","=""3/2""","=""2s2.2p2.(1D).3p""","=""2P*""","=""3/2""",4,4,,"=""T5714n""","=""""",
"=""""","=""790.8471""","=""""","=""1.36e+05""",C,"=""12.1263787""","=""13.6936867""","=""2s2.2p2.(3P).3p""","=""2P*""","=""3/2""","=""2s2.2p2.(3P).4d""","=""2D""","=""3/2""",4,4,,"=""u18,LS""","=""""",
"=""""","=""791.5419""","=""""","=""3.13e+07""",C,"=""12.3567502""","=""13.9226824""","=""2s2.2p2.(1D).3s""","=""2D""","=""3/2""","=""2s2.2p2.(1D).3p""","=""2P*""","=""1/2""",4,2,,"=""T5714n""","=""""",