Configuration,Term,J,Prefix,Level (eV),Suffix,Uncertainty (eV),Reference
"=""2s2.2p3""","=""4S*""","=""3/2""","=""""","=""0.0000000""","=""""","=""0""","=""L7288"""
"=""2s2.2p3""","=""2D*""","=""5/2""","=""""","=""2.3835298""","=""""","=""""","="""""
"=""2s2.2p3""","=""2D*""","=""3/2""","=""""","=""2.3846100""","=""""","=""""","="""""
"=""2s2.2p3""","=""2P*""","=""1/2""","=""""","=""3.5755704""","=""""","=""""","="""""
"=""2s2.2p3""","=""2P*""","=""3/2""","=""""","=""3.5756182""","=""""","=""""","="""""
"=""2s2.2p2.(3P).3s""","=""4P""","=""1/2""","=""""","=""10.3259087""","=""""","=""""","="""""
"=""2s2.2p2.(3P).3s""","=""4P""","=""3/2""","=""""","=""10.3300944""","=""""","=""""","="""""
"=""2s2.2p2.(3P).3s""","=""4P""","=""5/2""","=""""","=""10.3358956""","=""""","=""""","="""""
"=""2s2.2p2.(3P).3s""","=""2P""","=""1/2""","=""""","=""10.6796703""","=""""","=""""","="""""
"=""2s2.2p2.(3P).3s""","=""2P""","=""3/2""","=""""","=""10.6899808""","=""""","=""""","="""""
"=""2s.2p4""","=""4P""","=""5/2""","=""""","=""10.9239080""","=""""","=""""","="""""
"=""2s.2p4""","=""4P""","=""3/2""","=""""","=""10.9293522""","=""""","=""""","="""""
"=""2s.2p4""","=""4P""","=""1/2""","=""""","=""10.9317574""","=""""","=""""","="""""
"=""2s2.2p2.(3P).3p""","=""2S*""","=""1/2""","=""""","=""11.6026335""","=""""","=""""","="""""
"=""2s2.2p2.(3P).3p""","=""4D*""","=""1/2""","=""""","=""11.7500916""","=""""","=""""","="""""
"=""2s2.2p2.(3P).3p""","=""4D*""","=""3/2""","=""""","=""11.7528949""","=""""","=""""","="""""
"=""2s2.2p2.(3P).3p""","=""4D*""","=""5/2""","=""""","=""11.7575319""","=""""","=""""","="""""
"=""2s2.2p2.(3P).3p""","=""4D*""","=""7/2""","=""""","=""11.7638464""","=""""","=""""","="""""
"=""2s2.2p2.(3P).3p""","=""4P*""","=""1/2""","=""""","=""11.8374298""","=""""","=""""","="""""
"=""2s2.2p2.(3P).3p""","=""4P*""","=""3/2""","=""""","=""11.8397086""","=""""","=""""","="""""
"=""2s2.2p2.(3P).3p""","=""4P*""","=""5/2""","=""""","=""11.8444770""","=""""","=""""","="""""
"=""2s2.2p2.(3P).3p""","=""4S*""","=""3/2""","=""""","=""11.9955753""","=""""","=""""","="""""
"=""2s2.2p2.(3P).3p""","=""2D*""","=""3/2""","=""""","=""12.0001429""","=""""","=""""","="""""
"=""2s2.2p2.(3P).3p""","=""2D*""","=""5/2""","=""""","=""12.0096116""","=""""","=""""","="""""
"=""2s2.2p2.(3P).3p""","=""2P*""","=""1/2""","=""""","=""12.1219574""","=""""","=""""","="""""
"=""2s2.2p2.(3P).3p""","=""2P*""","=""3/2""","=""""","=""12.1263787""","=""""","=""""","="""""
"=""2s2.2p2.(1D).3s""","=""2D""","=""5/2""","=""""","=""12.3566901""","=""""","=""""","="""""
"=""2s2.2p2.(1D).3s""","=""2D""","=""3/2""","=""""","=""12.3567502""","=""""","=""""","="""""
"=""2s2.2p2.(3P).4s""","=""4P""","=""1/2""","=""""","=""12.847554""","=""""","=""""","="""""
"=""2s2.2p2.(3P).4s""","=""4P""","=""3/2""","=""""","=""12.853090""","=""""","=""""","="""""
"=""2s2.2p2.(3P).4s""","=""4P""","=""5/2""","=""""","=""12.861560""","=""""","=""""","="""""
"=""2s2.2p2.(3P).4s""","=""2P""","=""1/2""","=""""","=""12.9123120""","=""""","=""""","="""""
"=""2s2.2p2.(3P).4s""","=""2P""","=""3/2""","=""""","=""12.9218353""","=""""","=""""","="""""
"=""2s2.2p2.(3P).3d""","=""2P""","=""3/2""","=""""","=""12.9706652""","=""""","=""""","="""""
"=""2s2.2p2.(3P).3d""","=""2P""","=""1/2""","=""""","=""12.9754460""","=""""","=""""","="""""
"=""2s2.2p2.(3P).3d""","=""4F""","=""3/2""","=""""","=""12.9766983""","=""""","=""""","="""""
"=""2s2.2p2.(3P).3d""","=""4F""","=""5/2""","=""""","=""12.9790453""","=""""","=""""","="""""
"=""2s2.2p2.(3P).3d""","=""4F""","=""7/2""","=""""","=""12.9832471""","=""""","=""""","="""""
"=""2s2.2p2.(3P).3d""","=""4F""","=""9/2""","=""""","=""12.989300""","=""""","=""""","="""""
"=""2s2.2p2.(3P).3d""","=""2F""","=""5/2""","=""""","=""12.9948285""","=""""","=""""","="""""
"=""2s2.2p2.(3P).3d""","=""2F""","=""7/2""","=""""","=""13.0036301""","=""""","=""""","="""""
"=""2s2.2p2.(3P).3d""","=""4P""","=""5/2""","=""""","=""12.9966572""","=""""","=""""","="""""
"=""2s2.2p2.(3P).3d""","=""4P""","=""3/2""","=""""","=""13.000950""","=""""","=""""","="""""
"=""2s2.2p2.(3P).3d""","=""4P""","=""1/2""","=""""","=""13.004219""","=""""","=""""","="""""
"=""2s2.2p2.(3P).3d""","=""4D""","=""1/2""","=""""","=""13.016403""","=""""","=""""","="""""
"=""2s2.2p2.(3P).3d""","=""4D""","=""3/2""","=""""","=""13.017878""","=""""","=""""","="""""
"=""2s2.2p2.(3P).3d""","=""4D""","=""5/2""","=""""","=""13.019401""","=""""","=""""","="""""
"=""2s2.2p2.(3P).3d""","=""4D""","=""7/2""","=""""","=""13.0205230""","=""""","=""""","="""""
"=""2s2.2p2.(3P).3d""","=""2D""","=""3/2""","=""""","=""13.0332041""","=""""","=""""","="""""
"=""2s2.2p2.(3P).3d""","=""2D""","=""5/2""","=""""","=""13.0361586""","=""""","=""""","="""""
"=""2s2.2p2.(3P).4p""","=""2S*""","=""1/2""","=""""","=""13.2015647""","=""""","=""""","="""""
"=""2s2.2p2.(3P).4p""","=""4D*""","=""1/2""","=""""","=""13.2363957""","=""""","=""""","="""""
"=""2s2.2p2.(3P).4p""","=""4D*""","=""3/2""","=""""","=""13.2388265""","=""""","=""""","="""""
"=""2s2.2p2.(3P).4p""","=""4D*""","=""5/2""","=""""","=""13.2433051""","=""""","=""""","="""""
"=""2s2.2p2.(3P).4p""","=""4D*""","=""7/2""","=""""","=""13.2500220""","=""""","=""""","="""""
"=""2s2.2p2.(3P).4p""","=""4P*""","=""1/2""","=""""","=""13.2638891""","=""""","=""""","="""""
"=""2s2.2p2.(3P).4p""","=""4P*""","=""3/2""","=""""","=""13.2658173""","=""""","=""""","="""""
"=""2s2.2p2.(3P).4p""","=""4P*""","=""5/2""","=""""","=""13.2709052""","=""""","=""""","="""""
"=""2s2.2p2.(3P).4p""","=""2D*""","=""3/2""","=""""","=""13.2889721""","=""""","=""""","="""""
"=""2s2.2p2.(3P).4p""","=""2D*""","=""5/2""","=""""","=""13.2976904""","=""""","=""""","="""""
"=""2s2.2p2.(3P).4p""","=""4S*""","=""3/2""","=""""","=""13.3215593""","=""""","=""""","="""""
"=""2s2.2p2.(3P).4p""","=""2P*""","=""1/2""","=""""","=""13.3392701""","=""""","=""""","="""""
"=""2s2.2p2.(3P).4p""","=""2P*""","=""3/2""","=""""","=""13.3442064""","=""""","=""""","="""""
"=""2s2.2p2.(3P).5s""","=""4P""","=""1/2""","=""""","=""13.6149817""","=""""","=""""","="""""
"=""2s2.2p2.(3P).5s""","=""4P""","=""3/2""","=""""","=""13.6204726""","=""""","=""""","="""""
"=""2s2.2p2.(3P).5s""","=""4P""","=""5/2""","=""""","=""13.6291690""","=""""","=""""","="""""
"=""2s2.2p2.(3P).5s""","=""2P""","=""1/2""","=""""","=""13.6426905""","=""""","=""""","="""""
"=""2s2.2p2.(3P).5s""","=""2P""","=""3/2""","=""""","=""13.6511356""","=""""","=""""","="""""
"=""2s2.2p2.(3P).4d""","=""4F""","=""3/2""","=""""","=""13.6623958""","=""""","=""""","="""""
"=""2s2.2p2.(3P).4d""","=""4F""","=""5/2""","=""""","=""13.6645956""","=""""","=""""","="""""
"=""2s2.2p2.(3P).4d""","=""4F""","=""7/2""","=""""","=""13.6689216""","=""""","=""""","="""""
"=""2s2.2p2.(3P).4d""","=""4F""","=""9/2""","=""""","=""13.6758579""","=""""","=""""","="""""
"=""2s2.2p2.(3P).4d""","=""2P""","=""3/2""","=""""","=""13.6655516""","=""""","=""""","="""""
"=""2s2.2p2.(3P).4d""","=""2P""","=""1/2""","=""""","=""13.6686606""","=""""","=""""","="""""
"=""2s2.2p2.(3P).4d""","=""2F""","=""5/2""","=""""","=""13.6737591""","=""""","=""""","="""""
"=""2s2.2p2.(3P).4d""","=""2F""","=""7/2""","=""""","=""13.6832014""","=""""","=""""","="""""
"=""2s2.2p2.(3P).4d""","=""4P""","=""5/2""","=""""","=""13.6754539""","=""""","=""""","="""""
"=""2s2.2p2.(3P).4d""","=""4P""","=""3/2""","=""""","=""13.6782741""","=""""","=""""","="""""
"=""2s2.2p2.(3P).4d""","=""4P""","=""1/2""","=""""","=""13.6816580""","=""""","=""""","="""""
"=""2s2.2p2.(3P).4f D""","=""2[3]*""","=""5/2""","=""""","=""13.681543""","=""""","=""""","="""""
"=""2s2.2p2.(3P).4f D""","=""2[3]*""","=""7/2""","=""""","=""13.681553""","=""""","=""""","="""""
"=""2s2.2p2.(3P).4f G""","=""2[3]*""","=""5/2""","=""""","=""13.686032""","=""""","=""""","="""""
"=""2s2.2p2.(3P).4f G""","=""2[3]*""","=""7/2""","=""""","=""13.686040""","=""""","=""""","="""""
"=""2s2.2p2.(3P).4d""","=""4D""","=""1/2""","=""""","=""13.6860943""","=""""","=""""","="""""
"=""2s2.2p2.(3P).4d""","=""4D""","=""3/2""","=""""","=""13.6872930""","=""""","=""""","="""""
"=""2s2.2p2.(3P).4d""","=""4D""","=""5/2""","=""""","=""13.6880236""","=""""","=""""","="""""
"=""2s2.2p2.(3P).4d""","=""4D""","=""7/2""","=""""","=""13.6882547""","=""""","=""""","="""""
"=""2s2.2p2.(3P).4f G""","=""2[4]*""","=""9/2""","=""""","=""13.688115""","=""""","=""""","="""""
"=""2s2.2p2.(3P).4f G""","=""2[4]*""","=""7/2""","=""""","=""13.688126""","=""""","=""""","="""""
"=""2s2.2p2.(3P).4f D""","=""2[2]*""","=""3/2""","=""""","=""13.688413""","=""""","=""""","="""""
"=""2s2.2p2.(3P).4f D""","=""2[2]*""","=""5/2""","=""""","=""13.688420""","=""""","=""""","="""""
"=""2s2.2p2.(3P).4d""","=""2D""","=""3/2""","=""""","=""13.6936867""","=""""","=""""","="""""
"=""2s2.2p2.(3P).4d""","=""2D""","=""5/2""","=""""","=""13.6965647""","=""""","=""""","="""""
"=""2s2.2p2.(3P).4f D""","=""2[1]*""","=""1/2""","=""""","=""13.695269""","=""""","=""""","="""""
"=""2s2.2p2.(3P).4f D""","=""2[1]*""","=""3/2""","=""""","=""13.695269""","=""""","=""""","="""""
"=""2s2.2p2.(3P).4f G""","=""2[5]*""","=""11/2""","=""""","=""13.696918""","=""""","=""""","="""""
"=""2s2.2p2.(3P).4f G""","=""2[5]*""","=""9/2""","=""""","=""13.696936""","=""""","=""""","="""""
"=""2s2.2p2.(3P).4f F""","=""2[2]*""","=""3/2""","=""""","=""13.698513""","=""""","=""""","="""""
"=""2s2.2p2.(3P).4f F""","=""2[2]*""","=""5/2""","=""""","=""13.698523""","=""""","=""""","="""""
"=""2s2.2p2.(3P).4f F""","=""2[3]*""","=""7/2""","=""""","=""13.700058""","=""""","=""""","="""""
"=""2s2.2p2.(3P).4f F""","=""2[3]*""","=""5/2""","=""""","=""13.700059""","=""""","=""""","="""""
"=""2s2.2p2.(3P).4f F""","=""2[4]*""","=""9/2""","=""""","=""13.700462""","=""""","=""""","="""""
"=""2s2.2p2.(3P).4f F""","=""2[4]*""","=""7/2""","=""""","=""13.700481""","=""""","=""""","="""""
"=""2s2.2p2.(1D).3p""","=""2D*""","=""3/2""","=""""","=""13.7028638""","=""""","=""""","="""""
"=""2s2.2p2.(1D).3p""","=""2D*""","=""5/2""","=""""","=""13.7058146""","=""""","=""""","="""""
"=""2s2.2p2.(1D).3p""","=""2F*""","=""5/2""","=""""","=""13.7263822""","=""""","=""""","="""""
"=""2s2.2p2.(1D).3p""","=""2F*""","=""7/2""","=""""","=""13.7269294""","=""""","=""""","="""""
"=""2s2.2p2.(3P).5p""","=""2S*""","=""1/2""","=""""","=""13.7697973""","=""""","=""""","="""""
"=""2s2.2p2.(3P).5p""","=""4D*""","=""1/2""","=""""","=""13.7800461""","=""""","=""""","="""""
"=""2s2.2p2.(3P).5p""","=""4D*""","=""3/2""","=""""","=""13.7827230""","=""""","=""""","="""""
"=""2s2.2p2.(3P).5p""","=""4D*""","=""5/2""","=""""","=""13.7875408""","=""""","=""""","="""""
"=""2s2.2p2.(3P).5p""","=""4D*""","=""7/2""","=""""","=""13.7945902""","=""""","=""""","="""""
"=""2s2.2p2.(3P).5p""","=""2P*""","=""1/2""","=""""","=""13.7869000""","=""""","=""""","="""""
"=""2s2.2p2.(3P).5p""","=""2P*""","=""3/2""","=""""","=""13.7886883""","=""""","=""""","="""""
"=""2s2.2p2.(3P).5p""","=""4P*""","=""1/2""","=""""","=""13.7959196""","=""""","=""""","="""""
"=""2s2.2p2.(3P).5p""","=""4P*""","=""3/2""","=""""","=""13.7976614""","=""""","=""""","="""""
"=""2s2.2p2.(3P).5p""","=""4P*""","=""5/2""","=""""","=""13.8027638""","=""""","=""""","="""""
"=""2s2.2p2.(3P).5p""","=""4S*""","=""3/2""","=""""","=""13.8244077""","=""""","=""""","="""""
"=""2s2.2p2.(3P).5p""","=""2D*""","=""3/2""","=""""","=""13.8680121""","=""""","=""""","="""""
"=""2s2.2p2.(3P).5p""","=""2D*""","=""5/2""","=""""","=""13.8745272""","=""""","=""""","="""""
"=""2s2.2p2.(1D).3p""","=""2P*""","=""1/2""","=""""","=""13.9226824""","=""""","=""""","="""""
"=""2s2.2p2.(1D).3p""","=""2P*""","=""3/2""","=""""","=""13.9258810""","=""""","=""""","="""""
"=""2s2.2p2.(3P).6s""","=""4P""","=""1/2""","=""""","=""13.9563396""","=""""","=""""","="""""
"=""2s2.2p2.(3P).6s""","=""4P""","=""3/2""","=""""","=""13.9618125""","=""""","=""""","="""""
"=""2s2.2p2.(3P).6s""","=""4P""","=""5/2""","=""""","=""13.9707117""","=""""","=""""","="""""
"=""2s2.2p2.(3P).6s""","=""2P""","=""1/2""","=""""","=""13.972022""","=""""","=""""","="""""
"=""2s2.2p2.(3P).6s""","=""2P""","=""3/2""","=""""","=""13.9776017""","=""""","=""""","="""""
"=""2s2.2p2.(3P).5d""","=""4F""","=""3/2""","=""""","=""13.9804540""","=""""","=""""","="""""
"=""2s2.2p2.(3P).5d""","=""4F""","=""5/2""","=""""","=""13.9804985""","=""""","=""""","="""""
"=""2s2.2p2.(3P).5d""","=""4F""","=""7/2""","=""""","=""13.9851355""","=""""","=""""","="""""
"=""2s2.2p2.(3P).5d""","=""4F""","=""9/2""","=""""","=""13.9930238""","=""""","=""""","="""""
"=""2s2.2p2.(3P).5d""","=""2P""","=""3/2""","=""""","=""13.9855454""","=""""","=""""","="""""
"=""2s2.2p2.(3P).5d""","=""2P""","=""1/2""","=""""","=""13.9863558""","=""""","=""""","="""""
"=""2s2.2p2.(3P).5d""","=""2F""","=""5/2""","=""""","=""13.9869696""","=""""","=""""","="""""
"=""2s2.2p2.(3P).5d""","=""2F""","=""7/2""","=""""","=""13.9967297""","=""""","=""""","="""""
"=""2s2.2p2.(3P).5d""","=""4P""","=""5/2""","=""""","=""13.9884501""","=""""","=""""","="""""
"=""2s2.2p2.(3P).5d""","=""4P""","=""3/2""","=""""","=""13.990131""","=""""","=""""","="""""
"=""2s2.2p2.(3P).5d""","=""4P""","=""1/2""","=""""","=""13.994130""","=""""","=""""","="""""
"=""2s2.2p2.(3P<0>).5f""","=""2[3]*""","=""5/2""","=""[""","=""13.988758""","=""]""","=""""","="""""
"=""2s2.2p2.(3P<0>).5f""","=""2[3]*""","=""7/2""","=""[""","=""13.988758""","=""]""","=""""","="""""
"=""2s2.2p2.(3P<1>).5f""","=""2[3]*""","=""5/2""","=""""","=""""","=""""","=""""","="""""
"=""2s2.2p2.(3P<1>).5f""","=""2[3]*""","=""7/2""","=""""","=""13.993939""","=""""","=""""","="""""
"=""2s2.2p2.(3P<1>).5f""","=""2[4]*""","=""9/2""","=""""","=""13.995077""","=""""","=""""","="""""
"=""2s2.2p2.(3P<1>).5f""","=""2[4]*""","=""7/2""","=""""","=""13.995078""","=""""","=""""","="""""
"=""2s2.2p2.(3P<1>).5f""","=""2[2]*""","=""3/2""","=""""","=""13.99535""","=""""","=""""","="""""
"=""2s2.2p2.(3P<1>).5f""","=""2[2]*""","=""5/2""","=""""","=""13.995402""","=""""","=""""","="""""
"=""2s2.2p2.(3P).5d""","=""4D""","=""1/2""","=""""","=""13.99837""","=""""","=""""","="""""
"=""2s2.2p2.(3P).5d""","=""4D""","=""3/2""","=""""","=""13.9989413""","=""""","=""""","="""""
"=""2s2.2p2.(3P).5d""","=""4D""","=""5/2""","=""""","=""13.9991340""","=""""","=""""","="""""
"=""2s2.2p2.(3P).5d""","=""4D""","=""7/2""","=""""","=""13.9991896""","=""""","=""""","="""""
"=""2s2.2p2.(3P).5d""","=""2D""","=""3/2""","=""""","=""14.0011704""","=""""","=""""","="""""
"=""2s2.2p2.(3P).5d""","=""2D""","=""5/2""","=""""","=""14.0034956""","=""""","=""""","="""""
"=""2s2.2p2.(3P<2>).5f""","=""2[1]*""","=""1/2""","=""""","=""14.003596""","=""""","=""""","="""""
"=""2s2.2p2.(3P<2>).5f""","=""2[1]*""","=""3/2""","=""""","=""14.003596""","=""""","=""""","="""""
"=""2s2.2p2.(3P<2>).5f""","=""2[5]*""","=""11/2""","=""""","=""14.004440""","=""""","=""""","="""""
"=""2s2.2p2.(3P<2>).5f""","=""2[5]*""","=""9/2""","=""""","=""14.004453""","=""""","=""""","="""""
"=""2s2.2p2.(3P<2>).5f""","=""2[2]*""","=""3/2""","=""[""","=""14.004979""","=""]""","=""""","="""""
"=""2s2.2p2.(3P<2>).5f""","=""2[2]*""","=""5/2""","=""[""","=""14.004979""","=""]""","=""""","="""""
"=""2s2.2p2.(3P<2>).5f""","=""2[3]*""","=""5/2""","=""""","=""""","=""""","=""""","="""""
"=""2s2.2p2.(3P<2>).5f""","=""2[3]*""","=""7/2""","=""""","=""14.005920""","=""""","=""""","="""""
"=""2s2.2p2.(3P<2>).5f""","=""2[4]*""","=""9/2""","=""""","=""14.006134""","=""""","=""""","="""""
"=""2s2.2p2.(3P<2>).5f""","=""2[4]*""","=""7/2""","=""""","=""14.006148""","=""""","=""""","="""""
"=""2s2.2p2.(3P).6p""","=""4D*""","=""1/2""","=""""","=""""","=""""","=""""","="""""
"=""2s2.2p2.(3P).6p""","=""4D*""","=""3/2""","=""""","=""""","=""""","=""""","="""""
"=""2s2.2p2.(3P).6p""","=""4D*""","=""5/2""","=""""","=""14.04834""","=""""","=""""","="""""
"=""2s2.2p2.(3P).6p""","=""4D*""","=""7/2""","=""""","=""14.05615""","=""""","=""""","="""""
"=""2s2.2p2.(3P).6p""","=""4P*""","=""1/2""","=""""","=""""","=""""","=""""","="""""
"=""2s2.2p2.(3P).6p""","=""4P*""","=""3/2""","=""""","=""14.05358""","=""""","=""""","="""""
"=""2s2.2p2.(3P).6p""","=""4P*""","=""5/2""","=""""","=""14.06011""","=""""","=""""","="""""
"=""2s2.2p2.(3P).7s""","=""4P""","=""1/2""","=""""","=""14.1375033""","=""""","=""""","="""""
"=""2s2.2p2.(3P).7s""","=""4P""","=""3/2""","=""""","=""14.1430205""","=""""","=""""","="""""
"=""2s2.2p2.(3P).7s""","=""4P""","=""5/2""","=""""","=""14.1523654""","=""""","=""""","="""""
"=""2s2.2p2.(3P).7s""","=""2P""","=""1/2""","=""""","=""14.14810""","=""""","=""""","="""""
"=""2s2.2p2.(3P).7s""","=""2P""","=""3/2""","=""""","=""14.15975""","=""""","=""""","="""""
"=""2s2.2p2.(3P).6d""","=""4F""","=""3/2""","=""""","=""14.14960""","=""""","=""""","="""""
"=""2s2.2p2.(3P).6d""","=""4F""","=""5/2""","=""""","=""14.15065""","=""""","=""""","="""""
"=""2s2.2p2.(3P).6d""","=""4F""","=""7/2""","=""""","=""14.1559871""","=""""","=""""","="""""
"=""2s2.2p2.(3P).6d""","=""4F""","=""9/2""","=""""","=""14.1646131""","=""""","=""""","="""""
"=""2s2.2p2.(3P).6d""","=""2P""","=""3/2""","=""""","=""14.15533""","=""""","=""""","="""""
"=""2s2.2p2.(3P).6d""","=""2P""","=""1/2""","=""""","=""14.15695""","=""""","=""""","="""""
"=""2s2.2p2.(3P<0>).6f""","=""2[3]*""","=""5/2""","=""""","=""14.155521""","=""""","=""""","="""""
"=""2s2.2p2.(3P<0>).6f""","=""2[3]*""","=""7/2""","=""""","=""14.155521""","=""""","=""""","="""""
"=""2s2.2p2.(3P).6d""","=""2F""","=""5/2""","=""""","=""14.15685""","=""""","=""""","="""""
"=""2s2.2p2.(3P).6d""","=""2F""","=""7/2""","=""""","=""14.16669""","=""""","=""""","="""""
"=""2s2.2p2.(3P).6d""","=""4P""","=""5/2""","=""""","=""14.15795""","=""""","=""""","="""""
"=""2s2.2p2.(3P).6d""","=""4P""","=""3/2""","=""""","=""14.15900""","=""""","=""""","="""""
"=""2s2.2p2.(3P).6d""","=""4P""","=""1/2""","=""""","=""14.16513""","=""""","=""""","="""""
"=""2s2.2p2.(3P<1>).6f""","=""2[3]*""","=""5/2""","=""""","=""14.161066""","=""""","=""""","="""""
"=""2s2.2p2.(3P<1>).6f""","=""2[3]*""","=""7/2""","=""""","=""14.161066""","=""""","=""""","="""""
"=""2s2.2p2.(3P<1>).6f""","=""2[4]*""","=""7/2""","=""""","=""14.161733""","=""""","=""""","="""""
"=""2s2.2p2.(3P<1>).6f""","=""2[4]*""","=""9/2""","=""""","=""14.161733""","=""""","=""""","="""""
"=""2s2.2p2.(3P<1>).6f""","=""2[2]*""","=""3/2""","=""""","=""14.161956""","=""""","=""""","="""""
"=""2s2.2p2.(3P<1>).6f""","=""2[2]*""","=""5/2""","=""""","=""14.161956""","=""""","=""""","="""""
"=""2s2.2p2.(3P).6d""","=""4D""","=""1/2""","=""""","=""14.16790""","=""""","=""""","="""""
"=""2s2.2p2.(3P).6d""","=""4D""","=""3/2""","=""""","=""14.16800""","=""""","=""""","="""""
"=""2s2.2p2.(3P).6d""","=""4D""","=""5/2""","=""""","=""14.16817""","=""""","=""""","="""""
"=""2s2.2p2.(3P).6d""","=""4D""","=""7/2""","=""""","=""14.16818""","=""""","=""""","="""""
"=""2s2.2p2.(3P).6d""","=""2D""","=""3/2""","=""""","=""14.16854""","=""""","=""""","="""""
"=""2s2.2p2.(3P).6d""","=""2D""","=""5/2""","=""""","=""14.17059""","=""""","=""""","="""""
"=""2s2.2p2.(3P<2>).6f""","=""2[1]*""","=""1/2""","=""[""","=""14.170922""","=""]""","=""""","="""""
"=""2s2.2p2.(3P<2>).6f""","=""2[1]*""","=""3/2""","=""[""","=""14.170922""","=""]""","=""""","="""""
"=""2s2.2p2.(3P<2>).6f""","=""2[5]*""","=""9/2""","=""""","=""14.1714075""","=""""","=""""","="""""
"=""2s2.2p2.(3P<2>).6f""","=""2[5]*""","=""11/2""","=""""","=""14.1714075""","=""""","=""""","="""""
"=""2s2.2p2.(3P<2>).6f""","=""2[2]*""","=""3/2""","=""""","=""14.171644""","=""""","=""""","="""""
"=""2s2.2p2.(3P<2>).6f""","=""2[2]*""","=""5/2""","=""""","=""14.171644""","=""""","=""""","="""""
"=""2s2.2p2.(3P<2>).6f""","=""2[3]*""","=""5/2""","=""""","=""14.172223""","=""""","=""""","="""""
"=""2s2.2p2.(3P<2>).6f""","=""2[3]*""","=""7/2""","=""""","=""14.172223""","=""""","=""""","="""""
"=""2s2.2p2.(3P<2>).6f""","=""2[4]*""","=""7/2""","=""""","=""14.172360""","=""""","=""""","="""""
"=""2s2.2p2.(3P<2>).6f""","=""2[4]*""","=""9/2""","=""""","=""14.172360""","=""""","=""""","="""""
"=""2s2.2p2.(3P).7p""","=""4D*""","=""1/2""","=""""","=""""","=""""","=""""","="""""
"=""2s2.2p2.(3P).7p""","=""4D*""","=""3/2""","=""""","=""""","=""""","=""""","="""""
"=""2s2.2p2.(3P).7p""","=""4D*""","=""5/2""","=""""","=""""","=""""","=""""","="""""
"=""2s2.2p2.(3P).7p""","=""4D*""","=""7/2""","=""""","=""14.20184""","=""""","=""""","="""""
"=""2s2.2p2.(3P).8s""","=""4P""","=""1/2""","=""""","=""14.24504""","=""""","=""""","="""""
"=""2s2.2p2.(3P).8s""","=""4P""","=""3/2""","=""""","=""14.25063""","=""""","=""""","="""""
"=""2s2.2p2.(3P).8s""","=""4P""","=""5/2""","=""""","=""14.26082""","=""""","=""""","="""""
"=""2s2.2p2.(3P).7d""","=""4F""","=""3/2""","=""""","=""14.25229""","=""""","=""""","="""""
"=""2s2.2p2.(3P).7d""","=""4F""","=""5/2""","=""""","=""14.25310""","=""""","=""""","="""""
"=""2s2.2p2.(3P).7d""","=""4F""","=""7/2""","=""""","=""14.25863""","=""""","=""""","="""""
"=""2s2.2p2.(3P).7d""","=""4F""","=""9/2""","=""""","=""14.26775""","=""""","=""""","="""""
"=""2s2.2p2.(3P).8s""","=""2P""","=""1/2""","=""""","=""14.25361""","=""""","=""""","="""""
"=""2s2.2p2.(3P).8s""","=""2P""","=""3/2""","=""""","=""14.26232""","=""""","=""""","="""""
"=""2s2.2p2.(3P).7d""","=""2P""","=""3/2""","=""""","=""14.25729""","=""""","=""""","="""""
"=""2s2.2p2.(3P).7d""","=""2P""","=""1/2""","=""""","=""14.25941""","=""""","=""""","="""""
"=""2s2.2p2.(3P).7d""","=""2F""","=""5/2""","=""""","=""14.25855""","=""""","=""""","="""""
"=""2s2.2p2.(3P).7d""","=""2F""","=""7/2""","=""""","=""14.26896""","=""""","=""""","="""""
"=""2s2.2p2.(3P).7d""","=""4P""","=""1/2""","=""""","=""""","=""""","=""""","="""""
"=""2s2.2p2.(3P).7d""","=""4P""","=""5/2""","=""""","=""14.25955""","=""""","=""""","="""""
"=""2s2.2p2.(3P).7d""","=""4P""","=""3/2""","=""""","=""14.26050""","=""""","=""""","="""""
"=""2s2.2p2.(3P).7d""","=""4D""","=""1/2""","=""""","=""14.26975""","=""""","=""""","="""""
"=""2s2.2p2.(3P).7d""","=""4D""","=""7/2""","=""""","=""14.26989""","=""""","=""""","="""""
"=""2s2.2p2.(3P).7d""","=""4D""","=""3/2""","=""""","=""14.26990""","=""""","=""""","="""""
"=""2s2.2p2.(3P).7d""","=""4D""","=""5/2""","=""""","=""14.26991""","=""""","=""""","="""""
"=""2s2.2p2.(3P).7d""","=""2D""","=""3/2""","=""""","=""14.27058""","=""""","=""""","="""""
"=""2s2.2p2.(3P).7d""","=""2D""","=""5/2""","=""""","=""14.27135""","=""""","=""""","="""""
"=""2s2.2p2.(3P).9s""","=""4P""","=""1/2""","=""""","=""14.31391""","=""""","=""""","="""""
"=""2s2.2p2.(3P).9s""","=""4P""","=""3/2""","=""""","=""14.31962""","=""""","=""""","="""""
"=""2s2.2p2.(3P).9s""","=""4P""","=""5/2""","=""""","=""14.32967""","=""""","=""""","="""""
"=""2s2.2p2.(3P).9s""","=""2P""","=""1/2""","=""""","=""14.318""","=""""","=""""","="""""
"=""2s2.2p2.(3P).9s""","=""2P""","=""3/2""","=""""","=""14.318""","=""""","=""""","="""""
"=""2s2.2p2.(3P).8d""","=""4F""","=""3/2""","=""""","=""""","=""""","=""""","="""""
"=""2s2.2p2.(3P).8d""","=""4F""","=""5/2""","=""""","=""14.31962""","=""""","=""""","="""""
"=""2s2.2p2.(3P).8d""","=""4F""","=""7/2""","=""""","=""14.32486""","=""""","=""""","="""""
"=""2s2.2p2.(3P).8d""","=""4F""","=""9/2""","=""""","=""14.33422""","=""""","=""""","="""""
"=""2s2.2p2.(3P).8d""","=""2P""","=""1/2""","=""""","=""14.324""","=""""","=""""","="""""
"=""2s2.2p2.(3P).8d""","=""2P""","=""3/2""","=""""","=""14.32456""","=""""","=""""","="""""
"=""2s2.2p2.(3P).8d""","=""2F""","=""5/2""","=""""","=""14.32494""","=""""","=""""","="""""
"=""2s2.2p2.(3P).8d""","=""2F""","=""7/2""","=""""","=""14.33513""","=""""","=""""","="""""
"=""2s2.2p2.(3P).8d""","=""2D""","=""3/2""","=""""","=""14.3322""","=""""","=""""","="""""
"=""2s2.2p2.(3P).8d""","=""2D""","=""5/2""","=""""","=""14.33673""","=""""","=""""","="""""
"=""2s2.2p2.(3P).8d""","=""4P""","=""1/2""","=""""","=""14.3348""","=""""","=""""","="""""
"=""2s2.2p2.(3P).8d""","=""4P""","=""3/2""","=""""","=""14.3348""","=""""","=""""","="""""
"=""2s2.2p2.(3P).8d""","=""4P""","=""5/2""","=""""","=""14.3348""","=""""","=""""","="""""
"=""2s2.2p2.(3P).8d""","=""4D""","=""1/2""","=""""","=""14.33561""","=""""","=""""","="""""
"=""2s2.2p2.(3P).8d""","=""4D""","=""3/2""","=""""","=""14.33591""","=""""","=""""","="""""
"=""2s2.2p2.(3P).8d""","=""4D""","=""5/2""","=""""","=""14.33591""","=""""","=""""","="""""
"=""2s2.2p2.(3P).8d""","=""4D""","=""7/2""","=""""","=""14.33601""","=""""","=""""","="""""
"=""2s2.2p2.(3P).10s""","=""4P""","=""1/2""","=""""","=""14.36100""","=""""","=""""","="""""
"=""2s2.2p2.(3P).10s""","=""4P""","=""3/2""","=""""","=""14.36685""","=""""","=""""","="""""
"=""2s2.2p2.(3P).10s""","=""4P""","=""5/2""","=""""","=""14.37661""","=""""","=""""","="""""
"=""2s2.2p2.(3P).10s""","=""2P""","=""1/2""","=""""","=""14.3626""","=""""","=""""","="""""
"=""2s2.2p2.(3P).10s""","=""2P""","=""3/2""","=""""","=""14.3626""","=""""","=""""","="""""
"=""2s2.2p2.(3P).9d""","=""4D""","=""1/2""","=""""","=""14.3682""","=""""","=""""","="""""
"=""2s2.2p2.(3P).9d""","=""4D""","=""3/2""","=""""","=""14.3682""","=""""","=""""","="""""
"=""2s2.2p2.(3P).9d""","=""4D""","=""5/2""","=""""","=""14.3682""","=""""","=""""","="""""
"=""2s2.2p2.(3P).9d""","=""4D""","=""7/2""","=""""","=""14.3682""","=""""","=""""","="""""
"=""2s2.2p2.(3P).9d""","=""2P""","=""1/2""","=""""","=""14.3684""","=""""","=""""","="""""
"=""2s2.2p2.(3P).9d""","=""2P""","=""3/2""","=""""","=""14.3684""","=""""","=""""","="""""
"=""2s2.2p2.(3P).9d""","=""2F""","=""5/2""","=""""","=""14.3700""","=""""","=""""","="""""
"=""2s2.2p2.(3P).9d""","=""2F""","=""7/2""","=""""","=""14.3700""","=""""","=""""","="""""
"=""2s2.2p2.(3P).9d""","=""2D""","=""3/2""","=""""","=""14.3788""","=""""","=""""","="""""
"=""2s2.2p2.(3P).9d""","=""2D""","=""5/2""","=""""","=""14.3811""","=""""","=""""","="""""
"=""2s2.2p2.(3P).9d""","=""4P""","=""1/2""","=""""","=""14.381""","=""""","=""""","="""""
"=""2s2.2p2.(3P).9d""","=""4P""","=""3/2""","=""""","=""14.381""","=""""","=""""","="""""
"=""2s2.2p2.(3P).9d""","=""4P""","=""5/2""","=""""","=""14.381""","=""""","=""""","="""""
"=""2s2.2p2.(3P).11s""","=""2P""","=""1/2""","=""""","=""14.3954""","=""""","=""""","="""""
"=""2s2.2p2.(3P).11s""","=""2P""","=""3/2""","=""""","=""14.3954""","=""""","=""""","="""""
"=""2s2.2p2.(3P).11s""","=""4P""","=""1/2""","=""""","=""14.3975""","=""""","=""""","="""""
"=""2s2.2p2.(3P).11s""","=""4P""","=""3/2""","=""""","=""14.3975""","=""""","=""""","="""""
"=""2s2.2p2.(3P).11s""","=""4P""","=""5/2""","=""""","=""14.3975""","=""""","=""""","="""""
"=""2s2.2p2.(3P).10d""","=""2P""","=""1/2""","=""""","=""14.4014""","=""""","=""""","="""""
"=""2s2.2p2.(3P).10d""","=""2P""","=""3/2""","=""""","=""14.4014""","=""""","=""""","="""""
"=""2s2.2p2.(3P).10d""","=""2F""","=""5/2""","=""""","=""14.4019""","=""""","=""""","="""""
"=""2s2.2p2.(3P).10d""","=""2F""","=""7/2""","=""""","=""14.4019""","=""""","=""""","="""""
"=""2s2.2p2.(3P).10d""","=""4D""","=""1/2""","=""""","=""14.4025""","=""""","=""""","="""""
"=""2s2.2p2.(3P).10d""","=""4D""","=""3/2""","=""""","=""14.4025""","=""""","=""""","="""""
"=""2s2.2p2.(3P).10d""","=""4D""","=""5/2""","=""""","=""14.4025""","=""""","=""""","="""""
"=""2s2.2p2.(3P).10d""","=""4D""","=""7/2""","=""""","=""14.4025""","=""""","=""""","="""""
"=""2s2.2p2.(3P).10d""","=""2D""","=""3/2""","=""""","=""14.412""","=""""","=""""","="""""
"=""2s2.2p2.(3P).10d""","=""2D""","=""5/2""","=""""","=""14.412""","=""""","=""""","="""""
"=""2s2.2p2.(3P).10d""","=""4P""","=""1/2""","=""""","=""14.4143""","=""""","=""""","="""""
"=""2s2.2p2.(3P).10d""","=""4P""","=""3/2""","=""""","=""14.4143""","=""""","=""""","="""""
"=""2s2.2p2.(3P).10d""","=""4P""","=""5/2""","=""""","=""14.4143""","=""""","=""""","="""""
"=""2s2.2p2.(1S).3s""","=""2S""","=""1/2""","=""""","=""14.4167038""","=""""","=""""","="""""
"=""2s2.2p2.(3P).12s""","=""2P""","=""1/2""","=""""","=""14.4200""","=""""","=""""","="""""
"=""2s2.2p2.(3P).12s""","=""2P""","=""3/2""","=""""","=""14.4200""","=""""","=""""","="""""
"=""2s2.2p2.(3P).12s""","=""4P""","=""1/2""","=""""","=""14.4209""","=""""","=""""","="""""
"=""2s2.2p2.(3P).12s""","=""4P""","=""3/2""","=""""","=""14.4209""","=""""","=""""","="""""
"=""2s2.2p2.(3P).12s""","=""4P""","=""5/2""","=""""","=""14.4209""","=""""","=""""","="""""
"=""2s2.2p2.(3P).11d""","=""2P""","=""1/2""","=""""","=""14.4257""","=""""","=""""","="""""
"=""2s2.2p2.(3P).11d""","=""2P""","=""3/2""","=""""","=""14.4257""","=""""","=""""","="""""
"=""2s2.2p2.(3P).11d""","=""2F""","=""5/2""","=""""","=""14.4267""","=""""","=""""","="""""
"=""2s2.2p2.(3P).11d""","=""2F""","=""7/2""","=""""","=""14.4267""","=""""","=""""","="""""
"=""2s2.2p2.(3P).11d""","=""4D""","=""1/2""","=""""","=""14.4277""","=""""","=""""","="""""
"=""2s2.2p2.(3P).11d""","=""4D""","=""3/2""","=""""","=""14.4277""","=""""","=""""","="""""
"=""2s2.2p2.(3P).11d""","=""4D""","=""5/2""","=""""","=""14.4277""","=""""","=""""","="""""
"=""2s2.2p2.(3P).11d""","=""4D""","=""7/2""","=""""","=""14.4277""","=""""","=""""","="""""
"=""2s2.2p2.(3P).11d""","=""2D""","=""3/2""","=""""","=""14.4362""","=""""","=""""","="""""
"=""2s2.2p2.(3P).11d""","=""2D""","=""5/2""","=""""","=""14.4362""","=""""","=""""","="""""
"=""2s2.2p2.(3P).11d""","=""4P""","=""1/2""","=""""","=""14.4368""","=""""","=""""","="""""
"=""2s2.2p2.(3P).11d""","=""4P""","=""3/2""","=""""","=""14.4368""","=""""","=""""","="""""
"=""2s2.2p2.(3P).11d""","=""4P""","=""5/2""","=""""","=""14.4368""","=""""","=""""","="""""
"=""2s2.2p2.(3P).13s""","=""2P""","=""1/2""","=""""","=""14.4401""","=""""","=""""","="""""
"=""2s2.2p2.(3P).13s""","=""2P""","=""3/2""","=""""","=""14.4401""","=""""","=""""","="""""
"=""2s2.2p2.(3P).12d""","=""2P""","=""1/2""","=""""","=""14.4444""","=""""","=""""","="""""
"=""2s2.2p2.(3P).12d""","=""2P""","=""3/2""","=""""","=""14.4444""","=""""","=""""","="""""
"=""2s2.2p2.(3P).12d""","=""4P""","=""1/2""","=""""","=""14.4542""","=""""","=""""","="""""
"=""2s2.2p2.(3P).12d""","=""4P""","=""3/2""","=""""","=""14.4542""","=""""","=""""","="""""
"=""2s2.2p2.(3P).12d""","=""4P""","=""5/2""","=""""","=""14.4542""","=""""","=""""","="""""
"=""2s2.2p2.(3P).12d""","=""2D""","=""3/2""","=""""","=""14.4597""","=""""","=""""","="""""
"=""2s2.2p2.(3P).12d""","=""2D""","=""5/2""","=""""","=""14.4597""","=""""","=""""","="""""
"=""N II (2p2 3P<0>)""","=""Limit""","=""---""","=""""","=""14.53413""","=""""","=""0.00004""","=""L1411"""
"=""N II (2p2 3P<1>)""","=""Limit""","=""---""","=""""","=""14.54017""","=""""","=""""","="""""
"=""N II (2p2 3P<2>)""","=""Limit""","=""---""","=""""","=""14.550347""","=""""","=""""","="""""
"=""2s2.2p2.(1D).4s""","=""2D""","=""3/2""","=""""","=""14.78016""","=""""","=""""","="""""
"=""2s2.2p2.(1D).4s""","=""2D""","=""5/2""","=""""","=""14.78016""","=""""","=""""","="""""
"=""2s2.2p2.(1D).3d""","=""2F""","=""5/2""","=""""","=""""","=""""","=""""","="""""
"=""2s2.2p2.(1D).3d""","=""2F""","=""7/2""","=""""","=""14.85491""","=""""","=""""","="""""
"=""2s2.2p2.(1D).3d""","=""2G""","=""9/2""","=""""","=""14.8966070""","=""""","=""""","="""""
"=""2s2.2p2.(1D).3d""","=""2G""","=""7/2""","=""""","=""14.8966178""","=""""","=""""","="""""
"=""2s2.2p2.(1D).3d""","=""2D""","=""5/2""","=""""","=""14.89671""","=""""","=""""","="""""
"=""2s2.2p2.(1D).3d""","=""2D""","=""3/2""","=""""","=""14.89742""","=""""","=""""","="""""
"=""2s2.2p2.(1D).3d""","=""2P""","=""3/2""","=""""","=""14.91649""","=""""","=""""","="""""
"=""2s2.2p2.(1D).3d""","=""2P""","=""1/2""","=""""","=""14.91669""","=""""","=""""","="""""
"=""2s2.2p2.(1D).3d""","=""2S""","=""1/2""","=""""","=""14.94828""","=""""","=""""","="""""
"=""2s.2p4""","=""2D""","=""3/2""","=""""","=""""","=""""","=""""","="""""
"=""2s.2p4""","=""2D""","=""5/2""","=""""","=""15.02695""","=""""","=""""","="""""
"=""2s2.2p2.(1D).4p""","=""2F*""","=""5/2""","=""""","=""15.15662""","=""""","=""""","="""""
"=""2s2.2p2.(1D).4p""","=""2F*""","=""7/2""","=""""","=""15.15662""","=""""","=""""","="""""
"=""2s2.2p2.(1D).4f H""","=""2[5]*""","=""9/2""","=""""","=""15.583335""","=""""","=""""","="""""
"=""2s2.2p2.(1D).4f H""","=""2[5]*""","=""11/2""","=""""","=""15.583335""","=""""","=""""","="""""
"=""2s.2p3.(5S*).3s""","=""6S*""","=""5/2""","=""[""","=""16.241930""","=""]+x""","=""""","="""""
"=""2s.2p3.(5S*).3p""","=""6P""","=""3/2""","=""""","=""17.615768""","=""+x""","=""""","="""""
"=""2s.2p3.(5S*).3p""","=""6P""","=""5/2""","=""""","=""17.615912""","=""+x""","=""""","="""""
"=""2s.2p3.(5S*).3p""","=""6P""","=""7/2""","=""""","=""17.616187""","=""+x""","=""""","="""""
"=""2s.2p3.(5S*).3p""","=""4P""","=""1/2""","=""""","=""17.898""","=""""","=""""","="""""
"=""2s.2p3.(5S*).3p""","=""4P""","=""3/2""","=""""","=""17.898""","=""""","=""""","="""""
"=""2s.2p3.(5S*).3p""","=""4P""","=""5/2""","=""""","=""17.898""","=""""","=""""","="""""
"=""2s.2p3.(5S*).4p""","=""4P""","=""1/2""","=""""","=""19.1480""","=""""","=""""","="""""
"=""2s.2p3.(5S*).4p""","=""4P""","=""3/2""","=""""","=""19.1480""","=""""","=""""","="""""
"=""2s.2p3.(5S*).4p""","=""4P""","=""5/2""","=""""","=""19.1480""","=""""","=""""","="""""
"=""2s.2p3.(5S*).5p""","=""4P""","=""1/2""","=""""","=""19.6294""","=""""","=""""","="""""
"=""2s.2p3.(5S*).5p""","=""4P""","=""3/2""","=""""","=""19.6294""","=""""","=""""","="""""
"=""2s.2p3.(5S*).5p""","=""4P""","=""5/2""","=""""","=""19.6294""","=""""","=""""","="""""
"=""2s.2p3.(5S*).6p""","=""4P""","=""1/2""","=""""","=""19.8674""","=""""","=""""","="""""
"=""2s.2p3.(5S*).6p""","=""4P""","=""3/2""","=""""","=""19.8674""","=""""","=""""","="""""
"=""2s.2p3.(5S*).6p""","=""4P""","=""5/2""","=""""","=""19.8674""","=""""","=""""","="""""
"=""2s.2p3.(5S*).7p""","=""4P""","=""1/2""","=""""","=""20.002""","=""""","=""""","="""""
"=""2s.2p3.(5S*).7p""","=""4P""","=""3/2""","=""""","=""20.002""","=""""","=""""","="""""
"=""2s.2p3.(5S*).7p""","=""4P""","=""5/2""","=""""","=""20.002""","=""""","=""""","="""""
"=""2s.2p3.(5S*).8p""","=""4P""","=""1/2""","=""""","=""20.0861""","=""""","=""""","="""""
"=""2s.2p3.(5S*).8p""","=""4P""","=""3/2""","=""""","=""20.0861""","=""""","=""""","="""""
"=""2s.2p3.(5S*).8p""","=""4P""","=""5/2""","=""""","=""20.0861""","=""""","=""""","="""""
"=""2s.2p3.(5S*).9p""","=""4P""","=""1/2""","=""[""","=""20.1395""","=""]""","=""""","="""""
"=""2s.2p3.(5S*).9p""","=""4P""","=""3/2""","=""[""","=""20.1395""","=""]""","=""""","="""""
"=""2s.2p3.(5S*).9p""","=""4P""","=""5/2""","=""[""","=""20.1395""","=""]""","=""""","="""""
"=""2s.2p3.(5S*).10p""","=""4P""","=""1/2""","=""""","=""20.181""","=""""","=""""","="""""
"=""2s.2p3.(5S*).10p""","=""4P""","=""3/2""","=""""","=""20.181""","=""""","=""""","="""""
"=""2s.2p3.(5S*).10p""","=""4P""","=""5/2""","=""""","=""20.181""","=""""","=""""","="""""
"=""2s.2p3.(5S*).11p""","=""4P""","=""1/2""","=""""","=""20.2093""","=""""","=""""","="""""
"=""2s.2p3.(5S*).11p""","=""4P""","=""3/2""","=""""","=""20.2093""","=""""","=""""","="""""
"=""2s.2p3.(5S*).11p""","=""4P""","=""5/2""","=""""","=""20.2093""","=""""","=""""","="""""
"=""2s.2p3.(5S*).12p""","=""4P""","=""1/2""","=""""","=""20.2296""","=""""","=""""","="""""
"=""2s.2p3.(5S*).12p""","=""4P""","=""3/2""","=""""","=""20.2296""","=""""","=""""","="""""
"=""2s.2p3.(5S*).12p""","=""4P""","=""5/2""","=""""","=""20.2296""","=""""","=""""","="""""
"=""2s.2p3.(5S*).13p""","=""4P""","=""1/2""","=""""","=""20.2464""","=""""","=""""","="""""
"=""2s.2p3.(5S*).13p""","=""4P""","=""3/2""","=""""","=""20.2464""","=""""","=""""","="""""
"=""2s.2p3.(5S*).13p""","=""4P""","=""5/2""","=""""","=""20.2464""","=""""","=""""","="""""
"=""2s.2p3.(5S*).14p""","=""4P""","=""1/2""","=""""","=""20.2589""","=""""","=""""","="""""
"=""2s.2p3.(5S*).14p""","=""4P""","=""3/2""","=""""","=""20.2589""","=""""","=""""","="""""
"=""2s.2p3.(5S*).14p""","=""4P""","=""5/2""","=""""","=""20.2589""","=""""","=""""","="""""