species,wl_air,lower,upper,lower_desc,upper_desc,Aki,Ek,status,snr,height,area,contamination,contam_reason,band_overlap,ratio_to_Ar750,ratio_to_Ar751
N I,746.831,other7,other21,(3P).3s 4P 2.5,(3P).3p 4S* 1.5,19600000.0,11.9955753,not_detected,0.6001064995165113,29892674.05321621,937486.5711716185,n/a,,"FPS B-A (4,2); FPS B-A (10,9)",0.00104400917424109,0.0011852967452927294
N I,744.229,other6,other21,(3P).3s 4P 1.5,(3P).3p 4S* 1.5,11900000.0,11.9955753,weak,6.177539822571459,98885876.73214592,3092048.626553369,clean?,"N2 band region: FPS B-A (4,2)/FPS B-A (10,9)","FPS B-A (4,2); FPS B-A (10,9)",0.003443384932209691,0.0039093841832424925
N I,742.364,other5,other21,(3P).3s 4P 0.5,(3P).3p 4S* 1.5,5640000.0,11.9955753,edge,,,,n/a,,,,
N I,821.6336366952397,other7,other20,(3P).3s 4P 2.5,(3P).3p 4P* 2.5,,11.844477,weak,6.097219598083771,274337982.3743796,21017262.55621812,clean?,"N2 band region: FPS B-A (10,10)","FPS B-A (10,10)",0.023405364514931987,0.026572853061473556
N I,821.0715148149885,other6,other19,(3P).3s 4P 1.5,(3P).3p 4P* 1.5,,11.8397086,not_detected,0.0,0.0,0.0,n/a,,"FPS B-A (10,10)",0.0,0.0
N I,818.4861604289263,other6,other20,(3P).3s 4P 1.5,(3P).3p 4P* 2.5,,11.844477,gap,,,,n/a,,,,
N I,820.0356651818677,other5,other18,(3P).3s 4P 0.5,(3P).3p 4P* 0.5,,11.8374298,weak,3.860346496502261,23393669.75638994,795263.7625513601,clean?,"N2 band region: FPS B-A (5,4)/FPS B-A (10,10)","FPS B-A (5,4); FPS B-A (10,10)",0.0008856261940984302,0.001005479521934206
N I,822.312822147951,other6,other18,(3P).3s 4P 1.5,(3P).3p 4P* 0.5,,11.8374298,not_detected,0.0,0.0,0.0,n/a,,"FPS B-A (10,10)",0.0,0.0
N I,824.2389446991001,other7,other19,(3P).3s 4P 2.5,(3P).3p 4P* 1.5,,11.8397086,ok,52.821129250173605,899257390.700334,30703223.360326096,clean,"N2 band region: FPS B-A (10,10)","FPS B-A (10,10)",0.034191899759048204,0.03881914881565608
N I,868.0281713802698,other7,other17,(3P).3s 4P 2.5,(3P).3p 4D* 3.5,,11.7638464,gap,,,,n/a,,,,
N I,868.3403116411932,other6,other16,(3P).3s 4P 1.5,(3P).3p 4D* 2.5,,11.7575319,gap,,,,n/a,,,,
N I,862.9234915655751,other9,other25,(3P).3s 2P 1.5,(3P).3p 2P* 1.5,,12.1263787,weak,3.0263921683064434,48348372.813478544,1717949.3878936663,clean?,,,0.0019131526541242797,0.002172062918728713
N I,859.3999555983168,other8,other24,(3P).3s 2P 0.5,(3P).3p 2P* 0.5,,12.1219574,not_detected,0.0,0.0,0.0,n/a,,"FPS B-A (8,8)",0.0,0.0
N I,856.7735236344027,other8,other25,(3P).3s 2P 0.5,(3P).3p 2P* 1.5,,12.1263787,weak,4.496848402522549,42486337.44272711,3375602.2867860873,clean?,"N2 band region: FPS B-A (8,8)","FPS B-A (8,8)",0.0037591575862143596,0.004267890897818306
Ar I,750.3869,4s4,4p10,4s'[1/2]1,4p'[1/2]0,45000000.0,13.47988682,ok,96.54307134128292,15208753256.486092,897967751.9147236,clean,"N2 band region: FPS B-A (4,2)/FPS B-A (10,9)","FPS B-A (4,2); FPS B-A (10,9)",,
Ar I,751.4652,4s2,4p6,4s[3/2]1,4p[1/2]0,40000000.0,13.2730381,ok,188.3607161094901,15437777053.011036,790929845.1166253,clean,"N2 band region: FPS B-A (10,9)","FPS B-A (10,9)",,
Ar I,811.5311,4s1,4p2,4s[3/2]2,4p[5/2]3,33000000.0,13.07571571,gap,,,,n/a,,,,
Ar I,763.5106,4s1,4p5,4s[3/2]2,4p[3/2]2,24500000.0,13.1717777,gap,,,,n/a,,,,
Ar I,772.3761,4s1,4p4,4s[3/2]2,4p[3/2]1,5200000.0,13.15314387,ok,124.87538797678447,16525426561.980412,666807907.030757,clean,"N2 band region: FPS B-A (2,0)/FPS B-A (8,7)","FPS B-A (2,0); FPS B-A (8,7)",,
Ar I,772.4207,4s3,4p9,4s'[1/2]0,4p'[1/2]1,11700000.0,13.32785705,ok,120.34162111669009,15925448996.268593,642598560.0975809,clean,"N2 band region: FPS B-A (2,0)/FPS B-A (8,7)","FPS B-A (2,0); FPS B-A (8,7)",,
Ar I,794.8176,4s3,4p7,4s'[1/2]0,4p'[3/2]1,18600000.0,13.28263902,ok,131.86722622514736,18737878668.36047,1007431692.8362659,clean,,,,
Ar I,800.6157,4s2,4p5,4s[3/2]1,4p[3/2]2,4900000.0,13.1717777,ok,314.6431225993509,28302126654.289825,942294630.1856163,clean,"N2 band region: FPS B-A (6,5)","FPS B-A (6,5)",,
Ar I,801.4786,4s1,4p3,4s[3/2]2,4p[5/2]2,9300000.0,13.09487256,ok,316.0063355814709,45132572399.07743,1691967430.0819955,clean,"N2 band region: FPS B-A (6,5)","FPS B-A (6,5)",,
Ar I,826.4522,4s4,4p9,4s'[1/2]1,4p'[1/2]1,15300000.0,13.32785705,ok,223.4616955059561,20871823491.794136,1026782570.831013,suspect,mix/pure ratio 0.94 vs 0.67 for other 4p9 lines,,,
Ar I,840.821,4s4,4p8,4s'[1/2]1,4p'[3/2]2,22300000.0,13.30222747,gap,,,,n/a,,,,
Ar I,842.4648,4s2,4p3,4s[3/2]1,4p[5/2]2,21500000.0,13.09487256,gap,,,,n/a,,,,
Ar I,852.1442,4s4,4p7,4s'[1/2]1,4p'[3/2]1,13900000.0,13.28263902,ok,61.349248868295525,9846896172.365236,432591939.1879977,clean,"N2 band region: FPS B-A (3,2)/FPS B-A (8,8)","FPS B-A (3,2); FPS B-A (8,8)",,
Ar I,866.7944,4s3,4p4,4s'[1/2]0,4p[3/2]1,2430000.0,13.15314387,gap,,,,n/a,,,,
Ar I,696.5431,4s1,4p9,4s[3/2]2,4p'[1/2]1,6400000.0,13.32785705,gap,,,,n/a,,,,
Ar I,706.7218,4s1,4p8,4s[3/2]2,4p'[3/2]2,3800000.0,13.30222747,ok,180.26276078933134,7477798377.278077,363579131.9157362,clean,"N2 band region: FPS B-A (8,6)","FPS B-A (8,6)",,
Ar I,738.398,4s2,4p8,4s[3/2]1,4p'[3/2]2,8500000.0,13.30222747,gap,,,,n/a,,,,
Ar I,727.2936,4s2,4p9,4s[3/2]1,4p'[1/2]1,1830000.0,13.32785705,ok,92.4921844653039,2314613879.23601,102013080.67497472,clean,"N2 band region: FPS B-A (6,4)","FPS B-A (6,4)",,
Ar I,714.7042,4s1,4p7,4s[3/2]2,4p'[3/2]1,630000.0,13.28263902,gap,,,,n/a,,,,
Ar I,667.7282,4s2,4p10,4s[3/2]1,4p'[1/2]0,236000.0,13.47988682,ok,12.141323702459534,77723392.31017669,2216651.143378155,suspect,"pedestal +0.30 of height; N2 band region: FPS B-A (5,2)/FPS B-A (12,10)","FPS B-A (5,2); FPS B-A (12,10)",,
