species,wl_air,wl_vac,Aki,acc,Ei,Ek,gi,gk,lower,upper,lower_in_model,upper_in_model,lower_desc,upper_desc,source,group,status,centre_fit,shift,fwhm_group,height,area,sigma,snr,pedestal_frac,blended,n_resid_peaks,resid_peaks_nm,fwhm_free,centre_free,asym,height_free,area_free,ref_scale,ref_shift,excess_frac,excess_z,resid_core_frac,extra_amp_frac,extra_pos,extra_gain,extra_peaks,n_extra_near,width_ratio,pedestal_change,ratio_mix_pure,branching_dev,band_overlap,contamination,contam_reason,A_branch_dev,A_branch_partner,E_k,y,resid
Ar I,415.859,415.97625362602895,1400000.0,B,11.54835442,14.52891349,5.0,5.0,4s1,5p5,True,True,4s[3/2]2,5p[3/2]2,NIST-csv,38,ok,415.85625745700247,-0.002742542997510913,0.022864235361776526,199393474.72888955,4852883.145231591,821965.4936641804,242.58132034232707,0.0010955556022198285,False,0.0,,0.022827395246367628,415.85620058176687,0.11384726282546272,200145788.37200657,4863344.388874676,0.8999932900768545,0.0,0.03944350409169573,5.729755631614849,0.08168710721246697,0.09879058449605217,415.84101463342785,0.2905240441724958,,0,1.0695249143527006,-0.0011943541419870318,0.9819188956011838,0.07618643808120651,"FNS B-X (3,4); FPS B-A (9,0); FPS B-A (10,1); FPS B-A (11,2)",clean,"N2 band region: FNS B-X (3,4)/FPS B-A (9,0)",-0.031988468710622664,426.63,14.52891349,5.664009102704975,-0.1888353168914687
Ar I,420.0674,420.1857577839226,970000.0,B+,11.54835442,14.49905364,5.0,7.0,4s1,5p2,True,True,4s[3/2]2,5p[5/2]3,NIST-csv,43,ok,420.05973261327335,-0.007667386726660074,0.02649805668662924,139590041.98311657,3937319.637216725,3656273.9174728896,38.17822327699046,0.02798551376119527,False,0.0,,0.027068164939113515,420.0595709468749,0.14253298141557247,138547018.40150675,3991978.6354500903,0.623841569638169,0.0,0.006991636213371552,0.7296906013464407,0.03805294839508038,0.04261062349217229,420.04648358493,0.21404578540670072,,0,1.007687741918663,0.028093859068770828,0.6325176583544594,,"SPS C-B (2,6); FNS B-X (2,3); FPS B-A (9,0); FPS B-A (10,1); FNS B-X (1,2); FPS B-A (11,2); FPS B-A (12,3)",clean,"N2 band region: SPS C-B (2,6)/FNS B-X (2,3)",,,14.49905364,5.495464429703815,-0.4503475984483183
Ar I,425.9362,426.05609923270424,3980000.0,B+,11.82807116,14.73811536,3.0,1.0,4s4,5p10,True,True,4s'[1/2]1,5p'[1/2]0,NIST-csv,46,ok,425.9284972410448,-0.0077027589552173484,0.03493409103458517,63569164.57789906,2363894.889747978,1120460.0303687968,56.734879295047605,-0.010444342255579983,False,1.0,425.934,0.03365658127374648,425.9285398363939,-0.35890967919676126,64365595.80090224,2305982.480602391,1.1289885276411658,0.004366761379323146,0.02168158732599996,2.516592437379486,0.13632826840283319,0.18376093463083235,425.9110301955276,0.2919106982184503,,0,1.1062792205388545,-0.020465239956645766,1.4007260510750397,,"SPS C-B (1,5); FNS B-X (0,1)",clean,"N2 band region: SPS C-B (1,5)/FNS B-X (0,1)",,,14.73811536,5.533318386172654,0.33181674154922014
Ar I,426.6286,426.7486812155708,310000.0,C+,11.62359272,14.52891349,3.0,5.0,4s2,5p5,True,True,4s[3/2]1,5p[3/2]2,NIST-csv,48,ok,426.6225586825846,-0.006041317415389977,0.026816397461809922,38888421.66494137,1110076.6338259585,1702078.4809713664,22.847607851048075,0.04082721873581685,False,1.0,426.629,0.028379065320351216,426.62272270831915,0.019541988273058856,38763907.47033398,1171002.5641045137,0.8302201043802094,-0.0033520496827262403,0.010458854406030354,0.8624801050826449,0.13620482011915772,0.06511644952221858,426.5957422851228,0.0380077570939541,,0,1.143256251990309,0.033842097057512496,0.8428929787277706,-0.07618643808120651,"SPS C-B (1,5); FNS B-X (0,1)",clean,"N2 band region: SPS C-B (1,5)/FNS B-X (0,1)",0.033045545095949924,415.86,14.52891349,5.722087967008141,-0.1307564525883027
Ar I,430.0101,430.1310703347699,377000.0,B+,11.62359272,14.50606764,3.0,5.0,4s2,5p3,True,True,4s[3/2]1,5p[5/2]2,NIST-csv,55,ok,430.007400102513,-0.0026998974870541892,0.018769018006536534,71498172.97979377,1428462.0447995334,941545.0945736768,75.93706705271244,0.020454039460329438,False,1.0,429.968,0.018798183162192304,430.007295228616,-0.13780359567857775,68600594.68714796,1372701.055411931,1.1610047362825238,0.0,-0.06358974746563771,-0.6608114631049391,0.11768436405395245,0.11449749282377371,430.00427193284537,0.13389882913513962,,0,0.9108297771928097,0.01736071713750164,0.8889401707987173,0.020334220841554895,,clean,,-0.07082103618069713,419.07,14.50606764,5.786479248250758,-0.137494933883743
Ar I,433.3561,433.4779507000512,570000.0,B+,11.82807116,14.6882903,3.0,5.0,4s4,5p9,True,True,4s'[1/2]1,5p'[3/2]2,NIST-csv,56,ok,433.3432948541991,-0.01280514580092286,0.03540366116579722,36905343.591999255,1390815.8738889017,1581854.5871529535,23.33042739309058,0.021441454298623756,False,1.0,433.311,0.03426372339608742,433.3426288541163,0.22596177531218967,37411245.06229216,1364485.508273556,1.313763520919976,0.0,0.04798595342374895,2.784684067413198,0.1178189928522287,0.14511518972972068,433.30789119303336,0.2512363563115947,,0,1.1716127492361785,0.01985227961520792,1.4325463609615066,0.24897689007997248,"SPS C-B (0,4)",clean,"N2 band region: SPS C-B (0,4)",,,14.6882903,5.354131332163877,-0.0024989107058219773
Ar I,433.5338,433.65569747049074,390000.0,C+,11.82807116,14.68711824,3.0,3.0,4s4,5p8,True,True,4s'[1/2]1,5p'[1/2]1,NIST-csv,57,ok,433.5226786007714,-0.011121399228578903,0.01888795037463507,27772785.42628351,558388.5212891815,228629.93125877052,121.47484484369372,-0.0074236439543560314,False,0.0,,0.015269955133638415,433.52309057163734,-0.1428388790673217,29593224.085968047,481019.02521681093,1.3276025956120139,-0.0047219875936587675,-0.14835738984841182,-1.2976822899144915,0.20636540700800593,0.2427489575727364,433.5226786007716,0.19172180573166253,,0,1.0326706010266968,-0.032472134020612796,0.8579141847993271,0.0,"SPS C-B (0,4)",clean,"N2 band region: SPS C-B (0,4)",,,14.68711824,5.332265730207153,-0.02801368086947953
Ar I,549.5874,549.7400988577538,1690000.0,C,13.07571571,15.33104,7.0,9.0,4p2,6d[7/2]4,True,False,4p[5/2]3,6d[7/2]4,NIST-csv,156,ok,549.5850605559369,-0.0023394440631136783,0.022806096354670256,12545085.082554726,304548.7183202896,497102.5892974621,25.236410657776418,0.022666398703672923,False,0.0,,0.020229145774196895,549.5844203967857,-0.14043072323626118,13367343.813959775,287842.46990996244,0.5678024829579823,0.005701524088667564,-0.03642514320232977,-0.42485915796298507,0.1507826285459562,0.17500064570368445,549.585060555937,0.14892816349398852,,0,1.1663983354325793,-0.02396869349221023,0.5523796096664358,,"FPS B-A (9,4); FPS B-A (8,3); FPS B-A (7,2)",clean,"N2 band region: FPS B-A (9,4)/FPS B-A (8,3)",,,15.33104,2.3982904984637186,-0.9571608199008184
Ar I,559.7476,559.9030135698574,420000.0,E,13.30222747,15.5166146,5.0,7.0,4p8,6d'[5/2]3,True,False,4p'[3/2]2,6d'[5/2]3,NIST-csv,179,ok,559.7390907375988,-0.008509262401299827,0.023147934516507297,10689877.62621818,263400.86016565986,466948.5339367755,22.893053193878494,0.03475713635466736,False,0.0,,0.013550981472516708,559.7374169741158,0.30743542649134403,13712393.795466887,197795.42336602596,18.292635870382043,0.005786983629126824,0.05068433935776719,0.516089644925088,0.28201265605560316,0.3765931579324291,559.742948726685,0.2899336941297527,,0,,,18.918145610621472,,"FPS B-A (6,1); FPS B-A (5,0)",clean,"N2 band region: FPS B-A (6,1)/FPS B-A (5,0)",,,15.5166146,3.9149981624375205,1.1373269324082647
Ar I,617.0174,617.1881521200806,500000.0,C,13.1717777,15.18063359,5.0,5.0,4p5,7s[3/2]2,True,False,4p[3/2]2,7s[3/2]2,NIST-csv,252,ok,617.0197423987756,0.002342398775736906,0.025080912049932277,33880951.28584329,904546.9864092491,2814022.220259392,12.04004397759169,0.0776917084365175,False,0.0,,,,,,,19.865932781994598,0.0,-0.11494820504847833,-0.5074850049139761,0.24131896763203164,0.26516441014191977,617.0155622467671,0.14784856808637736,,0,,,18.627976382116888,,"FPS B-A (4,0); FPS B-A (12,9)",clean,"N2 band region: FPS B-A (4,0)/FPS B-A (12,9)",,,15.18063359,5.4082854644945,1.5845489990462935
Ar I,687.1289,687.3184962735359,2780000.0,C,12.9070153,14.7108981,3.0,3.0,4p1,4d2,True,True,4p[1/2]1,4d[1/2]1,NIST-csv,339,ok,687.1220736433816,-0.006826356618535296,0.03430915533256484,163594054.5720149,5974612.629343843,7216939.496193126,22.668065134578082,0.07157147953857329,False,1.0,687.029,0.035777921690049515,687.1223987630939,0.1454101738301812,165657857.1415103,6308983.020510154,1.3565144642192126,-0.004288644416570605,-0.00994956088984256,-0.44590399803167874,0.061857188331173756,0.10298872097247211,687.150664606158,0.1840382996248071,,0,1.1805125846531064,0.046745786004592935,1.42283435014618,,"FPS B-A (3,0); FPS B-A (10,8)",clean,"N2 band region: FPS B-A (3,0)/FPS B-A (10,8)",,,14.7108981,6.198977949424153,0.9127363086641491
Ar I,706.7218,706.9166724449472,3800000.0,B,11.54835442,13.30222747,5.0,5.0,4s1,4p8,True,True,4s[3/2]2,4p'[3/2]2,NIST-csv,358,ok,706.7124048997794,-0.009395100220687524,0.04567651774575242,7477798377.278077,363579131.9157362,41482768.51266689,180.26276078933134,0.003637004043559536,False,1.0,706.728,0.04832005119201334,706.7132229810624,-0.1334013927084442,7371103148.073032,379133433.95261604,0.9317052351889125,0.0,-0.029782271546029575,-7.464737826504546,0.032227836330950645,0.008321456224782588,706.7809196763973,0.008690644060263653,,0,0.9350311811731846,0.007057817983136816,0.8430491345824652,,"FPS B-A (8,6)",clean,"N2 band region: FPS B-A (8,6)",,,13.30222747,9.51219508334138,-0.15989376407684297
Ar I,727.2936,727.4940162043018,1830000.0,B+,11.62359272,13.32785705,3.0,3.0,4s2,4p9,True,True,4s[3/2]1,4p'[1/2]1,NIST-csv,370,ok,727.2866526037354,-0.00694739626448799,0.04140426693228794,2314613879.23601,102013080.67497472,25024967.164704375,92.4921844653039,0.012727038379075564,False,0.0,,0.04091933604627973,727.2856040565125,0.26373563253239024,2339757136.0328455,101913465.31248163,0.6064846350601347,0.0,0.03297171503537514,8.015009220411768,0.05893251720207152,0.06582447523292233,727.3142554483568,0.1908617431008316,,0,1.0217423987574838,0.00846779969972426,0.6694012666356461,0.0,"FPS B-A (6,4)",clean,"N2 band region: FPS B-A (6,4)",,,13.32785705,9.511503038903824,-0.0807889990566526
Ar I,750.3869,750.5935438870197,45000000.0,B,11.82807116,13.47988682,3.0,1.0,4s4,4p10,True,True,4s'[1/2]1,4p'[1/2]0,NIST-csv,398,ok,750.3772417229975,-0.00965827700251281,0.05546703053118751,15208753256.486092,897967751.9147236,157533348.0195865,96.54307134128292,-0.006062874361537909,False,0.0,,0.05284971344519349,750.3771960618085,-0.2912432748175657,15446766060.595402,868985272.8512022,1.0001502419352908,0.0,-0.0021624728178804547,-0.32789856462912526,0.02636280139034658,0.040974574083125194,750.4142197433516,0.4530575008775679,,0,0.9683968842013119,0.0019422323719256321,1.0032786290541436,0.09335645437837936,"FPS B-A (4,2); FPS B-A (10,9)",clean,"N2 band region: FPS B-A (4,2)/FPS B-A (10,9)",,,13.47988682,9.614060607062518,0.49510799130848504
Ar I,751.4652,751.6721347844647,40000000.0,B,11.62359272,13.2730381,3.0,1.0,4s2,4p6,True,True,4s[3/2]1,4p[1/2]0,NIST-csv,401,ok,751.4608242973338,-0.004375702666209236,0.04813056820209593,15437777053.011036,790929845.1166253,81958581.23642609,188.3607161094901,0.0017223814461347939,False,0.0,,0.04747036493731769,751.4600704442918,-0.04509947598605635,15535057506.160212,784996365.228779,0.9033165252592812,0.0,-0.018415408282122896,-2.7137082436423197,0.05365172375863591,0.0482884357587784,751.4848895814346,0.15205116797544216,,0,0.9272353903427819,-0.008223400800336839,0.9123750883466816,,"FPS B-A (10,9)",clean,"N2 band region: FPS B-A (10,9)",,,13.2730381,9.606354719073716,-0.15661422064728292
Ar I,772.3761,772.5886777756037,5200000.0,B+,11.54835442,13.15314387,5.0,3.0,4s1,4p4,True,True,4s[3/2]2,4p[3/2]1,NIST-csv,411,ok,772.3663090560452,-0.009790943954681643,0.037906689019306834,16525426561.980412,666807907.030757,132335337.08862348,124.87538797678447,0.007692993819145181,False,0.0,,0.036900200673403966,772.3678094660625,0.41682884088364214,16696307809.814425,655815052.964326,0.7785572219760597,0.004738336127413354,-0.03516763903082753,-0.639646202621212,0.14817587670682958,0.12458043077340333,772.3726268375481,0.12006164085931126,,0,0.5692399637728339,-0.01708570900688217,0.7212641383296717,,"FPS B-A (2,0); FPS B-A (8,7)",clean,"N2 band region: FPS B-A (2,0)/FPS B-A (8,7)",,,13.15314387,10.40470270228414,0.2684472308918302
Ar I,772.4207,772.6332898147994,11700000.0,B+,11.72316039,13.32785705,1.0,3.0,4s3,4p9,True,True,4s'[1/2]0,4p'[1/2]1,NIST-csv,411,ok,772.4109090560453,-0.009790943954681643,0.037906689019306834,15925448996.268593,642598560.0975809,132335337.08862348,120.34162111669009,0.0071156910171638775,False,0.0,,0.04015916452243349,772.4100435731776,0.2966409731476339,15751795057.344137,673359407.3540916,0.7687358602466763,0.004738336127413354,0.04324774966687231,0.3131527685490671,0.11565037427168569,0.1670697034070304,772.3730023670258,0.1785201385473767,,0,0.7105728524519248,-0.011382265277151755,0.6337365566743236,-0.05327852177599002,"FPS B-A (2,0); FPS B-A (8,7)",clean,"N2 band region: FPS B-A (2,0)/FPS B-A (8,7)",,,13.32785705,9.556848425243887,-0.03544361271658936
Ar I,794.8176,795.0362373388097,18600000.0,B,11.72316039,13.28263902,1.0,3.0,4s3,4p7,True,True,4s'[1/2]0,4p'[3/2]1,NIST-csv,421,ok,794.7965732007858,-0.021026799214187403,0.050508326195533776,18737878668.36047,1007431692.8362659,142096555.79141253,131.86722622514736,0.00938916913145407,False,0.0,,0.04882238218795661,794.7978473788473,-0.19857199219279223,18965698022.626003,985643829.8932531,0.5047011200089091,0.0,0.0459155474782408,4.332525850195308,0.05208473254347201,0.12054419278471658,794.7629009833223,0.863496141300488,,0,1.0848849830730327,0.004841456455938777,0.5478319425071517,-0.053785366992002426,,clean,,,,13.28263902,9.571498277829527,-0.16157853007116785
Ar I,800.6157,800.8359034733126,4900000.0,C+,11.62359272,13.1717777,3.0,5.0,4s2,4p5,True,True,4s[3/2]1,4p[3/2]2,NIST-csv,427,ok,800.6085316415217,-0.007168358478185793,0.03127774509413742,28302126654.289825,942294630.1856163,89949929.36911634,314.6431225993509,0.009527987034754992,False,0.0,,0.03177404971259954,800.6094992608009,-0.18878681364677347,27926886761.94201,944555116.5697134,0.9788309791685363,0.0,-0.022672531063879727,-1.0282397208904996,0.07117582439432284,0.06906032789983647,800.5981057264905,0.15346740671529713,,0,0.9327958243979625,0.003594541753040627,0.9011910397960023,,"FPS B-A (6,5)",clean,"N2 band region: FPS B-A (6,5)",,,13.1717777,10.335025935679218,0.25678624846979226
Ar I,801.4786,801.6990365714116,9300000.0,B,11.54835442,13.09487256,5.0,5.0,4s1,4p3,True,True,4s[3/2]2,4p[5/2]2,NIST-csv,429,ok,801.4770194089556,-0.0015805910444596305,0.035218406434045044,45132572399.07743,1691967430.0819955,142821732.72263908,316.0063355814709,0.007615294179256803,False,0.0,,0.03356251193606971,801.476193672743,-0.22010704979272042,49332654343.383804,1762467636.508573,0.7918619885542151,0.0,-0.0269990077390273,-0.886730949610459,0.05868924196811722,0.06886577934182944,801.4946286121726,0.23499090374771703,,0,0.8129036057341317,0.0014417662659399347,0.744305012991758,,"FPS B-A (6,5)",clean,"N2 band region: FPS B-A (6,5)",,,13.09487256,10.280653249782604,-0.03702792663189847
Ar I,852.1442,852.3783309494852,13900000.0,B,11.82807116,13.28263902,3.0,3.0,4s4,4p7,True,True,4s'[1/2]1,4p'[3/2]1,NIST-csv,462,ok,852.1280325324967,-0.01616746750326946,0.04127117692971079,9846896172.365236,432591939.1879977,160505570.22310963,61.349248868295525,0.010842957896737195,False,0.0,,0.04030653953783868,852.1275989451963,-0.25300833337377737,9856025320.749788,422872589.0318322,0.7704967811007766,0.0,-0.09528763540182313,-5.239337742853214,0.12490139720723076,0.08071963771343431,852.1211540030084,0.0762302647184312,,0,0.8645610897985099,0.010982989682844654,0.6101124041483312,0.053785366992002315,"FPS B-A (3,2); FPS B-A (8,8)",clean,"N2 band region: FPS B-A (3,2)/FPS B-A (8,8)",,,13.28263902,9.087049512467928,-0.6460272954327664
