species,wl_air,wl_vac,Aki,acc,Ei,Ek,gi,gk,lower,upper,lower_in_model,upper_in_model,lower_desc,upper_desc,source
Ar I,86.63409607707548,86.68,313000000.0,C+,0.0,14.3036684,1.0,3.0,ground,3d12,True,True,3s2.3p6 1S 0,3d'[3/2]1,NIST-csv
Ar I,86.929771926336,86.9754,35000000.0,C,0.0,14.2550856,1.0,3.0,ground,5s4,True,True,3s2.3p6 1S 0,5s'[1/2]1,NIST-csv
Ar I,87.56073515821468,87.6058,270000000.0,C+,0.0,14.1525151,1.0,3.0,ground,3d8,True,True,3s2.3p6 1S 0,3d[3/2]1,NIST-csv
Ar I,87.94996641157333,87.9947,77000000.0,C,0.0,14.0899685,1.0,3.0,ground,5s2,True,True,3s2.3p6 1S 0,5s[3/2]1,NIST-csv
Ar I,104.78594324113963,104.822,532000000.0,AA,0.0,11.82807116,1.0,3.0,ground,4s4,True,True,3s2.3p6 1S 0,4s'[1/2]1,NIST-csv
Ar I,106.63072515930439,106.666,132000000.0,A+,0.0,11.62359272,1.0,3.0,ground,4s2,True,True,3s2.3p6 1S 0,4s[3/2]1,NIST-csv
Ar I,340.61804,340.7157737641212,390000.0,D,11.82807116,15.4670046,3.0,1.0,4s4,7p'[1/2]0,True,False,4s'[1/2]1,7p'[1/2]0,NIST-csv
Ar I,346.107,346.20613966126814,67000.0,D,11.62359272,15.2048089,3.0,5.0,4s2,6p'[3/2]2,True,False,4s[3/2]1,6p'[3/2]2,NIST-csv
Ar I,355.4306,355.53213571608427,270000.0,D,11.54835442,15.0356402,5.0,5.0,4s1,6p[3/2]2,True,False,4s[3/2]2,6p[3/2]2,NIST-csv
Ar I,356.32859,356.4303569887415,120000.0,D,11.72316039,15.2016576,1.0,3.0,4s3,6p'[3/2]1,True,False,4s'[1/2]0,6p'[3/2]1,NIST-csv
Ar I,356.7656,356.8674795689208,110000.0,D,11.54835442,15.0225909,5.0,7.0,4s1,6p[5/2]3,True,False,4s[3/2]2,6p[5/2]3,NIST-csv
Ar I,357.22953,357.33152910581157,510000.0,D,11.82807116,15.2977958,3.0,1.0,4s4,7p[1/2]0,True,False,4s'[1/2]1,7p[1/2]0,NIST-csv
Ar I,360.6522,360.75508167664606,760000.0,D,11.62359272,15.0603901,3.0,1.0,4s2,6p[1/2]0,True,False,4s[3/2]1,6p[1/2]0,NIST-csv
Ar I,363.26829,363.37184705196796,66000.0,D,11.62359272,15.0356402,3.0,5.0,4s2,6p[3/2]2,True,False,4s[3/2]1,6p[3/2]2,NIST-csv
Ar I,363.446,363.54960295421716,130000.0,D,11.62359272,15.0339719,3.0,3.0,4s2,6p[3/2]1,True,False,4s[3/2]1,6p[3/2]1,NIST-csv
Ar I,364.31163,364.4154565888143,24000.0,D,11.62359272,15.0258688,3.0,5.0,4s2,6p[5/2]2,True,False,4s[3/2]1,6p[5/2]2,NIST-csv
Ar I,364.98317,365.0871701299456,800000.0,D,11.82807116,15.2240875,3.0,1.0,4s4,6p'[1/2]0,True,False,4s'[1/2]1,6p'[1/2]0,NIST-csv
Ar I,365.95291,366.05716080832093,44000.0,D,11.62359272,15.0106102,3.0,3.0,4s2,6p[1/2]1,True,False,4s[3/2]1,6p[1/2]1,NIST-csv
Ar I,367.06701,367.1715489130723,31000.0,D,11.82807116,15.2048089,3.0,5.0,4s4,6p'[3/2]2,True,False,4s'[1/2]1,6p'[3/2]2,NIST-csv
Ar I,367.52352,367.62817699937335,49000.0,D,11.82807116,15.2006146,3.0,3.0,4s4,6p'[1/2]1,True,False,4s'[1/2]1,6p'[1/2]1,NIST-csv
Ar I,377.0369,377.14402209973827,70000.0,D,11.72316039,15.0106102,1.0,3.0,4s3,6p[1/2]1,True,False,4s'[1/2]0,6p[1/2]1,NIST-csv
N I,381.82679,381.9351561761767,895000.0,C+,10.6796703,13.925881,2.0,4.0,other8,other121,True,True,(3P).3s 2P 0.5,(1D).3p 2P* 1.5,NIST-json
N I,382.20339,382.3118540693448,3700000.0,C+,10.6796703,13.9226824,2.0,2.0,other8,other120,True,True,(3P).3s 2P 0.5,(1D).3p 2P* 0.5,NIST-json
N I,383.04343,383.15211246948115,4670000.0,C+,10.6899808,13.925881,4.0,4.0,other9,other121,True,True,(3P).3s 2P 1.5,(1D).3p 2P* 1.5,NIST-json
N I,383.42244,383.53122102573747,1890000.0,C+,10.6899808,13.9226824,4.0,2.0,other9,other120,True,True,(3P).3s 2P 1.5,(1D).3p 2P* 0.5,NIST-json
Ar I,383.4679,383.57669284773596,750000.0,D,11.82807116,15.0603901,3.0,1.0,4s4,6p[1/2]0,True,False,4s'[1/2]1,6p[1/2]0,NIST-csv
N I,388.75717,388.8673394286197,2090000.0,C,10.6796703,13.8680121,2.0,4.0,other8,5p12,True,True,(3P).3s 2P 0.5,(3P).5p 2D* 1.5,NIST-json
N I,389.22051,389.33080011827843,2500000.0,C,10.6899808,13.8745272,4.0,6.0,other9,5p13,True,True,(3P).3s 2P 1.5,(3P).5p 2D* 2.5,NIST-json
Ar I,389.46601,389.5763640719906,57000.0,D,11.82807116,15.0106102,3.0,3.0,4s4,6p[1/2]1,True,False,4s'[1/2]1,6p[1/2]1,NIST-csv
N I,390.01845,390.1289480011208,414000.0,C,10.6899808,13.8680121,4.0,4.0,other9,5p12,True,True,(3P).3s 2P 1.5,(3P).5p 2D* 1.5,NIST-json
Ar I,394.7505,394.8622317696901,56000.0,C+,11.54835442,14.6882903,5.0,5.0,4s1,5p9,True,True,4s[3/2]2,5p'[3/2]2,NIST-csv
Ar I,394.8979,395.00967022645796,460000.0,B,11.54835442,14.68711824,5.0,3.0,4s1,5p8,True,True,4s[3/2]2,5p'[1/2]1,NIST-csv
N I,401.11348,401.22687324331247,575000.0,C,10.6796703,13.7697973,2.0,2.0,other8,5p1,True,True,(3P).3s 2P 0.5,(3P).5p 2S* 0.5,NIST-json
N I,402.45635,402.5700942371561,1140000.0,C,10.6899808,13.7697973,4.0,2.0,other9,5p1,True,True,(3P).3s 2P 1.5,(3P).5p 2S* 0.5,NIST-json
Ar I,404.4418,404.5560634024932,330000.0,B,11.62359272,14.6882903,3.0,5.0,4s2,5p9,True,True,4s[3/2]1,5p'[3/2]2,NIST-csv
Ar I,404.596541,404.7108448756777,41000.0,B,11.62359272,14.68711824,3.0,3.0,4s2,5p8,True,True,4s[3/2]1,5p'[1/2]1,NIST-csv
Ar I,405.452576,405.5671038031719,27000.0,C+,11.62359272,14.68065033,3.0,3.0,4s2,5p7,True,True,4s[3/2]1,5p'[3/2]1,NIST-csv
N I,409.505,409.6205884933759,80500.0,C+,12.0001429,15.02695,4.0,6.0,other22,other321,True,True,(3P).3p 2D* 1.5,2s.2p4 2D 2.5,NIST-json
N I,409.994,410.1097165544255,3480000.0,C+,10.6796703,13.7028638,2.0,4.0,other8,other103,True,True,(3P).3s 2P 0.5,(1D).3p 2D* 1.5,NIST-json
N I,410.79,410.90592504505616,1230000.0,C+,12.0096116,15.02695,6.0,6.0,other23,other321,True,True,(3P).3p 2D* 2.5,2s.2p4 2D 2.5,NIST-json
N I,410.995,411.11097874550984,3900000.0,C+,10.6899808,13.7058146,4.0,6.0,other9,other104,True,True,(3P).3s 2P 1.5,(1D).3p 2D* 2.5,NIST-json
N I,411.39741,411.5134941656142,662000.0,C+,10.6899808,13.7028638,4.0,4.0,other9,other103,True,True,(3P).3s 2P 1.5,(1D).3p 2D* 1.5,NIST-json
N I,413.764,413.8807043429259,280000.0,C+,10.3259087,13.3215593,2.0,4.0,other5,4p11,True,True,(3P).3s 4P 0.5,(3P).4p 4S* 1.5,NIST-json
N I,414.34296,414.4598161132607,609000.0,C+,10.3300944,13.3215593,4.0,4.0,other6,4p11,True,True,(3P).3s 4P 1.5,(3P).4p 4S* 1.5,NIST-json
N I,415.14805,415.26511719484915,1010000.0,C+,10.3358956,13.3215593,6.0,4.0,other7,4p11,True,True,(3P).3s 4P 2.5,(3P).4p 4S* 1.5,NIST-json
Ar I,415.859,415.97625362602895,1400000.0,B,11.54835442,14.52891349,5.0,5.0,4s1,5p5,True,True,4s[3/2]2,5p[3/2]2,NIST-csv
Ar I,416.418,416.53540023229743,290000.0,B,11.54835442,14.5249133,5.0,3.0,4s1,5p4,True,True,4s[3/2]2,5p[3/2]1,NIST-csv
Ar I,418.1884,418.3062646657038,560000.0,B,11.72316039,14.68711824,1.0,3.0,4s3,5p8,True,True,4s'[1/2]0,5p'[1/2]1,NIST-csv
Ar I,419.0713,419.189396346025,280000.0,B,11.54835442,14.50606764,5.0,5.0,4s1,5p3,True,True,4s[3/2]2,5p[5/2]2,NIST-csv
Ar I,419.1029,419.22100463894833,540000.0,C+,11.72316039,14.68065033,1.0,3.0,4s3,5p7,True,True,4s'[1/2]0,5p'[3/2]1,NIST-csv
Ar I,419.8317,419.9499959167012,2570000.0,B,11.62359272,14.57594878,3.0,1.0,4s2,5p6,True,True,4s[3/2]1,5p[1/2]0,NIST-csv
Ar I,420.0674,420.1857577839226,970000.0,B+,11.54835442,14.49905364,5.0,7.0,4s1,5p2,True,True,4s[3/2]2,5p[5/2]3,NIST-csv
N I,424.987,425.1066497969264,2590000.0,C,12.0001429,14.91669,4.0,2.0,other22,3d24,True,True,(3P).3p 2D* 1.5,(1D).3d 2P 0.5,NIST-json
N I,425.016,425.13565741698346,224000.0,C,12.0001429,14.91649,4.0,4.0,other22,3d23,True,True,(3P).3p 2D* 1.5,(1D).3d 2P 1.5,NIST-json
Ar I,425.1185,425.23818435030626,111000.0,C+,11.54835442,14.46399577,5.0,3.0,4s1,5p1,True,True,4s[3/2]2,5p[1/2]1,NIST-csv
Ar I,425.9362,426.05609923270424,3980000.0,B+,11.82807116,14.73811536,3.0,1.0,4s4,5p10,True,True,4s'[1/2]1,5p'[1/2]0,NIST-csv
N I,426.4,426.52002113002,2260000.0,C,12.0096116,14.91649,6.0,4.0,other23,3d23,True,True,(3P).3p 2D* 2.5,(1D).3d 2P 1.5,NIST-json
Ar I,426.6286,426.7486812155708,310000.0,C+,11.62359272,14.52891349,3.0,5.0,4s2,5p5,True,True,4s[3/2]1,5p[3/2]2,NIST-csv
Ar I,427.2169,427.33713585791656,800000.0,B,11.62359272,14.5249133,3.0,3.0,4s2,5p4,True,True,4s[3/2]1,5p[3/2]1,NIST-csv
N I,427.328,427.44826506405724,828000.0,C+,12.1263787,15.02695,4.0,6.0,other25,other321,True,True,(3P).3p 2P* 1.5,2s.2p4 2D 2.5,NIST-json
N I,427.813,427.9333925692257,5010000.0,C+,12.0001429,14.89742,4.0,4.0,other22,3d22,True,True,(3P).3p 2D* 1.5,(1D).3d 2D 1.5,NIST-json
N I,427.917,428.0374199121503,361000.0,C+,12.0001429,14.89671,4.0,6.0,other22,3d21,True,True,(3P).3p 2D* 1.5,(1D).3d 2D 2.5,NIST-json
N I,429.216,429.33676148344557,557000.0,C+,12.0096116,14.89742,6.0,4.0,other23,3d22,True,True,(3P).3p 2D* 2.5,(1D).3d 2D 1.5,NIST-json
N I,429.321,429.44178909697274,5210000.0,C+,12.0096116,14.89671,6.0,6.0,other23,3d21,True,True,(3P).3p 2D* 2.5,(1D).3d 2D 2.5,NIST-json
Ar I,430.0101,430.1310703347699,377000.0,B+,11.62359272,14.50606764,3.0,5.0,4s2,5p3,True,True,4s[3/2]1,5p[5/2]2,NIST-csv
Ar I,433.3561,433.4779507000512,570000.0,B+,11.82807116,14.6882903,3.0,5.0,4s4,5p9,True,True,4s'[1/2]1,5p'[3/2]2,NIST-csv
Ar I,433.5338,433.65569747049074,390000.0,C+,11.82807116,14.68711824,3.0,3.0,4s4,5p8,True,True,4s'[1/2]1,5p'[1/2]1,NIST-csv
Ar I,434.5168,434.6389562234752,300000.0,B,11.82807116,14.68065033,3.0,3.0,4s4,5p7,True,True,4s'[1/2]1,5p'[3/2]1,NIST-csv
N I,435.629,435.75144904332876,5100000.0,C+,12.0096116,14.85491,6.0,8.0,other23,3d18,True,True,(3P).3p 2D* 2.5,(1D).3d 2F 3.5,NIST-json
Ar I,436.37949,436.50213666664746,12000.0,B,11.62359272,14.46399577,3.0,3.0,4s2,5p1,True,True,4s[3/2]1,5p[1/2]1,NIST-csv
N I,438.554,438.6772194259448,884000.0,C,12.1219574,14.94828,2.0,2.0,other24,3d25,True,True,(3P).3p 2P* 0.5,(1D).3d 2S 0.5,NIST-json
N I,439.241,439.36440042705016,1760000.0,C,12.1263787,14.94828,4.0,2.0,other25,3d25,True,True,(3P).3p 2P* 1.5,(1D).3d 2S 0.5,NIST-json
Ar I,442.39944,442.5236728565454,7300.0,C+,11.72316039,14.5249133,1.0,3.0,4s3,5p4,True,True,4s'[1/2]0,5p[3/2]1,NIST-csv
N I,443.511,443.6355259272406,2990000.0,C,12.1219574,14.91669,2.0,2.0,other24,3d24,True,True,(3P).3p 2P* 0.5,(1D).3d 2P 0.5,NIST-json
N I,443.543,443.6675343651147,751000.0,C,12.1219574,14.91649,2.0,4.0,other24,3d23,True,True,(3P).3p 2P* 0.5,(1D).3d 2P 1.5,NIST-json
N I,444.214,444.3387113076469,1410000.0,C,12.1263787,14.91669,4.0,2.0,other25,3d24,True,True,(3P).3p 2P* 1.5,(1D).3d 2P 0.5,NIST-json
N I,444.245,444.36971948283934,3810000.0,C,12.1263787,14.91649,4.0,4.0,other25,3d23,True,True,(3P).3p 2P* 1.5,(1D).3d 2P 1.5,NIST-json
N I,446.59,446.7153380235673,20400.0,C,12.1219574,14.89742,2.0,4.0,other24,3d22,True,True,(3P).3p 2P* 0.5,(1D).3d 2D 1.5,NIST-json
N I,447.417,447.5425562206646,27600.0,C,12.1263787,14.89671,4.0,6.0,other25,3d21,True,True,(3P).3p 2P* 1.5,(1D).3d 2D 2.5,NIST-json
Ar I,451.0733,451.199821268912,1180000.0,B+,11.82807116,14.57594878,3.0,1.0,4s4,5p6,True,True,4s'[1/2]1,5p[1/2]0,NIST-csv
Ar I,452.2323,452.35912729880243,90000.0,B,11.72316039,14.46399577,1.0,3.0,4s3,5p1,True,True,4s'[1/2]0,5p[1/2]1,NIST-csv
Ar I,454.4746,454.60201953396387,83000.0,E,12.9070153,15.634328,3.0,3.0,4p1,11d[1/2]1,True,False,4p[1/2]1,11d[1/2]1,NIST-csv
Ar I,455.4324,455.560072572669,38000.0,E,12.9070153,15.628593,3.0,5.0,4p1,7d'[3/2]2,True,False,4p[1/2]1,7d'[3/2]2,NIST-csv
Ar I,458.4956,458.62408208873904,160000.0,E,12.9070153,15.61041,3.0,5.0,4p1,10d[3/2]2,True,False,4p[1/2]1,10d[3/2]2,NIST-csv
Ar I,458.6611,458.78962583668863,230000.0,E,12.9070153,15.609435,3.0,3.0,4p1,10d[1/2]1,True,False,4p[1/2]1,10d[1/2]1,NIST-csv
Ar I,458.7209,458.8494416443809,490000.0,E,12.9070153,15.609082,3.0,1.0,4p1,10d[1/2]0,True,False,4p[1/2]1,10d[1/2]0,NIST-csv
Ar I,458.92893,459.0575266367283,6200.0,C,11.82807116,14.52891349,3.0,5.0,4s4,5p5,True,True,4s'[1/2]1,5p[3/2]2,NIST-csv
Ar I,459.6097,459.7384766093728,95000.0,B,11.82807116,14.5249133,3.0,3.0,4s4,5p4,True,True,4s'[1/2]1,5p[3/2]1,NIST-csv
Ar I,462.8441,462.9737319314691,38300.0,B+,11.82807116,14.50606764,3.0,5.0,4s4,5p3,True,True,4s'[1/2]1,5p[5/2]2,NIST-csv
Ar I,464.2137,464.3436942414903,96000.0,E,12.9070153,15.577111,3.0,5.0,4p1,9d[3/2]2,True,False,4p[1/2]1,9d[3/2]2,NIST-csv
Ar I,464.7489,464.8790358417999,120000.0,E,12.9070153,15.574036,3.0,3.0,4p1,9d[1/2]1,True,False,4p[1/2]1,9d[1/2]1,NIST-csv
N I,465.1823,465.3125505166261,240000.0,C+,10.6796703,13.3442064,2.0,4.0,other8,4p13,True,True,(3P).3s 2P 0.5,(3P).4p 2P* 1.5,NIST-json
N I,466.0457,466.1761789884514,672000.0,C+,10.6796703,13.3392701,2.0,2.0,other8,4p12,True,True,(3P).3s 2P 0.5,(3P).4p 2P* 0.5,NIST-json
N I,466.291,466.42154390470216,1510000.0,C+,12.1219574,14.78016,2.0,4.0,other24,4s6,True,True,(3P).3p 2P* 0.5,(1D).4s 2D 1.5,NIST-json
N I,466.9893,467.1200287156979,749000.0,C+,10.6899808,13.3442064,4.0,4.0,other9,4p13,True,True,(3P).3s 2P 1.5,(3P).4p 2P* 1.5,NIST-json
N I,467.068,467.1987495454949,302000.0,C+,12.1263787,14.78016,4.0,4.0,other25,4s6,True,True,(3P).3p 2P* 1.5,(1D).4s 2D 1.5,NIST-json
N I,467.068,467.1987495454949,1800000.0,C+,12.1263787,14.78016,4.0,6.0,other25,4s7,True,True,(3P).3p 2P* 1.5,(1D).4s 2D 2.5,NIST-json
N I,467.8595,467.99045904770276,269000.0,C+,10.6899808,13.3392701,4.0,2.0,other9,4p12,True,True,(3P).3s 2P 1.5,(3P).4p 2P* 0.5,NIST-json
Ar I,470.2316,470.3631870617995,109000.0,B,11.82807116,14.46399577,3.0,3.0,4s4,5p1,True,True,4s'[1/2]1,5p[1/2]1,NIST-csv
Ar I,474.6821,474.8148658995534,360000.0,E,12.9070153,15.518227,3.0,1.0,4p1,8d[1/2]0,True,False,4p[1/2]1,8d[1/2]0,NIST-csv
Ar I,475.29388,475.42680800312036,450000.0,E,12.9070153,15.5148657,3.0,3.0,4p1,8d[1/2]1,True,False,4p[1/2]1,8d[1/2]1,NIST-csv
Ar I,476.86729,477.00063497211664,860000.0,D,12.9070153,15.5062613,3.0,5.0,4p1,6d'[3/2]2,True,False,4p[1/2]1,6d'[3/2]2,NIST-csv
Ar I,479.8742,480.0083420777605,88000.0,E,13.07571571,15.658675,7.0,9.0,4p2,12d[7/2]4,True,False,4p[5/2]3,12d[7/2]4,NIST-csv
Ar I,483.597,483.7321293967067,93000.0,E,13.07571571,15.638792,7.0,9.0,4p2,11d[7/2]4,True,False,4p[5/2]3,11d[7/2]4,NIST-csv
Ar I,483.6697,483.80484868211494,102000.0,C,12.9070153,15.469706,3.0,5.0,4p1,9s[3/2]2,True,False,4p[1/2]1,9s[3/2]2,NIST-csv
Ar I,487.62607,487.76226847213036,780000.0,D,12.9070153,15.4489134,3.0,5.0,4p1,7d[3/2]2,True,False,4p[1/2]1,7d[3/2]2,NIST-csv
Ar I,488.629,488.765464674099,120000.0,E,13.07571571,15.612397,7.0,9.0,4p2,10d[7/2]4,True,False,4p[5/2]3,10d[7/2]4,NIST-csv
Ar I,488.79471,488.93121866074034,1300000.0,D,12.9070153,15.4428362,3.0,3.0,4p1,7d[1/2]1,True,False,4p[1/2]1,7d[1/2]1,NIST-csv
Ar I,489.46909,489.6057776798005,1800000.0,D,12.9070153,15.4393425,3.0,1.0,4p1,7d[1/2]0,True,False,4p[1/2]1,7d[1/2]0,NIST-csv
N I,491.494,491.6312252957362,808000.0,B,10.6796703,13.2015647,2.0,2.0,other8,4p1,True,True,(3P).3s 2P 0.5,(3P).4p 2S* 0.5,NIST-json
Ar I,492.1034,492.2407871180447,59000.0,E,13.09487256,15.613644,5.0,7.0,4p3,10d[7/2]3,True,False,4p[5/2]2,10d[7/2]3,NIST-csv
N I,493.512,493.64976120828936,1760000.0,B,10.6899808,13.2015647,4.0,2.0,other9,4p1,True,True,(3P).3s 2P 1.5,(3P).4p 2S* 0.5,NIST-json
Ar I,493.772,493.9098302649278,36000.0,E,13.07571571,15.585975,7.0,5.0,4p2,11s[3/2]2,True,False,4p[5/2]3,11s[3/2]2,NIST-csv
Ar I,495.675,495.8133357713084,180000.0,E,13.07571571,15.576338,7.0,9.0,4p2,9d[7/2]4,True,False,4p[5/2]3,9d[7/2]4,NIST-csv
Ar I,498.9943,499.13351776865477,110000.0,E,13.09487256,15.578861,5.0,7.0,4p3,9d[7/2]3,True,False,4p[5/2]2,9d[7/2]3,NIST-csv
Ar I,503.2024,503.34273641866025,82000.0,E,13.07571571,15.538932,7.0,5.0,4p2,10s[3/2]2,True,False,4p[5/2]3,10s[3/2]2,NIST-csv
Ar I,504.8811,505.021882819203,460000.0,D,12.9070153,15.3620414,3.0,5.0,4p1,8s[3/2]2,True,False,4p[1/2]1,8s[3/2]2,NIST-csv
Ar I,505.4176,505.55852550295856,450000.0,D,12.9070153,15.3594356,3.0,3.0,4p1,7s'[1/2]1,True,False,4p[1/2]1,7s'[1/2]1,NIST-csv
Ar I,505.6529,505.79388808434175,570000.0,D,12.9070153,15.3582946,3.0,1.0,4p1,7s'[1/2]0,True,False,4p[1/2]1,7s'[1/2]0,NIST-csv
Ar I,506.0079,506.14898250469895,370000.0,E,13.07571571,15.525275,7.0,9.0,4p2,8d[7/2]4,True,False,4p[5/2]3,8d[7/2]4,NIST-csv
Ar I,507.0977,507.2390723847706,260000.0,E,13.09487256,15.539168,5.0,3.0,4p3,10s[3/2]1,True,False,4p[5/2]2,10s[3/2]1,NIST-csv
Ar I,507.3076,507.4490282208231,59000.0,D,12.9070153,15.3502992,3.0,5.0,4p1,6d[3/2]2,True,False,4p[1/2]1,6d[3/2]2,NIST-csv
Ar I,507.8033,507.94486008832877,47000.0,E,13.07571571,15.5166146,7.0,7.0,4p2,6d'[5/2]3,True,False,4p[5/2]3,6d'[5/2]3,NIST-csv
Ar I,508.7084,508.8502008837815,160000.0,E,13.09487256,15.531429,5.0,7.0,4p3,8d[7/2]3,True,False,4p[5/2]2,8d[7/2]3,NIST-csv
Ar I,510.4729,510.61517038370135,87000.0,E,13.15314387,15.581278,3.0,5.0,4p4,9d[5/2]2,True,False,4p[3/2]1,9d[5/2]2,NIST-csv
Ar I,511.8202,511.96282893388303,270000.0,D+,13.09487256,15.5166146,5.0,7.0,4p3,6d'[5/2]3,True,False,4p[5/2]2,6d'[5/2]3,NIST-csv
Ar I,512.7801,512.9229844182661,33000.0,D,13.09487256,15.5120816,5.0,5.0,4p3,6d'[5/2]2,True,False,4p[5/2]2,6d'[5/2]2,NIST-csv
Ar I,515.1391,515.2826123918364,2390000.0,C,12.9070153,15.3131553,3.0,1.0,4p1,6d[1/2]0,True,False,4p[1/2]1,6d[1/2]0,NIST-csv
Ar I,515.23031,515.3738466753132,110000.0,D,12.9070153,15.31272913,3.0,5.0,4p1,5d'[5/2]2,True,False,4p[1/2]1,5d'[5/2]2,NIST-csv
Ar I,516.2285,516.3723024452706,1900000.0,C,12.9070153,15.3080777,3.0,3.0,4p1,6d[1/2]1,True,False,4p[1/2]1,6d[1/2]1,NIST-csv
Ar I,517.7536,517.8978085582379,240000.0,D,13.07571571,15.469706,7.0,5.0,4p2,9s[3/2]2,True,False,4p[5/2]3,9s[3/2]2,NIST-csv
Ar I,518.7746,518.9190804713825,1380000.0,C,12.9070153,15.29629325,3.0,5.0,4p1,5d'[3/2]2,True,False,4p[1/2]1,5d'[3/2]2,NIST-csv
Ar I,519.2733,519.4179132955132,12000.0,D,13.07571571,15.4626994,7.0,7.0,4p2,7d[5/2]3,True,False,4p[5/2]3,7d[5/2]3,NIST-csv
Ar I,519.4052,519.5498484269668,780000.0,D,13.15314387,15.539521,3.0,1.0,4p4,8s'[1/2]0,True,False,4p[3/2]1,8s'[1/2]0,NIST-csv
N I,519.9837,520.1285025154162,1870000.0,D+,11.6026335,13.9863558,2.0,2.0,other13,other132,True,True,(3P).3p 2S* 0.5,(3P).5d 2P 0.5,NIST-json
N I,520.1606,520.3054496360255,1870000.0,D+,11.6026335,13.9855454,2.0,4.0,other13,other131,True,True,(3P).3p 2S* 0.5,(3P).5d 2P 1.5,NIST-json
Ar I,521.0486,521.1936861838656,110000.0,D,13.07571571,15.4545665,7.0,7.0,4p2,7d[7/2]3,True,False,4p[5/2]3,7d[7/2]3,NIST-csv
Ar I,521.4774,521.62260041621,210000.0,D,13.09487256,15.471767,5.0,3.0,4p3,7d[3/2]1,True,False,4p[5/2]2,7d[3/2]1,NIST-csv
Ar I,521.63,521.7752410700243,130000.0,D,13.09487256,15.471072,5.0,3.0,4p3,9s[3/2]1,True,False,4p[5/2]2,9s[3/2]1,NIST-csv
Ar I,522.1271,522.2724735055224,880000.0,D,13.07571571,15.4496531,7.0,9.0,4p2,7d[7/2]4,True,False,4p[5/2]3,7d[7/2]4,NIST-csv
Ar I,524.1093,524.2552016597781,130000.0,D,13.09487256,15.4598316,5.0,5.0,4p3,7d[5/2]2,True,False,4p[5/2]2,7d[5/2]2,NIST-csv
Ar I,524.6198,524.7658376982235,120000.0,E,13.1717777,15.534435,5.0,7.0,4p5,8d[5/2]3,True,False,4p[3/2]2,8d[5/2]3,NIST-csv
Ar I,524.9165,525.0626167661574,79000.0,E,13.1717777,15.5331,5.0,5.0,4p5,8d[3/2]2,True,False,4p[3/2]2,8d[3/2]2,NIST-csv
Ar I,525.2787,525.4249132923273,540000.0,D,13.09487256,15.4545665,5.0,7.0,4p3,7d[7/2]3,True,False,4p[5/2]2,7d[7/2]3,NIST-csv
Ar I,525.4471,525.593358172012,360000.0,E,13.15314387,15.5120816,3.0,5.0,4p4,6d'[5/2]2,True,False,4p[3/2]1,6d'[5/2]2,NIST-csv
N I,528.12,528.2669706137277,245000.0,C,10.923908,13.2709052,6.0,6.0,other10,4p8,True,True,2s.2p4 4P 2.5,(3P).4p 4P* 2.5,NIST-json
Ar I,528.6069,528.7540004127601,96000.0,E,13.1717777,15.5166146,5.0,7.0,4p5,6d'[5/2]3,True,False,4p[3/2]2,6d'[5/2]3,NIST-csv
Ar I,529.0015,529.148705610587,90000.0,E,13.1717777,15.5148657,5.0,3.0,4p5,8d[1/2]1,True,False,4p[3/2]2,8d[1/2]1,NIST-csv
Ar I,530.9513,531.0990254717273,120000.0,E,13.1717777,15.5062613,5.0,5.0,4p5,6d'[3/2]2,True,False,4p[3/2]2,6d'[3/2]2,NIST-csv
N I,531.039,531.1867488567628,94000.0,D+,11.9955753,14.32967,4.0,6.0,other21,other228,True,True,(3P).3p 4S* 1.5,(3P).9s 4P 2.5,NIST-json
Ar I,531.7715,531.9194441838781,260000.0,E,13.30222747,15.633111,5.0,7.0,4p8,7d'[5/2]3,True,False,4p'[3/2]2,7d'[5/2]3,NIST-csv
N I,532.8617,533.0099349190201,205000.0,D+,10.923908,13.250022,6.0,8.0,other10,4p5,True,True,2s.2p4 4P 2.5,(3P).4p 4D* 3.5,NIST-json
N I,533.337,533.4853616813789,92800.0,D+,11.9955753,14.31962,4.0,4.0,other21,other227,True,True,(3P).3p 4S* 1.5,(3P).9s 4P 1.5,NIST-json
N I,534.4049,534.5535465099919,61000.0,D+,10.923908,13.2433051,6.0,6.0,other10,4p4,True,True,2s.2p4 4P 2.5,(3P).4p 4D* 2.5,NIST-json
N I,534.649,534.7977116198373,92100.0,D+,11.9955753,14.31391,4.0,2.0,other21,other226,True,True,(3P).3p 4S* 1.5,(3P).9s 4P 0.5,NIST-json
N I,535.4388,535.5877222964368,10100.0,D,10.923908,13.2388265,6.0,4.0,other10,4p3,True,True,2s.2p4 4P 2.5,(3P).4p 4D* 1.5,NIST-json
N I,535.6623,535.8112819170617,141000.0,D+,10.9293522,13.2433051,4.0,6.0,other11,4p4,True,True,2s.2p4 4P 1.5,(3P).4p 4D* 2.5,NIST-json
N I,536.701,536.8502590152709,107000.0,D+,10.9293522,13.2388265,4.0,4.0,other11,4p3,True,True,2s.2p4 4P 1.5,(3P).4p 4D* 1.5,NIST-json
N I,537.2606,537.4100083126932,83400.0,D+,10.9317574,13.2388265,2.0,4.0,other12,4p3,True,True,2s.2p4 4P 0.5,(3P).4p 4D* 1.5,NIST-json
N I,537.2665,537.4159098868122,33300.0,D,10.9293522,13.2363957,4.0,2.0,other11,4p2,True,True,2s.2p4 4P 1.5,(3P).4p 4D* 0.5,NIST-json
Ar I,537.3494,537.498832004605,270000.0,D,13.15314387,15.4598316,3.0,5.0,4p4,7d[5/2]2,True,False,4p[3/2]1,7d[5/2]2,NIST-csv
N I,537.8273,537.976859511921,166000.0,D+,10.9317574,13.2363957,2.0,2.0,other12,4p2,True,True,2s.2p4 4P 0.5,(3P).4p 4D* 0.5,NIST-json
Ar I,539.3979,539.547878597778,96000.0,D,13.1717777,15.469706,5.0,5.0,4p5,9s[3/2]2,True,False,4p[3/2]2,9s[3/2]2,NIST-csv
Ar I,541.0475,541.1979188255287,200000.0,D,13.1717777,15.4626994,5.0,7.0,4p5,7d[5/2]3,True,False,4p[3/2]2,7d[5/2]3,NIST-csv
Ar I,542.1352,542.2859091339134,600000.0,D,13.07571571,15.3620414,7.0,5.0,4p2,8s[3/2]2,True,False,4p[5/2]3,8s[3/2]2,NIST-csv
Ar I,543.99888,544.1500866154693,190000.0,D+,12.9070153,15.185508,3.0,3.0,4p1,7s[3/2]1,True,False,4p[1/2]1,7s[3/2]1,NIST-csv
Ar I,544.2246,544.3758668734384,93000.0,D,13.07571571,15.3532632,7.0,7.0,4p2,6d[5/2]3,True,False,4p[5/2]3,6d[5/2]3,NIST-csv
Ar I,545.1652,545.3167179874531,470000.0,D+,12.9070153,15.18063359,3.0,5.0,4p1,7s[3/2]2,True,False,4p[1/2]1,7s[3/2]2,NIST-csv
Ar I,545.7416,545.8932718800921,360000.0,D,13.09487256,15.3660895,5.0,3.0,4p3,8s[3/2]1,True,False,4p[5/2]2,8s[3/2]1,NIST-csv
Ar I,545.96506,546.1167915435371,38000.0,D,13.07571571,15.34600299,7.0,7.0,4p2,6d[7/2]3,True,False,4p[5/2]3,6d[7/2]3,NIST-csv
Ar I,546.716,546.8679320514734,76000.0,D,13.09487256,15.3620414,5.0,5.0,4p3,8s[3/2]2,True,False,4p[5/2]2,8s[3/2]2,NIST-csv
N I,547.18,547.3320559500833,139000.0,D+,11.9955753,14.26082,4.0,6.0,other21,other207,True,True,(3P).3p 4S* 1.5,(3P).8s 4P 2.5,NIST-json
Ar I,547.3451,547.4972000367181,200000.0,D,13.09487256,15.3594356,5.0,3.0,4p3,7s'[1/2]1,True,False,4p[5/2]2,7s'[1/2]1,NIST-csv
Ar I,549.012,549.1645451827748,85000.0,D,13.09487256,15.3525603,5.0,5.0,4p3,6d[5/2]2,True,False,4p[5/2]2,6d[5/2]2,NIST-csv
Ar I,549.208,549.3605975286639,560000.0,E,13.28263902,15.539521,3.0,1.0,4p7,8s'[1/2]0,True,False,4p'[3/2]1,8s'[1/2]0,NIST-csv
Ar I,549.5874,549.7400988577538,1690000.0,C,13.07571571,15.33104,7.0,9.0,4p2,6d[7/2]4,True,False,4p[5/2]3,6d[7/2]4,NIST-csv
N I,549.652,549.8047161112565,137000.0,D+,11.9955753,14.25063,4.0,4.0,other21,other206,True,True,(3P).3p 4S* 1.5,(3P).8s 4P 1.5,NIST-json
Ar I,550.6113,550.7642723338756,360000.0,D+,13.09487256,15.34600299,5.0,7.0,4p3,6d[7/2]3,True,False,4p[5/2]2,6d[7/2]3,NIST-csv
N I,551.019,551.1720812339172,136000.0,D+,11.9955753,14.24504,4.0,2.0,other21,other205,True,True,(3P).3p 4S* 1.5,(3P).8s 4P 0.5,NIST-json
N I,551.1696,551.3227214613393,129000.0,C,11.7500916,13.9989413,2.0,4.0,other14,other146,True,True,(3P).3p 4D* 0.5,(3P).5d 4D 1.5,NIST-json
N I,551.309,551.4621586975209,257000.0,C,11.7500916,13.99837,2.0,2.0,other14,other145,True,True,(3P).3p 4D* 0.5,(3P).5d 4D 0.5,NIST-json
N I,551.8102,551.9634925803098,120000.0,C,11.7528949,13.999134,4.0,6.0,other15,other147,True,True,(3P).3p 4D* 1.5,(3P).5d 4D 2.5,NIST-json
N I,551.8576,552.0109052422924,205000.0,C,11.7528949,13.9989413,4.0,4.0,other15,other146,True,True,(3P).3p 4D* 1.5,(3P).5d 4D 1.5,NIST-json
N I,551.997,552.1503424805572,256000.0,C,11.7528949,13.99837,4.0,2.0,other15,other145,True,True,(3P).3p 4D* 1.5,(3P).5d 4D 0.5,NIST-json
Ar I,552.49567,552.6491456949459,170000.0,D+,13.07571571,15.31916801,7.0,7.0,4p2,5d'[5/2]3,True,False,4p[5/2]3,5d'[5/2]3,NIST-csv
Ar I,552.8961,553.0496826694523,120000.0,E,13.2730381,15.5148657,1.0,3.0,4p6,8d[1/2]1,True,False,4p[1/2]0,8d[1/2]1,NIST-csv
N I,552.938,553.0915938631985,72600.0,C,11.7575319,13.9991896,6.0,8.0,other16,other148,True,True,(3P).3p 4D* 2.5,(3P).5d 4D 3.5,NIST-json
N I,552.9517,553.1052975232144,292000.0,C,11.7575319,13.999134,6.0,6.0,other16,other147,True,True,(3P).3p 4D* 2.5,(3P).5d 4D 2.5,NIST-json
N I,552.9992,553.152810213082,178000.0,C,11.7575319,13.9989413,6.0,4.0,other16,other146,True,True,(3P).3p 4D* 2.5,(3P).5d 4D 1.5,NIST-json
Ar I,553.4479,553.6016300879749,270000.0,D+,13.30222747,15.54182,5.0,3.0,4p8,8s'[1/2]1,True,False,4p'[3/2]2,8s'[1/2]1,NIST-csv
Ar I,554.08596,554.2398605598136,41000.0,D,13.07571571,15.31272913,7.0,5.0,4p2,5d'[5/2]2,True,False,4p[5/2]3,5d'[5/2]2,NIST-csv
N I,554.5,554.6540111844172,433000.0,C,11.7638464,13.9991896,8.0,8.0,other17,other148,True,True,(3P).3p 4D* 3.5,(3P).5d 4D 3.5,NIST-json
N I,554.5138,554.6678148716109,95900.0,C,11.7638464,13.999134,8.0,6.0,other17,other147,True,True,(3P).3p 4D* 3.5,(3P).5d 4D 2.5,NIST-json
Ar I,555.2741,555.4283180208736,79000.0,E,13.28263902,15.5148657,3.0,3.0,4p7,8d[1/2]1,True,False,4p'[3/2]1,8d[1/2]1,NIST-csv
N I,555.7383,555.8926420593855,994000.0,C,11.7500916,13.980454,2.0,4.0,other14,other127,True,True,(3P).3p 4D* 0.5,(3P).5d 4F 1.5,NIST-json
Ar I,555.8702,556.0245773051125,1420000.0,C,12.9070153,15.13684847,3.0,5.0,4p1,5d[3/2]2,True,False,4p[1/2]1,5d[3/2]2,NIST-csv
Ar I,555.9676,556.1220033321405,220000.0,D+,13.28263902,15.5120816,3.0,5.0,4p7,6d'[5/2]2,True,False,4p'[3/2]1,6d'[5/2]2,NIST-csv
N I,556.0337,556.188120995361,1420000.0,C,11.7638464,13.9930238,8.0,10.0,other17,other130,True,True,(3P).3p 4D* 3.5,(3P).5d 4F 4.5,NIST-json
N I,556.4265,556.5810259611544,1060000.0,C,11.7528949,13.9804985,4.0,6.0,other15,other128,True,True,(3P).3p 4D* 1.5,(3P).5d 4F 2.5,NIST-json
N I,556.4265,556.5810259611544,1210000.0,C,11.7575319,13.9851355,6.0,8.0,other16,other129,True,True,(3P).3p 4D* 2.5,(3P).5d 4F 3.5,NIST-json
N I,556.4377,556.5922289541166,396000.0,C,11.7528949,13.980454,4.0,4.0,other15,other127,True,True,(3P).3p 4D* 1.5,(3P).5d 4F 1.5,NIST-json
Ar I,557.2541,557.4088471268145,660000.0,C,13.09487256,15.31916801,5.0,7.0,4p3,5d'[5/2]3,True,False,4p[5/2]2,5d'[5/2]3,NIST-csv
Ar I,557.4228,557.5775922115278,46000.0,D,13.28263902,15.5062613,3.0,5.0,4p7,6d'[3/2]2,True,False,4p'[3/2]1,6d'[3/2]2,NIST-csv
N I,557.5872,557.7420361476493,342000.0,C,11.7575319,13.9804985,6.0,6.0,other16,other128,True,True,(3P).3p 4D* 2.5,(3P).5d 4F 2.5,NIST-json
N I,557.5984,557.753239140885,28100.0,D+,11.7575319,13.980454,6.0,4.0,other16,other127,True,True,(3P).3p 4D* 2.5,(3P).5d 4F 1.5,NIST-json
N I,558.0083,558.1632486897729,200000.0,C,11.7638464,13.9851355,8.0,8.0,other17,other129,True,True,(3P).3p 4D* 3.5,(3P).5d 4F 3.5,NIST-json
Ar I,558.18714,558.3421364872216,56000.0,D+,13.07571571,15.29629325,7.0,5.0,4p2,5d'[3/2]2,True,False,4p[5/2]3,5d'[3/2]2,NIST-csv
Ar I,558.87196,559.027139520948,150000.0,D+,13.09487256,15.31272913,5.0,5.0,4p3,5d'[5/2]2,True,False,4p[5/2]2,5d'[5/2]2,NIST-csv
N I,559.1756,559.3308606787684,13500.0,D+,11.7638464,13.9804985,8.0,6.0,other17,other128,True,True,(3P).3p 4D* 3.5,(3P).5d 4F 2.5,NIST-json
Ar I,559.7476,559.9030135698574,420000.0,E,13.30222747,15.5166146,5.0,7.0,4p8,6d'[5/2]3,True,False,4p'[3/2]2,6d'[5/2]3,NIST-csv
Ar I,560.6733,560.8289610164917,2200000.0,C,12.9070153,15.11774638,3.0,3.0,4p1,5d[1/2]1,True,False,4p[1/2]1,5d[1/2]1,NIST-csv
Ar I,561.8014,561.9573625899949,210000.0,D,13.15314387,15.3594356,3.0,3.0,4p4,7s'[1/2]1,True,False,4p[3/2]1,7s'[1/2]1,NIST-csv
Ar I,562.0921,562.2481403066669,360000.0,D,13.15314387,15.3582946,3.0,1.0,4p4,7s'[1/2]0,True,False,4p[3/2]1,7s'[1/2]0,NIST-csv
Ar I,562.377,562.53311647442,140000.0,D,13.30222747,15.5062613,5.0,5.0,4p8,6d'[3/2]2,True,False,4p'[3/2]2,6d'[3/2]2,NIST-csv
Ar I,563.5576,563.7140321243243,96000.0,D,13.15314387,15.3525603,3.0,5.0,4p4,6d[5/2]2,True,False,4p[3/2]1,6d[5/2]2,NIST-csv
Ar I,563.734,563.8904792897531,91000.0,D,13.2730381,15.471767,1.0,3.0,4p6,7d[3/2]1,True,False,4p[1/2]0,7d[3/2]1,NIST-csv
Ar I,563.912,564.0685268836232,210000.0,D,13.2730381,15.471072,1.0,3.0,4p6,9s[3/2]1,True,False,4p[1/2]0,9s[3/2]1,NIST-csv
Ar I,564.1376,564.2941872057611,87000.0,D,13.15314387,15.3502992,3.0,5.0,4p4,6d[3/2]2,True,False,4p[3/2]1,6d[3/2]2,NIST-csv
Ar I,564.8687,565.0254826982383,120000.0,D,13.1717777,15.3660895,5.0,3.0,4p5,8s[3/2]1,True,False,4p[3/2]2,8s[3/2]1,NIST-csv
Ar I,565.0704,565.2272366336966,3200000.0,C,12.9070153,15.10054371,3.0,1.0,4p1,5d[1/2]0,True,False,4p[1/2]1,5d[1/2]0,NIST-csv
Ar I,565.9127,566.0697618771827,260000.0,D,13.1717777,15.3620414,5.0,5.0,4p5,8s[3/2]2,True,False,4p[3/2]2,8s[3/2]2,NIST-csv
Ar I,568.1899,568.3475709047741,200000.0,D,13.1717777,15.3532632,5.0,7.0,4p5,6d[5/2]3,True,False,4p[3/2]2,6d[5/2]3,NIST-csv
Ar I,568.373,568.5307198785501,200000.0,D,13.1717777,15.3525603,5.0,5.0,4p5,6d[5/2]2,True,False,4p[3/2]2,6d[5/2]2,NIST-csv
Ar I,570.08724,570.2454184183588,590000.0,D,13.1717777,15.34600299,5.0,7.0,4p5,6d[7/2]3,True,False,4p[3/2]2,6d[7/2]3,NIST-csv
Ar I,571.2504,571.4088895830891,87000.0,D,13.2730381,15.4428362,1.0,3.0,4p6,7d[1/2]1,True,False,4p[1/2]0,7d[1/2]1,NIST-csv
N I,571.314,571.4725065979068,89400.0,D+,11.9955753,14.16513,4.0,2.0,other21,other181,True,True,(3P).3p 4S* 1.5,(3P).6d 4P 0.5,NIST-json
N I,572.935,573.0939402880277,88700.0,D+,11.9955753,14.159,4.0,4.0,other21,other180,True,True,(3P).3p 4S* 1.5,(3P).6d 4P 1.5,NIST-json
N I,573.211,573.3700141354144,88500.0,D+,11.9955753,14.15795,4.0,6.0,other21,other179,True,True,(3P).3p 4S* 1.5,(3P).6d 4P 2.5,NIST-json
N I,573.4405,573.5995755422298,447000.0,C,11.8374298,13.9989413,2.0,4.0,other18,other146,True,True,(3P).3p 4P* 0.5,(3P).5d 4D 1.5,NIST-json
N I,573.591,573.7501158117326,894000.0,C,11.8374298,13.99837,2.0,2.0,other18,other145,True,True,(3P).3p 4P* 0.5,(3P).5d 4D 0.5,NIST-json
Ar I,573.952,574.1112124067843,870000.0,D,13.15314387,15.31272913,3.0,5.0,4p4,5d'[5/2]2,True,False,4p[3/2]1,5d'[5/2]2,NIST-csv
N I,573.9945,574.1537237789411,749000.0,C,11.8397086,13.999134,4.0,6.0,other19,other147,True,True,(3P).3p 4P* 1.5,(3P).5d 4D 2.5,NIST-json
N I,574.0457,574.204937479091,571000.0,C,11.8397086,13.9989413,4.0,4.0,other19,other146,True,True,(3P).3p 4P* 1.5,(3P).5d 4D 1.5,NIST-json
N I,574.197,574.356277964395,178000.0,C,11.8397086,13.99837,4.0,2.0,other19,other145,True,True,(3P).3p 4P* 1.5,(3P).5d 4D 0.5,NIST-json
N I,574.6958,574.8552114378604,221000.0,D+,11.9955753,14.1523654,4.0,6.0,other21,other166,True,True,(3P).3p 4S* 1.5,(3P).7s 4P 2.5,NIST-json
N I,575.25,575.4095597412895,1060000.0,C,11.844477,13.9991896,6.0,8.0,other20,other148,True,True,(3P).3p 4P* 2.5,(3P).5d 4D 3.5,NIST-json
N I,575.2648,575.424363701836,319000.0,C,11.844477,13.999134,6.0,6.0,other20,other147,True,True,(3P).3p 4P* 2.5,(3P).5d 4D 2.5,NIST-json
N I,575.3162,575.4757774567389,53100.0,C,11.844477,13.9989413,6.0,4.0,other20,other146,True,True,(3P).3p 4P* 2.5,(3P).5d 4D 1.5,NIST-json
N I,577.1967,577.3567807223149,218000.0,D+,11.9955753,14.1430205,4.0,4.0,other21,other165,True,True,(3P).3p 4S* 1.5,(3P).7s 4P 1.5,NIST-json
Ar I,577.21143,577.3715146646672,200000.0,D,13.1717777,15.31916801,5.0,7.0,4p5,5d'[5/2]3,True,False,4p[3/2]2,5d'[5/2]3,NIST-csv
Ar I,577.4008,577.5609353482098,110000.0,D,13.30222747,15.4489134,5.0,5.0,4p8,7d[3/2]2,True,False,4p'[3/2]2,7d[3/2]2,NIST-csv
Ar I,578.35365,578.5140403819117,81000.0,D,13.15314387,15.29629325,3.0,5.0,4p4,5d'[3/2]2,True,False,4p[3/2]1,5d'[3/2]2,NIST-csv
N I,578.6835,578.8439786713684,216000.0,D+,11.9955753,14.1375033,4.0,2.0,other21,other164,True,True,(3P).3p 4S* 1.5,(3P).7s 4P 0.5,NIST-json
Ar I,578.94741,579.107959312414,46000.0,D,13.1717777,15.31272913,5.0,5.0,4p5,5d'[5/2]2,True,False,4p[3/2]2,5d'[5/2]2,NIST-csv
Ar I,579.0401,579.2006741231417,34000.0,D,13.30222747,15.4428362,5.0,3.0,4p8,7d[1/2]1,True,False,4p'[3/2]2,7d[1/2]1,NIST-csv
Ar I,580.20798,580.3688667481301,420000.0,D,13.1717777,15.3080777,5.0,3.0,4p5,6d[1/2]1,True,False,4p[3/2]2,6d[1/2]1,NIST-csv
Ar I,583.4263,583.5880483759478,520000.0,C,13.1717777,15.29629325,5.0,5.0,4p5,5d'[3/2]2,True,False,4p[3/2]2,5d'[3/2]2,NIST-csv
Ar I,584.3779,584.539903179866,33000.0,D,13.32785705,15.4489134,3.0,5.0,4p9,7d[3/2]2,True,False,4p'[1/2]1,7d[3/2]2,NIST-csv
Ar I,586.031,586.1934458585256,285000.0,C,12.9070153,15.02208834,3.0,3.0,4p1,6s'[1/2]1,True,False,4p[1/2]1,6s'[1/2]1,NIST-csv
Ar I,588.2624,588.4254434752356,1230000.0,C,12.9070153,15.0140655,3.0,1.0,4p1,6s'[1/2]0,True,False,4p[1/2]1,6s'[1/2]0,NIST-csv
Ar I,588.8584,589.0216031116131,1290000.0,C,13.07571571,15.18063359,7.0,5.0,4p2,7s[3/2]2,True,False,4p[5/2]3,7s[3/2]2,NIST-csv
Ar I,591.2085,591.3723326374068,1050000.0,C,12.9070153,15.00356588,3.0,3.0,4p1,4d'[3/2]1,True,False,4p[1/2]1,4d'[3/2]1,NIST-csv
Ar I,591.6598,591.8237535389395,59000.0,D,13.09487256,15.1898239,5.0,3.0,4p3,5d[3/2]1,True,False,4p[5/2]2,5d[3/2]1,NIST-csv
Ar I,592.7125,592.8767355668145,37000.0,D+,13.07571571,15.1669463,7.0,7.0,4p2,5d[5/2]3,True,False,4p[5/2]3,5d[5/2]3,NIST-csv
Ar I,592.8813,593.0455807916304,1100000.0,D+,13.09487256,15.185508,5.0,3.0,4p3,7s[3/2]1,True,False,4p[5/2]2,7s[3/2]1,NIST-csv
Ar I,594.0855,594.2501034344143,120000.0,D,13.2730381,15.3594356,1.0,3.0,4p6,7s'[1/2]1,True,False,4p[1/2]0,7s'[1/2]1,NIST-csv
Ar I,594.2669,594.4315520392748,180000.0,D,13.09487256,15.18063359,5.0,5.0,4p3,7s[3/2]2,True,False,4p[5/2]2,7s[3/2]2,NIST-csv
Ar I,594.3888,594.5534847018401,36000.0,D,13.07571571,15.1610486,7.0,5.0,4p2,5d[5/2]2,True,False,4p[5/2]3,5d[5/2]2,NIST-csv
Ar I,594.9259,595.0907286184023,150000.0,D,13.28263902,15.3660895,3.0,3.0,4p7,8s[3/2]1,True,False,4p'[3/2]1,8s[3/2]1,NIST-csv
Ar I,596.448,596.6132364932607,77000.0,D,13.2730381,15.351173,1.0,3.0,4p6,5d'[3/2]1,True,False,4p[1/2]0,5d'[3/2]1,NIST-csv
Ar I,596.832,596.9973393993065,180000.0,D,13.28263902,15.3594356,3.0,3.0,4p7,7s'[1/2]1,True,False,4p'[3/2]1,7s'[1/2]1,NIST-csv
Ar I,597.1601,597.3255273269712,1100000.0,D+,13.28263902,15.3582946,3.0,1.0,4p7,7s'[1/2]0,True,False,4p'[3/2]1,7s'[1/2]0,NIST-csv
Ar I,598.1923,598.3580039584003,12000.0,D,13.09487256,15.1669463,5.0,7.0,4p3,5d[5/2]3,True,False,4p[5/2]2,5d[5/2]3,NIST-csv
Ar I,598.7302,598.8960481235627,120000.0,D,13.07571571,15.1459283,7.0,7.0,4p2,5d[7/2]3,True,False,4p[5/2]3,5d[7/2]3,NIST-csv
Ar I,598.8144,598.9802706908423,61000.0,D,13.28263902,15.3525603,3.0,5.0,4p7,6d[5/2]2,True,False,4p'[3/2]1,6d[5/2]2,NIST-csv
Ar I,599.4692,599.6352461942998,26000.0,D,13.28263902,15.3502992,3.0,5.0,4p7,6d[3/2]2,True,False,4p'[3/2]1,6d[3/2]2,NIST-csv
Ar I,599.8999,600.0660616369703,140000.0,D,13.09487256,15.1610486,5.0,5.0,4p3,5d[5/2]2,True,False,4p[5/2]2,5d[5/2]2,NIST-csv
N I,599.943,600.1091731894462,3640000.0,C+,11.6026335,13.6686606,2.0,2.0,other13,4d4,True,True,(3P).3p 2S* 0.5,(3P).4d 2P 0.5,NIST-json
Ar I,600.5725,600.7388419233978,140000.0,D+,13.30222747,15.3660895,5.0,3.0,4p8,8s[3/2]1,True,False,4p'[3/2]2,8s[3/2]1,NIST-csv
N I,600.847,601.0134155036183,3580000.0,C+,11.6026335,13.6655516,2.0,4.0,other13,4d3,True,True,(3P).3p 2S* 0.5,(3P).4d 2P 1.5,NIST-json
Ar I,601.36772,601.5342750869364,140000.0,D+,13.07571571,15.13684847,7.0,5.0,4p2,5d[3/2]2,True,False,4p[5/2]3,5d[3/2]2,NIST-csv
Ar I,602.515,602.6818626404377,900000.0,D+,13.30222747,15.3594356,5.0,3.0,4p8,7s'[1/2]1,True,False,4p'[3/2]2,7s'[1/2]1,NIST-csv
Ar I,603.2127,603.3797496846166,2460000.0,C,13.07571571,15.13054437,7.0,9.0,4p2,5d[7/2]4,True,False,4p[5/2]3,5d[7/2]4,NIST-csv
Ar I,604.3223,604.4896471699226,1470000.0,C,13.09487256,15.1459283,5.0,7.0,4p3,5d[7/2]3,True,False,4p[5/2]2,5d[7/2]3,NIST-csv
Ar I,605.2723,605.4399018819377,190000.0,D+,12.9070153,14.95485204,3.0,5.0,4p1,4d'[5/2]2,True,False,4p[1/2]1,4d'[5/2]2,NIST-csv
Ar I,605.9372,606.104980162105,420000.0,C,12.9070153,14.95260474,3.0,5.0,4p1,4d'[3/2]2,True,False,4p[1/2]1,4d'[3/2]2,NIST-csv
Ar I,606.47502,606.6429443733524,58000.0,D,13.30222747,15.34600299,5.0,7.0,4p8,6d[7/2]3,True,False,4p'[3/2]2,6d[7/2]3,NIST-csv
Ar I,608.1244,608.2927666672252,75000.0,D,13.32785705,15.3660895,3.0,3.0,4p9,8s[3/2]1,True,False,4p'[1/2]1,8s[3/2]1,NIST-csv
Ar I,608.5879,608.7563909660057,9000.0,,13.15314387,15.1898239,3.0,3.0,4p4,5d[3/2]1,True,False,4p[3/2]1,5d[3/2]1,NIST-csv
Ar I,609.07849,609.2471125332941,300000.0,D,13.2730381,15.3080777,1.0,3.0,4p6,6d[1/2]1,True,False,4p[1/2]0,6d[1/2]1,NIST-csv
Ar I,609.8803,610.0491375722012,520000.0,D+,13.15314387,15.185508,3.0,3.0,4p4,7s[3/2]1,True,False,4p[3/2]1,7s[3/2]1,NIST-csv
Ar I,610.1161,610.2850008137447,330000.0,D+,13.32785705,15.3594356,3.0,3.0,4p9,7s'[1/2]1,True,False,4p'[1/2]1,7s'[1/2]1,NIST-csv
Ar I,610.459,610.6279927810418,340000.0,D,13.32785705,15.3582946,3.0,1.0,4p9,7s'[1/2]0,True,False,4p'[1/2]1,7s'[1/2]0,NIST-csv
Ar I,610.5635,610.732520808767,1210000.0,C,13.28263902,15.31272913,3.0,5.0,4p7,5d'[5/2]2,True,False,4p'[3/2]1,5d'[5/2]2,NIST-csv
Ar I,611.34657,611.515800839705,47000.0,D+,13.15314387,15.18063359,3.0,5.0,4p4,7s[3/2]2,True,False,4p[3/2]1,7s[3/2]2,NIST-csv
Ar I,611.96565,612.1350468928046,51000.0,D+,13.28263902,15.3080777,3.0,3.0,4p7,6d[1/2]1,True,False,4p'[3/2]1,6d[1/2]1,NIST-csv
Ar I,612.1879,612.357356507382,13000.0,D,13.32785705,15.3525603,3.0,5.0,4p9,6d[5/2]2,True,False,4p'[1/2]1,6d[5/2]2,NIST-csv
Ar I,612.74159,612.9111950280952,110000.0,D+,13.09487256,15.11774638,5.0,3.0,4p3,5d[1/2]1,True,False,4p[5/2]2,5d[1/2]1,NIST-csv
Ar I,612.8724,613.042040116998,86000.0,D,13.32785705,15.3502992,3.0,5.0,4p9,6d[3/2]2,True,False,4p'[1/2]1,6d[3/2]2,NIST-csv
Ar I,614.5441,614.7141885622841,760000.0,C,13.30222747,15.31916801,5.0,7.0,4p8,5d'[5/2]3,True,False,4p'[3/2]2,5d'[5/2]3,NIST-csv
Ar I,615.52382,615.6941713987998,510000.0,D,13.1717777,15.185508,5.0,3.0,4p5,7s[3/2]1,True,False,4p[3/2]2,7s[3/2]1,NIST-csv
Ar I,616.51229,616.6829065974239,98900.0,C,13.30222747,15.31272913,5.0,5.0,4p8,5d'[5/2]2,True,False,4p'[3/2]2,5d'[5/2]2,NIST-csv
Ar I,617.0174,617.1881521200806,500000.0,C,13.1717777,15.18063359,5.0,5.0,4p5,7s[3/2]2,True,False,4p[3/2]2,7s[3/2]2,NIST-csv
Ar I,617.3096,617.4804305200366,670000.0,C,13.15314387,15.1610486,3.0,5.0,4p4,5d[5/2]2,True,False,4p[3/2]1,5d[5/2]2,NIST-csv
Ar I,617.94195,618.112950189744,66000.0,D,13.30222747,15.3080777,5.0,3.0,4p8,6d[1/2]1,True,False,4p'[3/2]2,6d[1/2]1,NIST-csv
N I,618.7123,618.8835068951273,9020.0,D+,12.0001429,14.0034956,4.0,6.0,other22,other150,True,True,(3P).3p 2D* 1.5,(3P).5d 2D 2.5,NIST-json
N I,619.4313,619.6026998298873,121000.0,C,12.0001429,14.0011704,4.0,4.0,other22,other149,True,True,(3P).3p 2D* 1.5,(3P).5d 2D 1.5,NIST-json
N I,620.198,620.3696055727725,280000.0,D+,11.9955753,13.99413,4.0,2.0,other21,other137,True,True,(3P).3p 4S* 1.5,(3P).5d 4P 0.5,NIST-json
Ar I,621.2503,621.4221879701082,390000.0,D+,13.1717777,15.1669463,5.0,7.0,4p5,5d[5/2]3,True,False,4p[3/2]2,5d[5/2]3,NIST-csv
N I,621.441,621.6129391484802,278000.0,D+,11.9955753,13.990131,4.0,4.0,other21,other136,True,True,(3P).3p 4S* 1.5,(3P).5d 4P 1.5,NIST-json
Ar I,621.5938,621.7657801559709,570000.0,D+,13.30222747,15.29629325,5.0,5.0,4p8,5d'[3/2]2,True,False,4p'[3/2]2,5d'[3/2]2,NIST-csv
N I,621.6505,621.8224953728426,125000.0,C,12.0096116,14.0034956,6.0,6.0,other23,other150,True,True,(3P).3p 2D* 2.5,(3P).5d 2D 2.5,NIST-json
N I,621.9654,622.1374798850355,277000.0,D+,11.9955753,13.9884501,4.0,6.0,other21,other135,True,True,(3P).3p 4S* 1.5,(3P).5d 4P 2.5,NIST-json
N I,622.3763,622.5484901636794,13300.0,D+,12.0096116,14.0011704,6.0,4.0,other23,other149,True,True,(3P).3p 2D* 2.5,(3P).5d 2D 1.5,NIST-json
Ar I,623.0921,623.2644822782175,12000.0,D,13.1717777,15.1610486,5.0,5.0,4p5,5d[5/2]2,True,False,4p[3/2]2,5d[5/2]2,NIST-csv
N I,623.7672,623.9397634760367,281000.0,C,12.0096116,13.9967297,6.0,8.0,other23,other134,True,True,(3P).3p 2D* 2.5,(3P).5d 2F 3.5,NIST-json
N I,623.8587,624.0312880352767,262000.0,C,12.0001429,13.9869696,4.0,6.0,other22,other133,True,True,(3P).3p 2D* 1.5,(3P).5d 2F 2.5,NIST-json
Ar I,624.339,624.5117169531383,130000.0,D,13.32785705,15.3131553,3.0,1.0,4p9,6d[1/2]0,True,False,4p'[1/2]1,6d[1/2]0,NIST-csv
Ar I,624.47304,624.6457929315584,20000.0,D,13.32785705,15.31272913,3.0,5.0,4p9,5d'[5/2]2,True,False,4p'[1/2]1,5d'[5/2]2,NIST-csv
Ar I,624.84057,625.0134215836517,68000.0,D,13.15314387,15.13684847,3.0,5.0,4p4,5d[3/2]2,True,False,4p[3/2]1,5d[3/2]2,NIST-csv
N I,626.8461,627.0194899404221,18500.0,C,12.0096116,13.9869696,6.0,6.0,other23,other133,True,True,(3P).3p 2D* 2.5,(3P).5d 2F 2.5,NIST-json
N I,627.5512,627.7247792283774,375000.0,D+,11.9955753,13.9707117,4.0,6.0,other21,6s3,True,True,(3P).3p 4S* 1.5,(3P).6s 4P 2.5,NIST-json
Ar I,627.86454,628.0382033484779,20000.0,D,13.1717777,15.1459283,5.0,7.0,4p5,5d[7/2]3,True,False,4p[3/2]2,5d[7/2]3,NIST-csv
Ar I,629.6872,629.8613526921519,900000.0,D+,13.32785705,15.29629325,3.0,5.0,4p9,5d'[3/2]2,True,False,4p'[1/2]1,5d'[3/2]2,NIST-csv
N I,630.3915,630.5658417935298,370000.0,D+,11.9955753,13.9618125,4.0,4.0,other21,6s2,True,True,(3P).3p 4S* 1.5,(3P).6s 4P 1.5,NIST-json
Ar I,630.7657,630.9401422673631,600000.0,D+,13.1717777,15.13684847,5.0,5.0,4p5,5d[3/2]2,True,False,4p[3/2]2,5d[3/2]2,NIST-csv
Ar I,630.91603,631.0905126319727,76000.0,D,13.15314387,15.11774638,3.0,3.0,4p4,5d[1/2]1,True,False,4p[3/2]1,5d[1/2]1,NIST-csv
N I,632.1511,632.3259142684103,367000.0,D+,11.9955753,13.9563396,4.0,2.0,other21,6s1,True,True,(3P).3p 4S* 1.5,(3P).6s 4P 0.5,NIST-json
Ar I,636.48937,636.6653493309988,560000.0,D+,13.15314387,15.10054371,3.0,1.0,4p4,5d[1/2]0,True,False,4p[3/2]1,5d[1/2]0,NIST-csv
Ar I,636.9575,637.1336050648074,420000.0,D+,13.1717777,15.11774638,5.0,3.0,4p5,5d[1/2]1,True,False,4p[3/2]2,5d[1/2]1,NIST-csv
Ar I,638.4717,638.6482117800306,421000.0,C,12.9070153,14.84836899,3.0,3.0,4p1,6s2,True,True,4p[1/2]1,6s[3/2]1,NIST-csv
N I,639.8402,640.0170793865467,395000.0,C,11.7500916,13.687293,2.0,4.0,other14,4d13,True,True,(3P).3p 4D* 0.5,(3P).4d 4D 1.5,NIST-json
N I,640.2364,640.4133858184604,789000.0,C,11.7500916,13.6860943,2.0,2.0,other14,4d12,True,True,(3P).3p 4D* 0.5,(3P).4d 4D 0.5,NIST-json
N I,640.5255,640.7025634812246,368000.0,C,11.7528949,13.6880236,4.0,6.0,other15,4d14,True,True,(3P).3p 4D* 1.5,(3P).4d 4D 2.5,NIST-json
N I,640.7675,640.944628492069,630000.0,C,11.7528949,13.687293,4.0,4.0,other15,4d13,True,True,(3P).3p 4D* 1.5,(3P).4d 4D 1.5,NIST-json
N I,641.165,641.3422352780924,786000.0,C,11.7528949,13.6860943,4.0,2.0,other15,4d12,True,True,(3P).3p 4D* 1.5,(3P).4d 4D 0.5,NIST-json
Ar I,641.6307,641.8080603882967,1160000.0,C,12.9070153,14.838811,3.0,5.0,4p1,6s1,True,True,4p[1/2]1,6s[3/2]2,NIST-csv
N I,641.9872,642.164656163876,223000.0,C,11.7575319,13.6882547,6.0,8.0,other16,4d15,True,True,(3P).3p 4D* 2.5,(3P).4d 4D 3.5,NIST-json
N I,642.064,642.2414767968145,897000.0,C,11.7575319,13.6880236,6.0,6.0,other16,4d14,True,True,(3P).3p 4D* 2.5,(3P).4d 4D 2.5,NIST-json
N I,642.302,642.4795407379235,547000.0,C,11.7575319,13.687293,6.0,4.0,other16,4d13,True,True,(3P).3p 4D* 2.5,(3P).4d 4D 1.5,NIST-json
Ar I,643.15549,643.333260042761,51000.0,D,13.09487256,15.02208834,5.0,3.0,4p3,6s'[1/2]1,True,False,4p[5/2]2,6s'[1/2]1,NIST-csv
N I,644.094,644.2720222006841,1330000.0,C,11.7638464,13.6882547,8.0,8.0,other17,4d15,True,True,(3P).3p 4D* 3.5,(3P).4d 4D 3.5,NIST-json
N I,644.1711,644.3491429163447,294000.0,C,11.7638464,13.6880236,8.0,6.0,other17,4d14,True,True,(3P).3p 4D* 3.5,(3P).4d 4D 2.5,NIST-json
Ar I,646.6552,646.8339103994876,150000.0,D,13.2730381,15.1898239,1.0,3.0,4p6,5d[3/2]1,True,False,4p[1/2]0,5d[3/2]1,NIST-csv
Ar I,648.1145,648.2936025536388,94000.0,D,13.2730381,15.185508,1.0,3.0,4p6,7s[3/2]1,True,False,4p[1/2]0,7s[3/2]1,NIST-csv
N I,648.171,648.3501177372942,3430000.0,C,11.7500916,13.6623958,2.0,4.0,other14,4d1,True,True,(3P).3p 4D* 0.5,(3P).4d 4F 1.5,NIST-json
N I,648.27,648.4491443423814,4900000.0,C,11.7638464,13.6758579,8.0,10.0,other17,4d8,True,True,(3P).3p 4D* 3.5,(3P).4d 4F 4.5,NIST-json
N I,648.375,648.5541725600347,3670000.0,C,11.7528949,13.6645956,4.0,6.0,other15,4d2,True,True,(3P).3p 4D* 1.5,(3P).4d 4F 2.5,NIST-json
N I,648.48,648.6592007778283,4200000.0,C,11.7575319,13.6689216,6.0,8.0,other16,4d5,True,True,(3P).3p 4D* 2.5,(3P).4d 4F 3.5,NIST-json
N I,649.122,649.3013733125299,1370000.0,C,11.7528949,13.6623958,4.0,4.0,other15,4d1,True,True,(3P).3p 4D* 1.5,(3P).4d 4F 1.5,NIST-json
Ar I,649.39688,649.5763271869317,31000.0,D,13.09487256,15.00356588,5.0,3.0,4p3,4d'[3/2]1,True,False,4p[5/2]2,4d'[3/2]1,NIST-csv
N I,649.954,650.1335969166811,1180000.0,C,11.7575319,13.6645956,6.0,6.0,other16,4d2,True,True,(3P).3p 4D* 2.5,(3P).4d 4F 2.5,NIST-json
N I,650.631,650.8107788702646,691000.0,C,11.7638464,13.6689216,8.0,8.0,other17,4d5,True,True,(3P).3p 4D* 3.5,(3P).4d 4F 3.5,NIST-json
N I,650.7024,650.8821980603884,97000.0,C,11.7575319,13.6623958,6.0,4.0,other16,4d1,True,True,(3P).3p 4D* 2.5,(3P).4d 4F 1.5,NIST-json
Ar I,651.38458,651.5645614126223,54000.0,D,13.28263902,15.185508,3.0,3.0,4p7,7s[3/2]1,True,False,4p'[3/2]1,7s[3/2]1,NIST-csv
N I,652.111,652.2911766618346,46600.0,C,11.7638464,13.6645956,8.0,6.0,other17,4d2,True,True,(3P).3p 4D* 3.5,(3P).4d 4F 2.5,NIST-json
Ar I,653.8112,653.9918336721202,110000.0,D+,13.07571571,14.97152236,7.0,7.0,4p2,4d'[5/2]3,True,False,4p[5/2]3,4d'[5/2]3,NIST-csv
N I,659.5844,659.7665857620774,90800.0,C,12.1219574,14.0011704,2.0,4.0,other24,other149,True,True,(3P).3p 2P* 0.5,(3P).5d 2D 1.5,NIST-json
Ar I,659.61134,659.7935330056839,23000.0,D,13.07571571,14.95485204,7.0,5.0,4p2,4d'[5/2]2,True,False,4p[5/2]3,4d'[5/2]2,NIST-csv
Ar I,659.86776,660.0500219521325,36000.0,D,13.30222747,15.18063359,5.0,5.0,4p8,7s[3/2]2,True,False,4p'[3/2]2,7s[3/2]2,NIST-csv
N I,660.321,660.5033838216601,109000.0,C,12.1263787,14.0034956,4.0,6.0,other25,other150,True,True,(3P).3p 2P* 1.5,(3P).5d 2D 2.5,NIST-json
Ar I,660.40114,660.5835453703766,280000.0,D+,13.07571571,14.95260474,7.0,5.0,4p2,4d'[3/2]2,True,False,4p[5/2]3,4d'[3/2]2,NIST-csv
Ar I,660.4853,660.6677280001074,13000.0,D,13.09487256,14.97152236,5.0,7.0,4p3,4d'[5/2]3,True,False,4p[5/2]2,4d'[5/2]3,NIST-csv
N I,660.6176,660.8000635743451,88700.0,D+,11.7528949,13.629169,4.0,6.0,other15,5s3,True,True,(3P).3p 4D* 1.5,(3P).5s 4P 2.5,NIST-json
N I,661.1399,661.3225040179973,18000.0,C,12.1263787,14.0011704,4.0,4.0,other25,other149,True,True,(3P).3p 2P* 1.5,(3P).5d 2D 1.5,NIST-json
N I,662.254,662.4369036043628,793000.0,D+,11.7575319,13.629169,6.0,6.0,other16,5s3,True,True,(3P).3p 4D* 2.5,(3P).5s 4P 2.5,NIST-json
N I,662.699,662.8820232709387,220000.0,D+,11.7500916,13.6204726,2.0,4.0,other14,5s2,True,True,(3P).3p 4D* 0.5,(3P).5s 4P 1.5,NIST-json
Ar I,663.20841,663.3915702611268,53000.0,D,13.15314387,15.02208834,3.0,3.0,4p4,6s'[1/2]1,True,False,4p[3/2]1,6s'[1/2]1,NIST-csv
N I,663.694,663.8772908485156,1400000.0,D+,11.7528949,13.6204726,4.0,4.0,other15,5s2,True,True,(3P).3p 4D* 1.5,(3P).5s 4P 1.5,NIST-json
N I,664.496,664.6795065326196,3490000.0,D+,11.7638464,13.629169,8.0,6.0,other17,5s3,True,True,(3P).3p 4D* 3.5,(3P).5s 4P 2.5,NIST-json
N I,664.65,664.833547949137,2180000.0,D+,11.7500916,13.6149817,2.0,2.0,other14,5s1,True,True,(3P).3p 4D* 0.5,(3P).5s 4P 0.5,NIST-json
N I,664.8256,665.0091951750644,137000.0,D+,12.1219574,13.9863558,2.0,2.0,other24,other132,True,True,(3P).3p 2P* 0.5,(3P).5d 2P 0.5,NIST-json
N I,665.1147,665.2983729265113,34200.0,D+,12.1219574,13.9855454,2.0,4.0,other24,other131,True,True,(3P).3p 2P* 0.5,(3P).5d 2P 1.5,NIST-json
N I,665.346,665.5297351337533,2740000.0,D+,11.7575319,13.6204726,6.0,4.0,other16,5s2,True,True,(3P).3p 4D* 2.5,(3P).5s 4P 1.5,NIST-json
N I,665.651,665.8348171632834,2170000.0,D+,11.7528949,13.6149817,4.0,2.0,other15,5s1,True,True,(3P).3p 4D* 1.5,(3P).5s 4P 0.5,NIST-json
Ar I,665.6938,665.8776286743996,31000.0,D,13.32785705,15.1898239,3.0,3.0,4p9,5d[3/2]1,True,False,4p'[1/2]1,5d[3/2]1,NIST-csv
Ar I,666.0676,666.2515292093102,780000.0,D,13.15314387,15.0140655,3.0,1.0,4p4,6s'[1/2]0,True,False,4p[3/2]1,6s'[1/2]0,NIST-csv
Ar I,666.4051,666.5891199826008,150000.0,D+,13.09487256,14.95485204,5.0,5.0,4p3,4d'[5/2]2,True,False,4p[5/2]2,4d'[5/2]2,NIST-csv
N I,666.4059,666.5899201977686,67900.0,D+,12.1263787,13.9863558,4.0,2.0,other25,other132,True,True,(3P).3p 2P* 1.5,(3P).5d 2P 0.5,NIST-json
N I,666.6964,666.8804983311035,170000.0,D+,12.1263787,13.9855454,4.0,4.0,other25,other131,True,True,(3P).3p 2P* 1.5,(3P).5d 2P 1.5,NIST-json
Ar I,667.7282,667.9125758535733,236000.0,B,11.62359272,13.47988682,3.0,1.0,4s2,4p10,True,True,4s[3/2]1,4p'[1/2]0,NIST-csv
Ar I,668.47883,668.6634077577071,39000.0,D,13.28263902,15.13684847,3.0,5.0,4p7,5d[3/2]2,True,False,4p'[3/2]1,5d[3/2]2,NIST-csv
Ar I,669.84708,670.0320258057046,25000.0,D,13.15314387,15.00356588,3.0,3.0,4p4,4d'[3/2]1,True,False,4p[3/2]1,4d'[3/2]1,NIST-csv
Ar I,669.8874,670.0723566517788,160000.0,D+,13.1717777,15.02208834,5.0,3.0,4p5,6s'[1/2]1,True,False,4p[3/2]2,6s'[1/2]1,NIST-csv
N I,670.0494,670.2344002299443,1500000.0,C,11.8374298,13.687293,2.0,4.0,other18,4d13,True,True,(3P).3p 4P* 0.5,(3P).4d 4D 1.5,NIST-json
N I,670.4839,670.6690171123707,2990000.0,C,11.8374298,13.6860943,2.0,2.0,other18,4d12,True,True,(3P).3p 4P* 0.5,(3P).4d 4D 0.5,NIST-json
N I,670.6107,670.7958512225395,2510000.0,C,11.8397086,13.6880236,4.0,6.0,other19,4d14,True,True,(3P).3p 4P* 1.5,(3P).4d 4D 2.5,NIST-json
N I,670.8759,671.0611225639591,1910000.0,C,11.8397086,13.687293,4.0,4.0,other19,4d13,True,True,(3P).3p 4P* 1.5,(3P).4d 4D 1.5,NIST-json
N I,671.3114,671.4967397194998,596000.0,C,11.8397086,13.6860943,4.0,2.0,other19,4d12,True,True,(3P).3p 4P* 1.5,(3P).4d 4D 0.5,NIST-json
Ar I,671.92185,672.107353942648,240000.0,D,13.2730381,15.11774638,1.0,3.0,4p6,5d[1/2]1,True,False,4p[1/2]0,5d[1/2]1,NIST-csv
N I,672.0967,672.2822509815429,195000.0,D+,11.8374298,13.681658,2.0,2.0,other18,4d10,True,True,(3P).3p 4P* 0.5,(3P).4d 4P 0.5,NIST-json
N I,672.262,672.4475954515742,3560000.0,C,11.844477,13.6882547,6.0,8.0,other20,4d15,True,True,(3P).3p 4P* 2.5,(3P).4d 4D 3.5,NIST-json
Ar I,672.28901,672.4746127180014,32000.0,D,13.30222747,15.1459283,5.0,7.0,4p8,5d[7/2]3,True,False,4p'[3/2]2,5d[7/2]3,NIST-csv
N I,672.3453,672.5309178615742,1070000.0,C,11.844477,13.6880236,6.0,6.0,other20,4d14,True,True,(3P).3p 4P* 2.5,(3P).4d 4D 2.5,NIST-json
N I,672.6118,672.7974895579601,178000.0,C,11.844477,13.687293,6.0,4.0,other20,4d13,True,True,(3P).3p 4P* 2.5,(3P).4d 4D 1.5,NIST-json
N I,672.9283,673.1140747068686,973000.0,D+,11.8397086,13.681658,4.0,2.0,other19,4d10,True,True,(3P).3p 4P* 1.5,(3P).4d 4P 0.5,NIST-json
N I,673.3322,673.5180833708932,485000.0,D+,11.8374298,13.6782741,2.0,4.0,other18,4d9,True,True,(3P).3p 4P* 0.5,(3P).4d 4P 1.5,NIST-json
N I,674.1668,674.352907914952,155000.0,D+,11.8397086,13.6782741,4.0,4.0,other19,4d9,True,True,(3P).3p 4P* 1.5,(3P).4d 4P 1.5,NIST-json
N I,675.2025,675.3888865746086,347000.0,D+,11.8397086,13.6754539,4.0,6.0,other19,4d7,True,True,(3P).3p 4P* 1.5,(3P).4d 4P 2.5,NIST-json
Ar I,675.2834,675.4698083416159,1930000.0,C,12.9070153,14.74254085,3.0,5.0,4p1,4d3,True,True,4p[1/2]1,4d[3/2]2,NIST-csv
Ar I,675.43724,675.6236897341089,210000.0,D,13.28263902,15.11774638,3.0,3.0,4p7,5d[1/2]1,True,False,4p'[3/2]1,5d[1/2]1,NIST-csv
Ar I,675.6163,675.8027979126772,360000.0,D+,13.30222747,15.13684847,5.0,5.0,4p8,5d[3/2]2,True,False,4p'[3/2]2,5d[3/2]2,NIST-csv
N I,675.9198,676.1063795743637,518000.0,D+,11.844477,13.6782741,6.0,4.0,other20,4d9,True,True,(3P).3p 4P* 2.5,(3P).4d 4P 1.5,NIST-json
Ar I,676.6612,676.847979064583,400000.0,D+,13.1717777,15.00356588,5.0,3.0,4p5,4d'[3/2]1,True,False,4p[3/2]2,4d'[3/2]1,NIST-csv
N I,676.961,677.147859734197,802000.0,D+,11.844477,13.6754539,6.0,6.0,other20,4d7,True,True,(3P).3p 4P* 2.5,(3P).4d 4P 2.5,NIST-json
Ar I,677.99259,678.1797273200674,121000.0,C,13.47988682,15.3080777,1.0,3.0,4p10,6d[1/2]1,True,False,4p'[1/2]0,6d[1/2]1,NIST-csv
Ar I,681.82888,682.0170497123539,200000.0,D,13.28263902,15.10054371,3.0,1.0,4p7,5d[1/2]0,True,False,4p'[3/2]1,5d[1/2]0,NIST-csv
Ar I,682.72488,682.9132908598932,240000.0,D,13.30222747,15.11774638,5.0,3.0,4p8,5d[1/2]1,True,False,4p'[3/2]2,5d[1/2]1,NIST-csv
Ar I,685.18842,685.3774939362952,67000.0,D,13.32785705,15.13684847,3.0,5.0,4p9,5d[3/2]2,True,False,4p'[1/2]1,5d[3/2]2,NIST-csv
Ar I,687.1289,687.3184962735359,2780000.0,C,12.9070153,14.7108981,3.0,3.0,4p1,4d2,True,True,4p[1/2]1,4d[1/2]1,NIST-csv
Ar I,687.9582,688.1480195161516,180000.0,D+,13.15314387,14.95485204,3.0,5.0,4p4,4d'[5/2]2,True,False,4p[3/2]1,4d'[5/2]2,NIST-csv
N I,688.4314,688.6213469020116,290.0,C,10.3259087,12.1263787,2.0,4.0,other5,other25,True,True,(3P).3s 4P 0.5,(3P).3p 2P* 1.5,NIST-json
Ar I,688.70882,688.8988415848139,130000.0,D+,13.1717777,14.97152236,5.0,7.0,4p5,4d'[5/2]3,True,False,4p[3/2]2,4d'[5/2]3,NIST-csv
Ar I,688.8174,689.0074508152934,250000.0,D+,13.15314387,14.95260474,3.0,5.0,4p4,4d'[3/2]2,True,False,4p[3/2]1,4d'[3/2]2,NIST-csv
N I,690.0355,690.2258787445978,1270.0,C,10.3300944,12.1263787,4.0,4.0,other6,other25,True,True,(3P).3s 4P 1.5,(3P).3p 2P* 1.5,NIST-json
N I,690.1261,690.3165031359845,81.0,D,10.3259087,12.1219574,2.0,2.0,other5,other24,True,True,(3P).3s 4P 0.5,(3P).3p 2P* 0.5,NIST-json
N I,691.7382,691.9290371607648,87.0,C,10.3300944,12.1219574,4.0,2.0,other6,other24,True,True,(3P).3s 4P 1.5,(3P).3p 2P* 0.5,NIST-json
N I,692.2713,692.4622806928942,700.0,C,10.3358956,12.1263787,6.0,4.0,other7,other25,True,True,(3P).3s 4P 2.5,(3P).3p 2P* 1.5,NIST-json
Ar I,692.50094,692.6919825221934,120000.0,D+,13.32785705,15.11774638,3.0,3.0,4p9,5d[1/2]1,True,False,4p'[1/2]1,5d[1/2]1,NIST-csv
N I,692.667,692.8580872332676,775000.0,B,11.8397086,13.629169,4.0,6.0,other19,5s3,True,True,(3P).3p 4P* 1.5,(3P).5s 4P 2.5,NIST-json
Ar I,693.7664,693.9577832500145,3080000.0,C,12.9070153,14.6936397,3.0,1.0,4p1,4d1,True,True,4p[1/2]1,4d[1/2]0,NIST-csv
N I,694.5177,694.7092855469085,1830000.0,B,11.844477,13.629169,6.0,6.0,other20,5s3,True,True,(3P).3p 4P* 2.5,(3P).5s 4P 2.5,NIST-json
Ar I,695.1478,695.3395552136285,220000.0,D,13.1717777,14.95485204,5.0,5.0,4p5,4d'[5/2]2,True,False,4p[3/2]2,4d'[5/2]2,NIST-csv
N I,695.16,695.3517584987565,1030000.0,B,11.8374298,13.6204726,2.0,4.0,other18,5s2,True,True,(3P).3p 4P* 0.5,(3P).5s 4P 1.5,NIST-json
Ar I,696.025,696.2169914235626,240000.0,D,13.1717777,14.95260474,5.0,5.0,4p5,4d'[3/2]2,True,False,4p[3/2]2,4d'[3/2]2,NIST-csv
N I,696.0496,696.2415980478937,467000.0,B,11.8397086,13.6204726,4.0,4.0,other19,5s2,True,True,(3P).3p 4P* 1.5,(3P).5s 4P 1.5,NIST-json
Ar I,696.5431,696.7352309397262,6400000.0,B+,11.54835442,13.32785705,5.0,3.0,4s1,4p9,True,True,4s[3/2]2,4p'[1/2]1,NIST-csv
N I,697.3074,697.4997367586163,383000.0,B,11.8374298,13.6149817,2.0,2.0,other18,5s1,True,True,(3P).3p 4P* 0.5,(3P).5s 4P 0.5,NIST-json
N I,697.9185,698.1110013264,983000.0,B,11.844477,13.6204726,6.0,4.0,other20,5s2,True,True,(3P).3p 4P* 2.5,(3P).5s 4P 1.5,NIST-json
N I,698.2025,698.3950778082041,2040000.0,B,11.8397086,13.6149817,4.0,2.0,other19,5s1,True,True,(3P).3p 4P* 1.5,(3P).5s 4P 0.5,NIST-json
Ar I,699.22122,699.4140721583098,750000.0,D+,13.32785705,15.10054371,3.0,1.0,4p9,5d[1/2]0,True,False,4p'[1/2]1,5d[1/2]0,NIST-csv
Ar I,703.0251,703.2189766671971,2670000.0,C,13.07571571,14.838811,7.0,5.0,4p2,6s1,True,True,4p[5/2]3,6s[3/2]2,NIST-csv
Ar I,706.7218,706.9166724449472,3800000.0,B,11.54835442,13.30222747,5.0,5.0,4s1,4p8,True,True,4s[3/2]2,4p'[3/2]2,NIST-csv
Ar I,706.8736,707.0685133380482,2000000.0,D+,13.09487256,14.84836899,5.0,3.0,4p3,6s2,True,True,4p[5/2]2,6s[3/2]1,NIST-csv
Ar I,708.67047,708.8658674101181,150000.0,D+,13.2730381,15.02208834,1.0,3.0,4p6,6s'[1/2]1,True,False,4p[1/2]0,6s'[1/2]1,NIST-csv
Ar I,710.7478,710.9437570758067,450000.0,D+,13.09487256,14.838811,5.0,5.0,4p3,6s1,True,True,4p[5/2]2,6s[3/2]2,NIST-csv
Ar I,712.582,712.778451272378,600000.0,D+,13.28263902,15.02208834,3.0,3.0,4p7,6s'[1/2]1,True,False,4p'[3/2]1,6s'[1/2]1,NIST-csv
Ar I,714.7042,714.9012231054458,630000.0,B,11.54835442,13.28263902,5.0,3.0,4s1,4p7,True,True,4s[3/2]2,4p'[3/2]1,NIST-csv
Ar I,715.8839,716.0812409972345,2100000.0,D+,13.28263902,15.0140655,3.0,1.0,4p7,6s'[1/2]0,True,False,4p'[3/2]1,6s'[1/2]0,NIST-csv
Ar I,716.25567,716.4531111801458,58000.0,D,13.2730381,15.00356588,1.0,3.0,4p6,4d'[3/2]1,True,False,4p[1/2]0,4d'[3/2]1,NIST-csv
Ar I,720.698,720.896638377435,2480000.0,C,13.30222747,15.02208834,5.0,3.0,4p8,6s'[1/2]1,True,False,4p'[3/2]2,6s'[1/2]1,NIST-csv
Ar I,722.994,723.1932572141802,66000.0,D,13.09487256,14.809272,5.0,5.0,4p3,4d6,True,True,4p[5/2]2,4d[5/2]2,NIST-csv
Ar I,726.5172,726.717406907619,170000.0,D,13.15314387,14.85923,3.0,3.0,4p4,4d8,True,True,4p[3/2]1,4d[3/2]1,NIST-csv
Ar I,727.0664,727.2667549567067,110000.0,D,13.07571571,14.780512,7.0,7.0,4p2,4d5,True,True,4p[5/2]3,4d[7/2]3,NIST-csv
Ar I,727.2936,727.4940162043018,1830000.0,B+,11.62359272,13.32785705,3.0,3.0,4s2,4p9,True,True,4s[3/2]1,4p'[1/2]1,NIST-csv
Ar I,728.54433,728.7450833788091,120000.0,D,13.30222747,15.00356588,5.0,3.0,4p8,4d'[3/2]1,True,False,4p'[3/2]2,4d'[3/2]1,NIST-csv
N I,730.6559,730.8572226514309,40300.0,C,12.0001429,13.6965647,4.0,6.0,other22,4d17,True,True,(3P).3p 2D* 1.5,(3P).4d 2D 2.5,NIST-json
Ar I,731.1716,731.3730616884092,1700000.0,D+,13.15314387,14.84836899,3.0,3.0,4p4,6s2,True,True,4p[3/2]1,6s[3/2]1,NIST-csv
Ar I,731.6005,731.8020773251417,960000.0,D+,13.32785705,15.02208834,3.0,3.0,4p9,6s'[1/2]1,True,False,4p'[1/2]1,6s'[1/2]1,NIST-csv
N I,731.8975,732.0991574009366,541000.0,C,12.0001429,13.6936867,4.0,4.0,other22,4d16,True,True,(3P).3p 2D* 1.5,(3P).4d 2D 1.5,NIST-json
N I,734.757,734.9594284051173,555000.0,C,12.0096116,13.6965647,6.0,6.0,other23,4d17,True,True,(3P).3p 2D* 2.5,(3P).4d 2D 2.5,NIST-json
Ar I,735.0814,735.2839158771817,1200000.0,D+,13.32785705,15.0140655,3.0,1.0,4p9,6s'[1/2]0,True,False,4p'[1/2]1,6s'[1/2]0,NIST-csv
N I,735.1363,735.3388306806498,1320000.0,D+,11.9955753,13.681658,4.0,2.0,other21,4d10,True,True,(3P).3p 4S* 1.5,(3P).4d 4P 0.5,NIST-json
Ar I,735.31749,735.5200695376692,210000.0,E,13.15314387,14.838811,3.0,5.0,4p4,6s1,True,True,4p[3/2]1,6s[3/2]2,NIST-csv
Ar I,735.3293,735.5318827221889,960000.0,D+,13.09487256,14.780512,5.0,7.0,4p3,4d5,True,True,4p[5/2]2,4d[7/2]3,NIST-csv
N I,736.0126,736.2153669733485,59100.0,C,12.0096116,13.6936867,6.0,4.0,other23,4d16,True,True,(3P).3p 2D* 2.5,(3P).4d 2D 1.5,NIST-json
N I,736.6146,736.8175293053192,1310000.0,D+,11.9955753,13.6782741,4.0,4.0,other21,4d9,True,True,(3P).3p 4S* 1.5,(3P).4d 4P 1.5,NIST-json
Ar I,737.2118,737.4148903459709,1900000.0,D+,13.07571571,14.7570516,7.0,9.0,4p2,4d4,True,True,4p[5/2]3,4d[7/2]4,NIST-csv
N I,737.8513,738.0545627965487,1300000.0,D+,11.9955753,13.6754539,4.0,6.0,other21,4d7,True,True,(3P).3p 4S* 1.5,(3P).4d 4P 2.5,NIST-json
N I,738.01,738.213305592869,1940.0,C,10.3300944,12.0096116,4.0,6.0,other6,other23,True,True,(3P).3s 4P 1.5,(3P).3p 2D* 2.5,NIST-json
Ar I,738.398,738.6014102249644,8500000.0,B,11.62359272,13.30222747,3.0,5.0,4s2,4p8,True,True,4s[3/2]1,4p'[3/2]2,NIST-csv
Ar I,739.298,739.5016529331292,720000.0,D+,13.1717777,14.84836899,5.0,3.0,4p5,6s2,True,True,4p[3/2]2,6s[3/2]1,NIST-csv
N I,740.3388,740.5427336200631,11400.0,B,10.3259087,12.0001429,2.0,4.0,other5,other22,True,True,(3P).3s 4P 0.5,(3P).3p 2D* 1.5,NIST-json
N I,740.568,740.771995432808,4390.0,B,10.3358956,12.0096116,6.0,6.0,other7,other23,True,True,(3P).3s 4P 2.5,(3P).3p 2D* 2.5,NIST-json
N I,740.612,740.8160072991789,1520000.0,C,12.0001429,13.6737591,4.0,6.0,other22,4d6,True,True,(3P).3p 2D* 1.5,(3P).4d 2F 2.5,NIST-json
N I,740.624,740.8280105354645,1630000.0,C,12.0096116,13.6832014,6.0,8.0,other23,4d11,True,True,(3P).3p 2D* 2.5,(3P).4d 2F 3.5,NIST-json
Ar I,741.2337,741.437874967321,390000.0,D+,13.28263902,14.95485204,3.0,5.0,4p7,4d'[5/2]2,True,False,4p'[3/2]1,4d'[5/2]2,NIST-csv
N I,742.1943,742.3987340407085,16300.0,B,10.3300944,12.0001429,4.0,4.0,other6,other22,True,True,(3P).3s 4P 1.5,(3P).3p 2D* 1.5,NIST-json
Ar I,742.23116,742.4356039819857,66000.0,D,13.28263902,14.95260474,3.0,5.0,4p7,4d'[3/2]2,True,False,4p'[3/2]1,4d'[3/2]2,NIST-csv
N I,742.364,742.5684798095133,5640000.0,B+,10.3259087,11.9955753,2.0,4.0,other5,other21,True,True,(3P).3s 4P 0.5,(3P).3p 4S* 1.5,NIST-json
Ar I,742.5294,742.7339244188182,310000.0,D,13.30222747,14.97152236,5.0,7.0,4p8,4d'[5/2]3,True,False,4p'[3/2]2,4d'[5/2]3,NIST-csv
N I,742.8753,743.0799177107097,906000.0,D+,12.0001429,13.6686606,4.0,2.0,other22,4d4,True,True,(3P).3p 2D* 1.5,(3P).4d 2P 0.5,NIST-json
Ar I,743.5368,743.7415961250854,900000.0,D+,13.1717777,14.838811,5.0,5.0,4p5,6s1,True,True,4p[3/2]2,6s[3/2]2,NIST-csv
Ar I,743.6297,743.8345211816016,270000.0,D,13.07571571,14.74254085,7.0,5.0,4p2,4d3,True,True,4p[5/2]3,4d[3/2]2,NIST-csv
N I,744.229,744.4339828234525,11900000.0,B+,10.3300944,11.9955753,4.0,4.0,other6,other21,True,True,(3P).3s 4P 1.5,(3P).3p 4S* 1.5,NIST-json
N I,744.2621,744.4670917511959,90100.0,D+,12.0001429,13.6655516,4.0,4.0,other22,4d3,True,True,(3P).3p 2D* 1.5,(3P).4d 2P 1.5,NIST-json
N I,744.7815,744.9866318451117,14900.0,B,10.3358956,12.0001429,6.0,4.0,other7,other22,True,True,(3P).3s 4P 2.5,(3P).3p 2D* 1.5,NIST-json
N I,744.8262,745.0313439018145,107000.0,C,12.0096116,13.6737591,6.0,6.0,other23,4d6,True,True,(3P).3p 2D* 2.5,(3P).4d 2F 2.5,NIST-json
N I,746.831,747.0366846629747,19600000.0,B+,10.3358956,11.9955753,6.0,4.0,other7,other21,True,True,(3P).3s 4P 2.5,(3P).3p 4S* 1.5,NIST-json
Ar I,747.11636,747.3221216366925,22000.0,B,11.62359272,13.28263902,3.0,3.0,4s2,4p7,True,True,4s[3/2]1,4p'[3/2]1,NIST-csv
Ar I,748.433,748.6391167989443,340000.0,D+,13.15314387,14.809272,3.0,5.0,4p4,4d6,True,True,4p[3/2]1,4d[5/2]2,NIST-csv
N I,748.5178,748.7239396741323,797000.0,D+,12.0096116,13.6655516,6.0,4.0,other23,4d3,True,True,(3P).3p 2D* 2.5,(3P).4d 2P 1.5,NIST-json
Ar I,750.3869,750.5935438870197,45000000.0,B,11.82807116,13.47988682,3.0,1.0,4s4,4p10,True,True,4s'[1/2]1,4p'[1/2]0,NIST-csv
N I,750.7609,750.9676447814987,230000.0,C+,12.0001429,13.6511356,4.0,4.0,other22,5s5,True,True,(3P).3p 2D* 1.5,(3P).5s 2P 1.5,NIST-json
Ar I,751.0408,751.2476202912225,450000.0,D,13.30222747,14.95260474,5.0,5.0,4p8,4d'[3/2]2,True,False,4p'[3/2]2,4d'[3/2]2,NIST-csv
Ar I,751.4652,751.6721347844647,40000000.0,B,11.62359272,13.2730381,3.0,1.0,4s2,4p6,True,True,4s[3/2]1,4p[1/2]0,NIST-csv
N I,754.6209,754.828686163444,2850000.0,B,12.0001429,13.6426905,4.0,2.0,other22,5s4,True,True,(3P).3p 2D* 1.5,(3P).5s 2P 0.5,NIST-json
N I,755.0914,755.2993131067298,1790000.0,B,12.0096116,13.6511356,6.0,4.0,other23,5s5,True,True,(3P).3p 2D* 2.5,(3P).5s 2P 1.5,NIST-json
N I,758.7571,758.9660021900409,701000.0,D+,11.9955753,13.629169,4.0,6.0,other21,5s3,True,True,(3P).3p 4S* 1.5,(3P).5s 4P 2.5,NIST-json
Ar I,761.83441,762.0441425930469,290000.0,D,13.32785705,14.95485204,3.0,5.0,4p9,4d'[5/2]2,True,False,4p'[1/2]1,4d'[5/2]2,NIST-csv
N I,762.818,763.0279980270864,690000.0,D+,11.9955753,13.6204726,4.0,4.0,other21,5s2,True,True,(3P).3p 4S* 1.5,(3P).5s 4P 1.5,NIST-json
Ar I,762.88816,763.0981769609175,290000.0,D,13.32785705,14.95260474,3.0,5.0,4p9,4d'[3/2]2,True,False,4p'[1/2]1,4d'[3/2]2,NIST-csv
Ar I,763.5106,763.7207849382266,24500000.0,B,11.54835442,13.1717777,5.0,5.0,4s1,4p5,True,True,4s[3/2]2,4p[3/2]2,NIST-csv
N I,765.4044,765.6150960341937,683000.0,D+,11.9955753,13.6149817,4.0,2.0,other21,5s1,True,True,(3P).3p 4S* 1.5,(3P).5s 4P 0.5,NIST-json
Ar I,767.00571,767.2168382143002,280000.0,D,13.09487256,14.7108981,5.0,3.0,4p3,4d2,True,True,4p[5/2]2,4d[1/2]1,NIST-csv
N I,770.351,770.5630311411942,693000.0,C,13.3392701,14.94828,2.0,2.0,4p12,3d25,True,True,(3P).4p 2P* 0.5,(1D).3d 2S 0.5,NIST-json
Ar I,770.482,770.694066501065,63000.0,D,13.1717777,14.780512,5.0,7.0,4p5,4d5,True,True,4p[3/2]2,4d[7/2]3,NIST-csv
Ar I,772.3761,772.5886777756037,5200000.0,B+,11.54835442,13.15314387,5.0,3.0,4s1,4p4,True,True,4s[3/2]2,4p[3/2]1,NIST-csv
Ar I,772.4207,772.6332898147994,11700000.0,B+,11.72316039,13.32785705,1.0,3.0,4s3,4p9,True,True,4s'[1/2]0,4p'[1/2]1,NIST-csv
N I,772.721,772.9336708772918,1370000.0,C,13.3442064,14.94828,4.0,2.0,4p13,3d25,True,True,(3P).4p 2P* 1.5,(1D).3d 2S 0.5,NIST-json
Ar I,779.85609,780.0706871023142,87000.0,D+,13.15314387,14.74254085,3.0,5.0,4p4,4d3,True,True,4p[3/2]1,4d[3/2]2,NIST-csv
Ar I,786.81945,787.0359273118548,350000.0,C,13.2730381,14.84836899,1.0,3.0,4p6,6s2,True,True,4p[1/2]0,6s[3/2]1,NIST-csv
N I,788.6224,788.8393641893091,686000.0,C,12.1219574,13.6936867,2.0,4.0,other24,4d16,True,True,(3P).3p 2P* 0.5,(3P).4d 2D 1.5,NIST-json
Ar I,789.1075,789.3245951918676,950000.0,C,13.1717777,14.74254085,5.0,5.0,4p5,4d3,True,True,4p[3/2]2,4d[3/2]2,NIST-csv
N I,789.3976,789.6147735349144,821000.0,C,12.1263787,13.6965647,4.0,6.0,other25,4d17,True,True,(3P).3p 2P* 1.5,(3P).4d 2D 2.5,NIST-json
N I,789.8982,790.1155087259455,28200000.0,C,12.3566901,13.925881,6.0,4.0,other26,other121,True,True,(1D).3s 2D 2.5,(1D).3p 2P* 1.5,NIST-json
N I,789.9284,790.1457168817511,3280000.0,C,12.3567502,13.925881,4.0,4.0,other27,other121,True,True,(1D).3s 2D 1.5,(1D).3p 2P* 1.5,NIST-json
N I,790.8471,791.0646649886196,136000.0,C,12.1263787,13.6936867,4.0,4.0,other25,4d16,True,True,(3P).3p 2P* 1.5,(3P).4d 2D 1.5,NIST-json
N I,791.5419,791.7596526321604,31300000.0,C,12.3567502,13.9226824,4.0,2.0,other27,other120,True,True,(1D).3s 2D 1.5,(1D).3p 2P* 0.5,NIST-json
Ar I,791.64418,791.8619602550325,120000.0,D+,13.28263902,14.84836899,3.0,3.0,4p7,6s2,True,True,4p'[3/2]1,6s[3/2]1,NIST-csv
Ar I,794.8176,795.0362373388097,18600000.0,B,11.72316039,13.28263902,1.0,3.0,4s3,4p7,True,True,4s'[1/2]0,4p'[3/2]1,NIST-csv
N I,795.4953685872335,795.7141889878502,,,13.3392701,14.89742,2.0,4.0,4p12,3d22,True,True,(3P).4p 2P* 0.5,(1D).3d 2D 1.5,ritz
N I,795.9706085743761,796.1895573366788,,,13.2976904,14.85491,6.0,8.0,4p10,3d18,True,True,(3P).4p 2D* 2.5,(1D).3d 2F 3.5,ritz
Ar I,796.50647,796.725563499545,34000.0,E,13.28263902,14.838811,3.0,5.0,4p7,6s1,True,True,4p'[3/2]1,6s[3/2]2,NIST-csv
N I,798.0235612935279,798.243064572702,,,13.3442064,14.89742,4.0,4.0,4p13,3d22,True,True,(3P).4p 2P* 1.5,(1D).3d 2D 1.5,ritz
N I,798.3885198861285,798.6081217460616,,,13.3442064,14.89671,4.0,6.0,4p13,3d21,True,True,(3P).4p 2P* 1.5,(1D).3d 2D 2.5,ritz
Ar I,800.6157,800.8359034733126,4900000.0,C+,11.62359272,13.1717777,3.0,5.0,4s2,4p5,True,True,4s[3/2]1,4p[3/2]2,NIST-csv
N I,801.0319062387492,801.2522221426613,,,12.1263787,13.6737591,4.0,6.0,other25,4d6,True,True,(3P).3p 2P* 1.5,(3P).4d 2F 2.5,ritz
N I,801.382627351448,801.6030379972052,,,12.1219574,13.6686606,2.0,2.0,other24,4d4,True,True,(3P).3p 2P* 0.5,(3P).4d 2P 0.5,ritz
Ar I,801.4786,801.6990365714116,9300000.0,B,11.54835442,13.09487256,5.0,5.0,4s1,4p3,True,True,4s[3/2]2,4p[5/2]2,NIST-csv
Ar I,801.67376,801.8942492913102,4200.0,E,13.30222747,14.84836899,5.0,3.0,4p8,6s2,True,True,4p'[3/2]2,6s[3/2]1,NIST-csv
N I,802.996724363817,803.2175710429588,,,12.1219574,13.6655516,2.0,4.0,other24,4d3,True,True,(3P).3p 2P* 0.5,(3P).4d 2P 1.5,ritz
N I,803.6799832041044,803.9010144643462,,,12.1263787,13.6686606,4.0,2.0,other25,4d4,True,True,(3P).3p 2P* 1.5,(3P).4d 2P 0.5,ritz
Ar I,803.72188,803.9429225786804,359000.0,C,13.47988682,15.02208834,1.0,3.0,4p10,6s'[1/2]1,True,False,4p'[1/2]0,6s'[1/2]1,NIST-csv
Ar I,804.6118,804.8330829936231,1120000.0,C,13.15314387,14.6936397,3.0,1.0,4p4,4d1,True,True,4p[3/2]1,4d[1/2]0,NIST-csv
N I,805.30335717921,805.524827002866,,,12.1263787,13.6655516,4.0,4.0,other25,4d3,True,True,(3P).3p 2P* 1.5,(3P).4d 2P 1.5,ritz
Ar I,805.3308,805.5522772376291,860000.0,C,13.1717777,14.7108981,5.0,3.0,4p5,4d2,True,True,4p[3/2]2,4d[1/2]1,NIST-csv
Ar I,806.66043,806.88226645721,140000.0,D+,13.30222747,14.838811,5.0,5.0,4p8,6s1,True,True,4p'[3/2]2,6s[3/2]2,NIST-csv
Ar I,810.3693,810.5921385232361,25000000.0,B+,11.62359272,13.15314387,3.0,3.0,4s2,4p4,True,True,4s[3/2]1,4p[3/2]1,NIST-csv
N I,810.5668407838438,810.7897326812529,,,12.1219574,13.6511356,2.0,4.0,other24,5s5,True,True,(3P).3p 2P* 0.5,(3P).5s 2P 1.5,ritz
Ar I,811.5311,811.7542524371603,33000000.0,B,11.54835442,13.07571571,5.0,7.0,4s1,4p2,True,True,4s[3/2]2,4p[5/2]3,NIST-csv
N I,812.9172327085003,813.1407596843799,,,12.1263787,13.6511356,4.0,4.0,other25,5s5,True,True,(3P).3p 2P* 1.5,(3P).5s 2P 1.5,ritz
N I,815.0681899717888,815.2922981685604,,,12.1219574,13.6426905,2.0,2.0,other24,5s4,True,True,(3P).3p 2P* 0.5,(3P).5s 2P 0.5,ritz
Ar I,815.18675,815.4108902342938,33000.0,E,13.32785705,14.84836899,3.0,3.0,4p9,6s2,True,True,4p'[1/2]1,6s[3/2]1,NIST-csv
N I,816.6233296110191,816.847858047481,,,12.3566901,13.8745272,6.0,6.0,other26,5p13,True,True,(1D).3s 2D 2.5,(3P).5p 2D* 2.5,ritz
N I,816.6556659117499,816.8802030864882,,,12.3567502,13.8745272,4.0,6.0,other27,5p13,True,True,(1D).3s 2D 1.5,(3P).5p 2D* 2.5,ritz
N I,817.4447974875808,817.669547912243,,,12.1263787,13.6426905,4.0,2.0,other25,5s4,True,True,(3P).3p 2P* 1.5,(3P).5s 2P 0.5,ritz
N I,818.4861604289263,818.7111922706986,,,10.3300944,11.844477,4.0,6.0,other6,other20,True,True,(3P).3s 4P 1.5,(3P).3p 4P* 2.5,ritz
N I,818.8012180025685,819.0263349865459,,,10.3259087,11.8397086,2.0,4.0,other5,other19,True,True,(3P).3s 4P 0.5,(3P).3p 4P* 1.5,ritz
N I,820.0356651818677,820.2611157727132,,,10.3259087,11.8374298,2.0,2.0,other5,other18,True,True,(3P).3s 4P 0.5,(3P).3p 4P* 0.5,ritz
N I,820.1436963387886,820.3691761252732,,,12.3566901,13.8680121,6.0,4.0,other26,5p12,True,True,(1D).3s 2D 2.5,(3P).5p 2D* 1.5,ritz
N I,820.176312039951,820.4018006409085,,,12.3567502,13.8680121,4.0,4.0,other27,5p12,True,True,(1D).3s 2D 1.5,(3P).5p 2D* 1.5,ritz
Ar I,820.34348,820.5690137786079,160000.0,E,13.32785705,14.838811,3.0,5.0,4p9,6s1,True,True,4p'[1/2]1,6s[3/2]2,NIST-csv
N I,821.0715148149885,821.2972453491761,,,10.3300944,11.8397086,4.0,4.0,other6,other19,True,True,(3P).3s 4P 1.5,(3P).3p 4P* 1.5,ritz
N I,821.6336366952397,821.8595191482547,,,10.3358956,11.844477,6.0,6.0,other7,other20,True,True,(3P).3s 4P 2.5,(3P).3p 4P* 2.5,ritz
N I,822.312822147951,822.5388881598611,,,10.3300944,11.8374298,4.0,2.0,other6,other18,True,True,(3P).3s 4P 1.5,(3P).3p 4P* 0.5,ritz
N I,823.3238642446919,823.5502035092491,,,13.6511356,15.15662,4.0,6.0,5s5,4p14,True,True,(3P).5s 2P 1.5,(1D).4p 2F* 2.5,ritz
N I,824.2389446991001,824.4655312861377,,,10.3358956,11.8397086,6.0,4.0,other7,other19,True,True,(3P).3s 4P 2.5,(3P).3p 4P* 1.5,ritz
Ar I,826.4522,826.679384792882,15300000.0,B+,11.82807116,13.32785705,3.0,3.0,4s4,4p9,True,True,4s'[1/2]1,4p'[1/2]1,NIST-csv
N I,831.2173724525617,831.4458452888466,,,13.2889721,14.78016,4.0,4.0,4p9,4s6,True,True,(3P).4p 2D* 1.5,(1D).4s 2D 1.5,ritz
N I,831.2173724525617,831.4458452888466,,,13.2889721,14.78016,4.0,6.0,4p9,4s7,True,True,(3P).4p 2D* 1.5,(1D).4s 2D 2.5,ritz
N I,831.2839897369287,831.5124805810385,,,13.6655516,15.15662,4.0,6.0,4d3,4p14,True,True,(3P).4d 2P 1.5,(1D).4p 2F* 2.5,ritz
N I,835.8850917498496,836.1148264142643,,,13.6737591,15.15662,6.0,6.0,4d6,4p14,True,True,(3P).4d 2F 2.5,(1D).4p 2F* 2.5,ritz
N I,835.8850917498496,836.1148264142643,,,13.6737591,15.15662,6.0,8.0,4d6,4p15,True,True,(3P).4d 2F 2.5,(1D).4p 2F* 3.5,ritz
N I,836.1057258231226,836.3355201347805,,,13.2976904,14.78016,6.0,6.0,4p10,4s7,True,True,(3P).4p 2D* 2.5,(1D).4s 2D 2.5,ritz
N I,836.1057258231226,836.3355201347805,,,13.2976904,14.78016,6.0,4.0,4p10,4s6,True,True,(3P).4p 2D* 2.5,(1D).4s 2D 1.5,ritz
Ar I,838.473,838.703434308838,240000.0,D,13.30222747,14.780512,5.0,7.0,4p8,4d5,True,True,4p'[3/2]2,4d[7/2]3,NIST-csv
Ar I,840.821,841.0520691261936,22300000.0,B+,11.82807116,13.30222747,3.0,5.0,4s4,4p8,True,True,4s'[1/2]1,4p'[3/2]2,NIST-csv
N I,841.2418268683326,841.4730097746829,,,13.6832014,15.15662,8.0,6.0,4d11,4p14,True,True,(3P).4d 2F 3.5,(1D).4p 2F* 2.5,ritz
N I,841.2418268683326,841.4730097746829,,,13.6832014,15.15662,8.0,8.0,4d11,4p15,True,True,(3P).4d 2F 3.5,(1D).4p 2F* 3.5,ritz
Ar I,842.4648,842.696313570635,21500000.0,B+,11.62359272,13.09487256,3.0,5.0,4s2,4p3,True,True,4s[3/2]1,4p[5/2]2,NIST-csv
N I,847.2712965043992,847.5041097225692,,,13.6936867,15.15662,4.0,6.0,4d16,4p14,True,True,(3P).4d 2D 1.5,(1D).4p 2F* 2.5,ritz
N I,848.9414095752699,849.1746744113045,,,13.6965647,15.15662,6.0,8.0,4d17,4p15,True,True,(3P).4d 2D 2.5,(1D).4p 2F* 3.5,ritz
N I,848.9414095752699,849.1746744113045,,,13.6965647,15.15662,6.0,6.0,4d17,4p14,True,True,(3P).4d 2D 2.5,(1D).4p 2F* 2.5,ritz
Ar I,849.03066,849.2639489708039,96000.0,D,13.28263902,14.74254085,3.0,5.0,4p7,4d3,True,True,4p'[3/2]1,4d[3/2]2,NIST-csv
Ar I,852.1442,852.3783309494852,13900000.0,B,11.82807116,13.28263902,3.0,3.0,4s4,4p7,True,True,4s'[1/2]1,4p'[3/2]1,NIST-csv
N I,856.7735236344027,857.0089065633404,,,10.6796703,12.1263787,2.0,4.0,other8,other25,True,True,(3P).3s 2P 0.5,(3P).3p 2P* 1.5,ritz
N I,859.3999555983168,859.6360488837487,,,10.6796703,12.1219574,2.0,2.0,other8,other24,True,True,(3P).3s 2P 0.5,(3P).3p 2P* 0.5,ritz
N I,860.2333008207132,860.4696195038912,,,13.3392701,14.78016,2.0,4.0,4p12,4s6,True,True,(3P).4p 2P* 0.5,(1D).4s 2D 1.5,ritz
Ar I,860.5776,860.8140118080078,1040000.0,C,13.30222747,14.74254085,5.0,5.0,4p8,4d3,True,True,4p'[3/2]2,4d[3/2]2,NIST-csv
Ar I,862.04603,862.2828389906388,920000.0,C,13.2730381,14.7108981,1.0,3.0,4p6,4d2,True,True,4p[1/2]0,4d[1/2]1,NIST-csv
N I,862.9234915655751,863.1605378983083,,,10.6899808,12.1263787,4.0,4.0,other9,other25,True,True,(3P).3s 2P 1.5,(3P).3p 2P* 1.5,ritz
N I,863.1904908066952,863.4276093600788,,,13.3442064,14.78016,4.0,6.0,4p13,4s7,True,True,(3P).4p 2P* 1.5,(1D).4s 2D 2.5,ritz
N I,863.1904908066952,863.4276093600788,,,13.3442064,14.78016,4.0,4.0,4p13,4s6,True,True,(3P).4p 2P* 1.5,(1D).4s 2D 1.5,ritz
N I,865.5747661602601,865.8125296526206,,,12.3566901,13.7886883,6.0,4.0,other26,5p6,True,True,(1D).3s 2D 2.5,(3P).5p 2P* 1.5,ritz
N I,865.5878225839376,865.8255896080991,,,10.6899808,12.1219574,4.0,2.0,other9,other24,True,True,(3P).3s 2P 1.5,(3P).3p 2P* 0.5,ritz
N I,865.6110954269552,865.8488687464911,,,12.3567502,13.7886883,4.0,4.0,other27,5p6,True,True,(1D).3s 2D 1.5,(3P).5p 2P* 1.5,ritz
N I,866.4385471608413,866.6765443103604,,,11.6026335,13.0332041,2.0,4.0,other13,3d16,True,True,(3P).3p 2S* 0.5,(3P).3d 2D 1.5,ritz
N I,866.6934846946357,866.9315508067763,,,12.3567502,13.7869,4.0,2.0,other27,5p4,True,True,(1D).3s 2D 1.5,(3P).5p 2P* 0.5,ritz
Ar I,866.7944,867.0324934106203,2430000.0,B,11.72316039,13.15314387,1.0,3.0,4s3,4p4,True,True,4s'[1/2]0,4p[3/2]1,NIST-csv
N I,868.0281713802698,868.2665985410704,,,10.3358956,11.7638464,6.0,8.0,other7,other17,True,True,(3P).3s 4P 2.5,(3P).3p 4D* 3.5,ritz
N I,868.3403116411932,868.5788232409475,,,10.3300944,11.7575319,4.0,6.0,other6,other16,True,True,(3P).3s 4P 1.5,(3P).3p 4D* 2.5,ritz
N I,868.6149349077264,868.8535207978886,,,10.3259087,11.7528949,2.0,4.0,other5,other15,True,True,(3P).3s 4P 0.5,(3P).3p 4D* 1.5,ritz
Ar I,876.16864,876.4092694466269,950000.0,D+,13.32785705,14.74254085,3.0,5.0,4p9,4d3,True,True,4p'[1/2]1,4d[3/2]2,NIST-csv
Ar I,878.4557,878.6969482361075,240000.0,D,13.28263902,14.6936397,3.0,1.0,4p7,4d1,True,True,4p'[3/2]1,4d[1/2]0,NIST-csv
Ar I,879.90874,880.1503813853666,460000.0,D+,13.30222747,14.7108981,5.0,3.0,4p8,4d2,True,True,4p'[3/2]2,4d[1/2]1,NIST-csv
Ar I,896.21468,896.460733970485,160000.0,D+,13.32785705,14.7108981,3.0,3.0,4p9,4d2,True,True,4p'[1/2]1,4d[1/2]1,NIST-csv
Ar I,905.74928,905.9979147128674,97000.0,E,13.47988682,14.84836899,1.0,3.0,4p10,6s2,True,True,4p'[1/2]0,6s[3/2]1,NIST-csv
Ar I,907.5394,907.7885192918711,1200000.0,D,13.32785705,14.6936397,3.0,1.0,4p9,4d1,True,True,4p'[1/2]1,4d[1/2]0,NIST-csv
Ar I,912.2967,912.5471071435281,18900000.0,B,11.54835442,12.9070153,5.0,3.0,4s1,4p1,True,True,4s[3/2]2,4p[1/2]1,NIST-csv
Ar I,919.4638,919.7161475367024,1760000.0,C,12.9070153,14.2550856,3.0,3.0,4p1,5s4,True,True,4p[1/2]1,5s'[1/2]1,NIST-csv
Ar I,922.4499,922.7030560458128,5000000.0,B,11.82807116,13.1717777,3.0,5.0,4s4,4p5,True,True,4s'[1/2]1,4p[3/2]2,NIST-csv
Ar I,929.1531,929.4080711219899,3260000.0,C,12.9070153,14.2410277,3.0,1.0,4p1,5s3,True,True,4p[1/2]1,5s'[1/2]0,NIST-csv
Ar I,935.422,935.6786687645024,1060000.0,B,11.82807116,13.15314387,3.0,3.0,4s4,4p4,True,True,4s'[1/2]1,4p[3/2]1,NIST-csv
Ar I,965.7786,966.0434916011052,5400000.0,B,11.62359272,12.9070153,3.0,3.0,4s2,4p1,True,True,4s[3/2]1,4p[1/2]1,NIST-csv
Ar I,978.4503,978.718625044555,1470000.0,B,11.82807116,13.09487256,3.0,5.0,4s4,4p3,True,True,4s'[1/2]1,4p[5/2]2,NIST-csv
Ar I,1047.0054,1047.2923093853929,980000.0,C+,11.72316039,12.9070153,1.0,3.0,4s3,4p1,True,True,4s'[1/2]0,4p[1/2]1,NIST-csv
Ar I,1047.8034,1048.0905257951713,2440000.0,C,12.9070153,14.0899685,3.0,3.0,4p1,5s2,True,True,4p[1/2]1,5s[3/2]1,NIST-csv
Ar I,1050.6118,1050.899687419837,1580000.0,C,13.9034546,15.0832456,5.0,5.0,3d3,4f'[5/2]2,True,False,3d[3/2]2,4f'[5/2]2,NIST-csv
Ar I,1050.65,1050.9378977796457,1580000.0,C,13.9034546,15.0832027,5.0,7.0,3d3,4f'[5/2]3,True,False,3d[3/2]2,4f'[5/2]3,NIST-csv
Ar I,1067.3565,1067.6489289497358,4900000.0,D,12.9070153,14.0682977,3.0,5.0,4p1,5s1,True,True,4p[1/2]1,5s[3/2]2,NIST-csv
Ar I,1068.3404,1068.6330958283502,210000.0,E,13.09487256,14.2550856,5.0,3.0,4p3,5s4,True,True,4p[5/2]2,5s'[1/2]1,NIST-csv
Ar I,1095.0726,1095.3725477723972,396000.0,C,13.1717777,14.3036684,5.0,3.0,4p5,3d12,True,True,4p[3/2]2,3d'[3/2]1,NIST-csv
Ar I,1107.8869,1108.19032467711,830000.0,C,13.09487256,14.2136715,5.0,5.0,4p3,3d9,True,True,4p[5/2]2,3d'[5/2]2,NIST-csv
Ar I,1124.835,1125.1430237966185,280000.0,E,13.15314387,14.2550856,3.0,3.0,4p4,5s4,True,True,4p[3/2]1,5s'[1/2]1,NIST-csv
Ar I,1139.3703,1139.6822686813125,2220000.0,C,13.15314387,14.2410277,3.0,1.0,4p4,5s3,True,True,4p[3/2]1,5s'[1/2]0,NIST-csv
Ar I,1144.1832,1144.4964750050572,1390000.0,C,13.1717777,14.2550856,5.0,3.0,4p5,5s4,True,True,4p[3/2]2,5s'[1/2]1,NIST-csv
Ar I,1146.7545,1147.06847293098,369000.0,C,13.15314387,14.2340226,3.0,5.0,4p4,3d10,True,True,4p[3/2]1,3d'[3/2]2,NIST-csv
Ar I,1148.8109,1149.125431108064,190000.0,C,11.82807116,12.9070153,3.0,3.0,4s4,4p1,True,True,4s'[1/2]1,4p[1/2]1,NIST-csv
Ar I,1158.0389,1158.355936010677,346000.0,C,14.0127381,15.0830844,7.0,9.0,3d5,4f'[7/2]4,True,False,3d[7/2]3,4f'[7/2]4,NIST-csv
Ar I,1158.0446,1158.3616375579727,346000.0,C,14.0127381,15.0830792,7.0,7.0,3d5,4f'[7/2]3,True,False,3d[7/2]3,4f'[7/2]3,NIST-csv
Ar I,1166.871,1167.1904336114765,3760000.0,C,13.1717777,14.2340226,5.0,5.0,4p5,3d10,True,True,4p[3/2]2,3d'[3/2]2,NIST-csv
Ar I,1171.9488,1172.2696121244303,952000.0,C,13.09487256,14.1525151,5.0,3.0,4p3,3d8,True,True,4p[5/2]2,3d[3/2]1,NIST-csv
Ar I,1173.3236,1173.644785361713,670000.0,C,13.8450385,14.9014416,1.0,3.0,3d1,4f[3/2]1,True,False,3d[1/2]0,4f[3/2]1,NIST-csv
Ar I,1194.3302,1194.6570887891928,4600000.0,D+,13.8636686,14.9014911,3.0,5.0,3d2,4f[3/2]2,True,False,3d[1/2]1,4f[3/2]2,NIST-csv
Ar I,1194.3871,1194.714004239048,4600000.0,D+,13.8636686,14.9014416,3.0,3.0,3d2,4f[3/2]1,True,False,3d[1/2]1,4f[3/2]1,NIST-csv
Ar I,1202.6648,1202.993951917456,420000.0,D,13.2730381,14.3036684,1.0,3.0,4p6,3d12,True,True,4p[1/2]0,3d'[3/2]1,NIST-csv
Ar I,1211.2326,1211.564078499639,3100000.0,D,13.07571571,14.0990559,7.0,7.0,4p2,3d7,True,True,4p[5/2]3,3d[5/2]3,NIST-csv
Ar I,1213.9738,1214.3060228990719,4500000.0,D,13.28263902,14.3036684,3.0,3.0,4p7,3d12,True,True,4p'[3/2]1,3d'[3/2]1,NIST-csv
Ar I,1234.3393,1234.67705375928,2000000.0,D,13.09487256,14.0990559,5.0,7.0,4p3,3d7,True,True,4p[5/2]2,3d[5/2]3,NIST-csv
Ar I,1235.5819,1235.919991247441,3500000.0,D,13.9034546,14.906628,5.0,5.0,3d3,4f[5/2]2,True,False,3d[3/2]2,4f[5/2]2,NIST-csv
Ar I,1235.6297,1235.967804229896,3500000.0,D,13.9034546,14.9065892,5.0,7.0,3d3,4f[5/2]3,True,False,3d[3/2]2,4f[5/2]3,NIST-csv
Ar I,1240.2827,1240.622068000566,11000000.0,D,13.15314387,14.1525151,3.0,3.0,4p4,3d8,True,True,4p[3/2]1,3d[3/2]1,NIST-csv
Ar I,1243.9321,1244.2724592152344,4900000.0,D,12.9070153,13.9034546,3.0,5.0,4p1,3d3,True,True,4p[1/2]1,3d[3/2]2,NIST-csv
Ar I,1245.612,1245.9528155007754,8900000.0,D,13.09487256,14.0899685,5.0,3.0,4p3,5s2,True,True,4p[5/2]2,5s[3/2]1,NIST-csv
Ar I,1248.7663,1249.1079722675179,11000000.0,D,13.07571571,14.0682977,7.0,5.0,4p2,5s1,True,True,4p[5/2]3,5s[3/2]2,NIST-csv
Ar I,1255.4324,1255.7758829577592,120000.0,D,13.07571571,14.0630272,7.0,5.0,4p2,3d6,True,True,4p[5/2]3,3d[5/2]2,NIST-csv
Ar I,1262.1619,1262.5072109412492,380000.0,E,13.2730381,14.2550856,1.0,3.0,4p6,5s4,True,True,4p[1/2]0,5s'[1/2]1,NIST-csv
Ar I,1270.2281,1270.5756021162072,7100000.0,D,13.32785705,14.3036684,3.0,3.0,4p9,3d12,True,True,4p'[1/2]1,3d'[3/2]1,NIST-csv
Ar I,1273.3418,1273.6901479765952,1100000.0,D,13.09487256,14.0682977,5.0,5.0,4p3,5s1,True,True,4p[5/2]2,5s[3/2]2,NIST-csv
Ar I,1274.6232,1274.9718960830137,2000000.0,D,13.28263902,14.2550856,3.0,3.0,4p7,5s4,True,True,4p'[3/2]1,5s'[1/2]1,NIST-csv
Ar I,1280.2739,1280.624131187695,5700000.0,D,13.09487256,14.0630272,5.0,5.0,4p3,3d6,True,True,4p[5/2]2,3d[5/2]2,NIST-csv
Ar I,1293.3195,1293.6732754200898,10000000.0,D,13.28263902,14.2410277,3.0,1.0,4p7,5s3,True,True,4p'[3/2]1,5s'[1/2]0,NIST-csv
Ar I,1295.6659,1296.0203129173267,7400000.0,D,12.9070153,13.8636686,3.0,3.0,4p1,3d2,True,True,4p[1/2]1,3d[1/2]1,NIST-csv
Ar I,1300.8264,1301.1822150100522,8900000.0,D,13.30222747,14.2550856,5.0,3.0,4p8,5s4,True,True,4p'[3/2]2,5s'[1/2]1,NIST-csv
Ar I,1321.399,1321.7604049005417,8100000.0,D,12.9070153,13.8450385,3.0,1.0,4p1,3d1,True,True,4p[1/2]1,3d[1/2]0,NIST-csv
Ar I,1323.09,1323.4518643972685,4600000.0,D,13.15314387,14.0899685,3.0,3.0,4p4,5s2,True,True,4p[3/2]1,5s[3/2]1,NIST-csv
Ar I,1327.264,1327.6269986181362,15000000.0,D,13.30222747,14.2361061,5.0,7.0,4p8,3d11,True,True,4p'[3/2]2,3d'[5/2]3,NIST-csv
Ar I,1331.321,1331.6851010685702,13000000.0,D,13.28263902,14.2136715,3.0,5.0,4p7,3d9,True,True,4p'[3/2]1,3d'[5/2]2,NIST-csv
Ar I,1336.7827,1337.1482852673316,3400000.0,D,13.32785705,14.2550856,3.0,3.0,4p9,5s4,True,True,4p'[1/2]1,5s'[1/2]1,NIST-csv
Ar I,1340.6513,1341.017936570337,6500000.0,D,13.9792373,14.9037902,9.0,9.0,3d4,4f[9/2]4,True,False,3d[7/2]4,4f[9/2]4,NIST-csv
Ar I,1340.6587,1341.0253385813269,6500000.0,D,13.9792373,14.9037852,9.0,11.0,3d4,4f[9/2]5,True,False,3d[7/2]4,4f[9/2]5,NIST-csv
Ar I,1349.941,1350.310161152276,2700000.0,D,13.1717777,14.0899685,5.0,3.0,4p5,5s2,True,True,4p[3/2]2,5s[3/2]1,NIST-csv
Ar I,1350.4191,1350.788391084416,11000000.0,D,13.09487256,14.0127381,5.0,7.0,4p3,3d5,True,True,4p[5/2]2,3d[7/2]3,NIST-csv
Ar I,1354.4205,1354.7908785471564,460000.0,E,13.15314387,14.0682977,3.0,5.0,4p4,5s1,True,True,4p[3/2]1,5s[3/2]2,NIST-csv
Ar I,1357.3617,1357.7328778917038,5100000.0,D,13.32785705,14.2410277,3.0,1.0,4p9,5s3,True,True,4p'[1/2]1,5s'[1/2]0,NIST-csv
Ar I,1359.9333,1360.3051767971551,2200000.0,D,13.30222747,14.2136715,5.0,5.0,4p8,3d9,True,True,4p'[3/2]2,3d'[5/2]2,NIST-csv
Ar I,1362.2659,1362.6384107547249,7300000.0,D,13.15314387,14.0630272,3.0,5.0,4p4,3d6,True,True,4p[3/2]1,3d[5/2]2,NIST-csv
Ar I,1367.855,1368.2290297963302,6200000.0,D,13.32785705,14.2340226,3.0,5.0,4p9,3d10,True,True,4p'[1/2]1,3d'[3/2]2,NIST-csv
Ar I,1382.5715,1382.949529724162,3300000.0,D,13.1717777,14.0682977,5.0,5.0,4p5,5s1,True,True,4p[3/2]2,5s[3/2]2,NIST-csv
Ar I,1409.364,1409.7493125515948,4300000.0,D,13.2730381,14.1525151,1.0,3.0,4p6,3d8,True,True,4p[1/2]0,3d[3/2]1,NIST-csv
Ar I,1459.5734,1459.9723627764097,5300000.0,D,14.2340226,15.0832456,5.0,5.0,3d10,4f'[5/2]2,True,False,3d'[3/2]2,4f'[5/2]2,NIST-csv
Ar I,1459.6471,1460.0460828148664,5300000.0,D,14.2340226,15.0832027,5.0,7.0,3d10,4f'[5/2]3,True,False,3d'[3/2]2,4f'[5/2]3,NIST-csv
Ar I,1463.4414,1463.8414144629114,9000000.0,D,14.2361061,15.0830844,7.0,9.0,3d11,4f'[7/2]4,True,False,3d'[5/2]3,4f'[7/2]4,NIST-csv
Ar I,1463.4504,1463.850416909976,9000000.0,D,14.2361061,15.0830792,7.0,7.0,3d11,4f'[7/2]3,True,False,3d'[5/2]3,4f'[7/2]3,NIST-csv
Ar I,1473.9139,1474.3167619490637,88000.0,D,13.1717777,14.0127381,5.0,7.0,4p5,3d5,True,True,4p[3/2]2,3d[7/2]3,NIST-csv
Ar I,1478.538,1478.942119282113,210000.0,D,14.0682977,14.906628,5.0,5.0,5s1,4f[5/2]2,True,False,5s[3/2]2,4f[5/2]2,NIST-csv
Ar I,1478.6064,1479.0105378808246,210000.0,D,14.0682977,14.9065892,5.0,7.0,5s1,4f[5/2]3,True,False,5s[3/2]2,4f[5/2]3,NIST-csv
Ar I,1487.6537,1488.0602979809053,60000.0,D,14.0682977,14.9014911,5.0,5.0,5s1,4f[3/2]2,True,False,5s[3/2]2,4f[3/2]2,NIST-csv
Ar I,1487.742,1488.1486219914202,60000.0,D,14.0682977,14.9014416,5.0,3.0,5s1,4f[3/2]1,True,False,5s[3/2]2,4f[3/2]1,NIST-csv
Ar I,1504.65,1505.0612197461032,5200000.0,D,13.47988682,14.3036684,1.0,3.0,4p10,3d12,True,True,4p'[1/2]0,3d'[3/2]1,NIST-csv
Ar I,1517.269,1517.6836513745388,1300000.0,D,13.2730381,14.0899685,1.0,3.0,4p6,5s2,True,True,4p[1/2]0,5s[3/2]1,NIST-csv
Ar I,1530.1881,1530.6062647605536,5400000.0,D,14.0990559,14.9090892,7.0,9.0,3d7,4f[7/2]4,True,False,3d[5/2]3,4f[7/2]4,NIST-csv
Ar I,1530.197,1530.6151671809844,5400000.0,D,14.0990559,14.9090845,7.0,7.0,3d7,4f[7/2]3,True,False,3d[5/2]3,4f[7/2]3,NIST-csv
Ar I,1532.934,1533.3529115348038,120000.0,E,13.09487256,13.9034546,5.0,5.0,4p3,3d3,True,True,4p[5/2]2,3d[3/2]2,NIST-csv
Ar I,1535.3128,1535.732358477934,450000.0,E,13.28263902,14.0899685,3.0,3.0,4p7,5s2,True,True,4p'[3/2]1,5s[3/2]1,NIST-csv
Ar I,1540.264,1540.6849050317085,1400000.0,D,14.0990559,14.9037902,7.0,9.0,3d7,4f[9/2]4,True,False,3d[5/2]3,4f[9/2]4,NIST-csv
Ar I,1555.546,1555.9710613344866,9800.0,D,13.30222747,14.0990559,5.0,7.0,4p8,3d7,True,True,4p'[3/2]2,3d[5/2]3,NIST-csv
Ar I,1573.4909,1573.9208421236597,29000.0,D,13.30222747,14.0899685,5.0,3.0,4p8,5s2,True,True,4p'[3/2]2,5s[3/2]1,NIST-csv
Ar I,1577.6614,1578.092476485053,59000.0,E,13.28263902,14.0682977,3.0,5.0,4p7,5s1,True,True,4p'[3/2]1,5s[3/2]2,NIST-csv
Ar I,1581.6777,1582.1098689176847,87000.0,E,13.9034546,14.68711824,5.0,3.0,3d3,5p8,True,True,3d[3/2]2,5p'[1/2]1,NIST-csv
Ar I,1589.9687,1590.4031241079051,7700000.0,D,14.3036684,15.0832456,3.0,5.0,3d12,4f'[5/2]2,True,False,3d'[3/2]1,4f'[5/2]2,NIST-csv
Ar I,1598.949,1599.3858668512125,1900000.0,D,13.47988682,14.2550856,1.0,3.0,4p10,5s4,True,True,4p'[1/2]0,5s'[1/2]1,NIST-csv
Ar I,1612.2656,1612.7060892304646,39000.0,D,13.09487256,13.8636686,5.0,3.0,4p3,3d2,True,True,4p[5/2]2,3d[1/2]1,NIST-csv
Ar I,1618.0023,1618.4443497675684,120000.0,D,13.30222747,14.0682977,5.0,5.0,4p8,5s1,True,True,4p'[3/2]2,5s[3/2]2,NIST-csv
Ar I,1626.407,1626.8513361163903,30000.0,D,13.32785705,14.0899685,3.0,3.0,4p9,5s2,True,True,4p'[1/2]1,5s[3/2]1,NIST-csv
Ar I,1643.6575,1644.1065289672515,5900000.0,D,14.1525151,14.906628,3.0,5.0,3d8,4f[5/2]2,True,False,3d[3/2]1,4f[5/2]2,NIST-csv
Ar I,1651.986,1652.4372947397158,260000.0,D,13.15314387,13.9034546,3.0,5.0,4p4,3d3,True,True,4p[3/2]1,3d[3/2]2,NIST-csv
Ar I,1654.9307,1655.3827958583124,1600000.0,D,14.1525151,14.9014911,3.0,5.0,3d8,4f[3/2]2,True,False,3d[3/2]1,4f[3/2]2,NIST-csv
Ar I,1655.04,1655.4921255939737,1600000.0,D,14.1525151,14.9014416,3.0,3.0,3d8,4f[3/2]1,True,False,3d[3/2]1,4f[3/2]1,NIST-csv
Ar I,1674.0078,1674.4650860106224,310000.0,D,13.32785705,14.0682977,3.0,5.0,4p9,5s1,True,True,4p'[1/2]1,5s[3/2]2,NIST-csv
Ar I,1694.058,1694.5207411672175,2500000.0,D,13.1717777,13.9034546,5.0,5.0,4p5,3d3,True,True,4p[3/2]2,3d[3/2]2,NIST-csv
Ar I,1782.399,1782.8857794912744,840000.0,E,14.2136715,14.9090845,5.0,7.0,3d9,4f[7/2]3,True,False,3d'[5/2]2,4f[7/2]3,NIST-csv
Ar I,2031.7013619051543,2032.256,160000.0,D,13.47988682,14.0899685,1.0,3.0,4p10,5s2,True,True,4p'[1/2]0,5s[3/2]1,NIST-csv
Ar I,2061.623215618727,2062.186,390000.0,D,13.30222747,13.9034546,5.0,5.0,4p8,3d3,True,True,4p'[3/2]2,3d[3/2]2,NIST-csv
Ar I,2081.1039117877854,2081.672,76000.0,D,13.9034546,14.49905364,5.0,7.0,3d3,5p2,True,True,3d[3/2]2,5p[5/2]3,NIST-csv
Ar I,2133.2887032786134,2133.871,32000.0,D,13.28263902,13.8636686,3.0,3.0,4p7,3d2,True,True,4p'[3/2]1,3d[1/2]1,NIST-csv
Ar I,2153.4202217739294,2154.008,110000.0,D,13.32785705,13.9034546,3.0,5.0,4p9,3d3,True,True,4p'[1/2]1,3d[3/2]2,NIST-csv
Ar I,2203.956460982332,2204.558,120000.0,D,13.28263902,13.8450385,3.0,1.0,4p7,3d1,True,True,4p'[3/2]1,3d[1/2]0,NIST-csv
Ar I,2207.7184365830367,2208.321,140000.0,D,13.30222747,13.8636686,5.0,3.0,4p8,3d2,True,True,4p'[3/2]2,3d[1/2]1,NIST-csv
Ar I,2313.3196794021724,2313.951,170000.0,D,13.32785705,13.8636686,3.0,3.0,4p9,3d2,True,True,4p'[1/2]1,3d[1/2]1,NIST-csv
Ar I,2384.503293182785,2385.154,1100000.0,D,13.9792373,14.49905364,9.0,7.0,3d4,5p2,True,True,3d[7/2]4,5p[5/2]3,NIST-csv
Ar I,2396.6519844771706,2397.306,360000.0,D,13.32785705,13.8450385,3.0,1.0,4p9,3d1,True,True,4p'[1/2]1,3d[1/2]0,NIST-csv
