,4p2,4p3,4p4,4p5,4p6,4p7,4p8,4p9,4p10,5p1,5p2,5p3,5p4,5p5,5p6,5p7,5p8,5p9,4d1,4d2,5p10,4d3,4d4,4d5,4d6,6s1,6s2,4d8
4s1,0.0,2273217834.8242984,924498906.2883033,0.0,,0.0,431266834.8752948,0.0,,254508.35593320924,6224837.496964034,1337759.3652107168,270784.77663526207,4942244.381864546,,,254316.13284818083,137993.74279218982,,,,,,,,,,
4s2,,0.0,0.0,1045610296.3461757,866891101.2792692,2907738.3053348265,0.0,152394513.9627294,2664409.5812041713,0.0,,1606927.0933228869,1664784.268312044,1316984.0796413613,1545757.7723482372,66621.4360520428,39124.04268460756,539207.9950704644,,,,,,,,,,
4s3,,,0.0,,,1838942957.9913812,,1013983733.9820867,,346331.1675257421,,,0.0,,,177620.50406017754,945086.8050363514,,,,,,,,,,,
4s4,,,,,,709036459.9157132,0.0,1091749556.8187137,895033269.8318279,244899.77733039024,,0.0,164210.0848803494,0.0,723343.0647308911,267400.5512878167,650867.5706531103,970869.7126949554,,,1687621.1361484414,,,,,,,
4p1,,,,,,,,,,,,,,,,,,,0.0,4199092.205448948,,0.0,,,,0.0,0.0,
4p2,,,,,,,,,,,,,,,,,,,,,,0.0,0.0,1602632.2716340509,,10916173.052998547,,
4p3,,,,,,,,,,,,,,,,,,,,0.0,,,,0.0,0.0,76026.82890444556,0.0,
4p4,,,,,,,,,,,,,,,,,,,0.0,,,0.0,,,1083209.255640344,0.0,2068322.134898653,1102697.0247368158
4p5,,,,,,,,,,,,,,,,,,,,847054.1791806925,,0.0,,0.0,,3253632.0915226834,0.0,
4p6,,,,,,,,,,,,,,,,,,,,0.0,,,,,,,0.0,
4p7,,,,,,,,,,,,,,,,,,,,,,0.0,,,,0.0,0.0,
4p8,,,,,,,,,,,,,,,,,,,,,,5387664.75851304,,0.0,,0.0,0.0,
4p9,,,,,,,,,,,,,,,,,,,,,,,,,,0.0,0.0,
