eedf,sweep,x,Te_free_noAT,Ne_free_noAT,chi2_red_free_noAT,delta_chi2_at_nc_noAT,Te_pinned_noAT,chi2_red_pinned_noAT,n_1s5_free_noAT,n_1s5_pinned_noAT,Te_free_AT,Ne_free_AT,chi2_red_free_AT,delta_chi2_at_nc_AT,Te_pinned_AT,chi2_red_pinned_AT,n_1s5_free_AT,n_1s5_pinned_AT
dc,N2 fraction,0.0,2.579273077765111,2.2734916985392108e+18,0.5180270462697081,56.67051970445755,3.3294670795780466,3.070413076187337,13765467229730.104,1.3514565392988104e+17,2.6088534653087216,2.245837410800603e+18,0.5245538610832314,49.37292872074249,3.203264748571654,2.7449345365222886,20096901656813.69,9.898670497632418e+16
dc,N2 fraction,0.5,1.926879601035525,5.833946906160472e+18,0.5543647008106789,48.58857253284077,2.937022592229756,2.737737784084774,2.684867543275136e+16,1.75846159906311e+18,1.9268212338545976,6.190478543514251e+18,0.564794176077114,44.68202048931562,2.724690823682109,2.570122644860682,2.66806119680545e+16,5.127179643787027e+17
dc,N2 fraction,1.0,1.4129359677573785,4.989481317186524e+18,0.9139204359008068,41.20432510544197,2.6069495230464272,2.745302466334496,9185489490655234.0,7.016478561135223e+17,1.4159711833194395,5.241192351125289e+18,0.9202644291248622,37.5975067284744,2.530007643948375,2.587411806368023,9324965260694052.0,5.147248549561473e+17
dc,N2 fraction,1.5,1.1658795401816209,4.762972752585439e+18,0.3871731763903794,35.09361483583416,2.4136566928345062,1.9647387063650967,3699955169314821.0,5.548348140930653e+17,1.1625851065045585,5.048815539853654e+18,0.3929969548083872,33.25333786043484,2.387122941421777,1.886648814155044,3628935717715605.0,5.085035715718675e+17
dc,N2 fraction,2.0,1.0785285998800616,4.883566773118913e+18,0.6953630667086967,26.55785328467755,2.4009411525397897,1.870930803889099,2107460391652952.8,7.215259726046844e+17,1.074058820404182,5.15001957707651e+18,0.7013776887134078,25.102207144806016,2.3746343090801743,1.810506300353981,2026696725511068.5,6.164051576973926e+17
dc,N2 fraction,2.5,0.912212850610609,5.179344871459593e+18,0.5429518698588902,27.15921886713113,2.201632179632942,1.7527821879167194,449812031810616.3,3.888357148638844e+17,0.9076667860076608,5.48240844052219e+18,0.5498408746439271,25.91576270975929,2.201632179632942,1.7028373216946255,421200402047679.0,3.8537249424456064e+17
dc,N2 fraction,3.0,0.8690374404654988,5.371981234094893e+18,0.9293039811612592,21.496958436586283,2.1465764238577747,1.8641973654987605,255009339684770.97,3.513453258982053e+17,0.8653691135299851,5.638566155683771e+18,0.9347846211976067,20.651704497671748,2.1465764238577747,1.8310082519464317,235111082976751.5,3.452268489066154e+17
dc,Power,35.0,0.9589263132941914,5.360240971038744e+18,1.8748432028912176,13.740367316987406,2.050907301241845,3.5809997076477367,810854202716717.0,2.127389520665752e+17,0.9555809756232884,5.640931327007572e+18,1.8781325906602435,13.773236287694168,2.018487271917671,3.5916919735261343,791240361422057.1,1.841935378034364e+17
dc,Power,55.0,0.879318407885091,6.168375786093425e+18,1.3030152031903224,23.311482998838905,2.326424513748937,2.6244789101543904,248860152522745.47,7.076929229780649e+17,0.8758235281802139,6.466891331598385e+18,1.304533852419982,22.75057440668892,2.297631874449453,2.594277517106589,240341475763394.88,5.132505921135295e+17
dc,Power,65.0,0.8928357248206201,8.447610396956741e+18,0.719660571596597,32.986165755226466,2.326424513748937,2.186319898125227,333558143795746.1,6.869013735920031e+17,0.8888000632194671,8.758913113572202e+18,0.720649967242588,32.1354985517537,2.297631874449453,2.1485976301749115,316367407121164.94,5.388132849267985e+17
dc,Power,75.0,0.8708555398651341,6.502023694568045e+18,0.6045795405016395,30.684512113849,2.384009792347902,1.9718492029265196,252884273859467.7,7.839278657170446e+17,0.8662516347823793,6.818523802243257e+18,0.6071827430304049,29.5697935159842,2.326424513748937,1.923665050891941,239607999874378.4,6.161457846666957e+17
dc,Power,85.0,0.9158714528167484,6.737102910922511e+18,0.8331246701471693,29.55050947998552,2.297631874449453,2.13846034332164,466643192300968.94,5.4543734689656186e+17,0.9110140881346714,7.060345184177354e+18,0.8349191296426527,28.61217675249918,2.2688392351499704,2.097521748863404,440857034121676.2,4.756442315491156e+17
microwave,N2 fraction,0.0,1.0485990823238032,2.1324999403906545e+18,0.4838519968940263,50.48445458518927,0.9541551834380072,2.756606659998356,6589748361335612.0,2928919402799778.0,1.0800803819524016,2.1501160915419287e+18,0.4885836556580519,51.07862261401169,0.9501153604451948,2.788130881037763,6711071900900822.0,3699503051691540.0
microwave,N2 fraction,0.5,0.5242125734436349,1.1696886775072164e+19,0.6088924312839509,44.488795438451575,0.5363802466321497,2.6034334770642973,683716298126.9463,1324160083044.3186,0.5247964101576837,1.1477686522711183e+19,0.6076295021328952,45.15667757396466,0.5316588949333665,2.6325862326707026,721441178640.8306,321463263521.4815
microwave,N2 fraction,1.0,0.5220594936287158,1.2656218782565644e+19,0.977052307915371,46.52392792121748,0.4289530022825248,3.04736483579274,214583951759.8417,35607046043.12633,0.5226408776358853,1.2372560037794329e+19,0.975648583008596,46.97587180268265,0.4007052963699809,3.066567820266508,226430860939.7393,36546.759314442286
microwave,N2 fraction,1.5,0.5292345785817335,1.487727095423447e+19,0.5214023935915306,57.73326818626933,2.610017858095157,3.121941747804158,108764978988.3673,1.3030328884595282e+18,0.5299243211541305,1.4631133894075398e+19,0.5197440922442295,58.2019641435048,0.3697157530195644,3.141663185483346,115623144668.74191,73.45971086597172
microwave,N2 fraction,2.0,0.5362767721697792,1.181913092955681e+19,0.8210540690020567,51.95299617644218,2.643369933027125,3.1452332557038805,130103491722.69807,1.4863256330588224e+18,0.5365948581768487,1.1556211235969604e+19,0.819497021913072,52.196391775882375,0.3426172109724428,3.154810419820768,135669541926.40485,0.1933851552652134
microwave,N2 fraction,2.5,0.5213075761164524,1.2801393158399474e+19,0.5776521314514758,61.63247401551212,2.84539022707871,3.3528713079996866,16016529095.421164,5.059924670444431e+19,0.5215174121776391,1.2588947636324248e+19,0.5764052619031182,87.12196309115758,0.6946642171101841,4.510294254141957,16401407031.325035,13432154766421.438
microwave,N2 fraction,3.0,0.5350228689599758,1.212646887523682e+19,0.9975496459861588,51.938029176914014,2.824208372535532,3.313025988301061,36419141143.04374,1.2404410224577564e+18,0.5351725666114082,1.1897558211420957e+19,0.9961617141155036,52.3321496899656,0.3734126334309883,3.329615713017781,37152940868.27158,1.4582391893839086
microwave,Power,35.0,0.559823388752588,1.142983948790827e+19,2.2598025846241048,27.83262680343257,2.696594095779528,6.590976827670602,891534577265.1582,2.879161102158127e+19,0.5600119847470966,1.1255795304302756e+19,2.254730040531145,38.10702298325717,0.7465099660144316,8.23089571446183,918309729517.0884,1.8368159003254694e+17
microwave,Power,55.0,0.5657545135292826,6.333028422145149e+18,1.3606389034083848,41.20955182062952,2.7921770769742125,3.8474880168522017,2532612246681.3164,3.6676035353689305e+19,0.5658439089478334,6.207920049016603e+18,1.353848238935392,55.717309200474894,0.6890398812474496,4.721072452587496,2579864733867.4004,2622329661631894.5
microwave,Power,65.0,0.5740829006579512,9.196977481484196e+18,0.7733794140540773,56.03031812667905,3.0311345299609225,3.2850584464461217,10839626872614.793,4.483208619717138e+19,0.5742451507182613,8.976671210445637e+18,0.7694148141693274,75.63831382475473,0.6837978812921817,4.172546587377755,11120473392320.73,6326875387372232.0
microwave,Power,75.0,0.5598576968803449,7.387323861012503e+18,0.6488077078438871,53.53020870336879,2.887760058168895,3.052507753095018,1278247422586.94,4.928352372314659e+19,0.5598702458549345,7.241697240392644e+18,0.6441755257345947,76.18062229862699,0.6890398812474496,4.077650379047885,1285852649412.3335,130043042445256.56
microwave,Power,85.0,0.5467998417987614,1.099287406124207e+19,0.8729849519807301,58.22440274198925,2.887760058168895,3.479867578799299,309583014033.684,5.0330815183661785e+19,0.5469417763263901,1.0808785643535931e+19,0.8718590075966081,87.7974252705535,0.7100078810685213,4.823021110458285,315074492129.532,2962676263953734.5
