eedf,sweep,x,variant,subset,n_lines,Te_med,Ne_med,Ne_lo,Ne_hi,chi2_red,dchi2_nc,dchi2_1e18,n_1s5
microwave,N2 fraction,0.0,baseline,all 9 lines,9,1.0800803819524016,8.424236546967151e+18,3.1252926693364557e+18,2.0171050975471817e+19,0.45218139665563023,51.76156142686568,5.057135842863127,8474283545113120.0
microwave,N2 fraction,0.0,baseline,without primed 2p,5,0.9856364830666061,1.2357125335972127e+18,44546907648873.77,9.736877197452184e+18,0.49302575752557865,3.8594315778761175,0.19052422936474328,1.0880789638605876e+16
microwave,N2 fraction,0.0,baseline,without 750.4 (2p1),8,1.0485990823238032,8.266266882438633e+18,2.670522060146905e+18,2.023928276934257e+19,0.4810002654321579,41.954319573079985,4.805968202241225,8652402738517613.0
microwave,N2 fraction,0.0,baseline,without 2p2-2p4,6,1.0485990823238032,3.5202136897698883e+18,1.1533743453322194e+18,1.4089646514031913e+19,0.4695083261264396,22.229800100273042,0.7887278798766592,8757199204860747.0
microwave,N2 fraction,0.0,baseline,without 5p,7,1.0800803819524016,7.529571815220031e+18,2.551285132940684e+18,1.9387186890007986e+19,0.460345274235442,28.00578861158551,3.5618296476359776,8663046112121049.0
microwave,N2 fraction,0.0,baseline,without 800.6/801.5,7,1.111561681581,8.931592631746932e+18,2.6022213478155336e+18,2.083520562998252e+19,0.47580729436582864,18.79605527288864,2.7484703566959663,1.4159108860693516e+16
microwave,N2 fraction,0.0,no atom transfer,all 9 lines,9,1.0800803819524016,8.244543431476256e+18,3.022386099492931e+18,2.005001384249122e+19,0.45127092453549267,51.14393517121567,4.8049939664719235,8547125294281535.0
microwave,N2 fraction,0.0,no 4p-4s trapping,all 9 lines,9,1.1645774506540159,6.546832838558887e+18,2.3572478390404516e+18,1.7821474420507482e+19,0.46495252792634084,26.320233300992758,5.003505279282669,1.3343996755092782e+18
microwave,N2 fraction,0.0,Tg = 700 K,all 9 lines,9,1.130162632979092,8.22634900068649e+18,3.2295533963193713e+18,1.9461322848284713e+19,0.4526070223139305,58.15298054351545,7.119825825051128,6530550170412248.0
microwave,N2 fraction,0.0,R = 1 cm,all 9 lines,9,1.111561681581,8.683185721597237e+18,3.569940166610498e+18,1.9797325028512063e+19,0.45694875653117334,62.0402958104424,8.34019142001014,1.3424002255995538e+16
microwave,N2 fraction,0.0,BSR ground state,all 9 lines,9,1.0485990823238032,7.391971028977138e+18,2.8603085256701926e+18,1.858349725979211e+19,0.46517644263544106,45.63752558905464,5.502259632061388,510497192519519.06
microwave,Power,85.0,baseline,all 9 lines,9,0.5469417763263901,1.0808785643535931e+19,4.436972576815579e+18,2.192464795795849e+19,0.8718590075966078,90.20342110350961,7.8800302329925405,315074492129.532
microwave,Power,85.0,baseline,without primed 2p,5,0.5862103590524665,2.988578092716766e+18,3.069566612364316e+17,1.489500570638966e+19,1.3762674235573893,2.2322540423907578,0.2799445167718048,6555896299688.072
microwave,Power,85.0,baseline,without 750.4 (2p1),8,0.5301833264864425,1.0745056559265421e+19,3.929234990059701e+18,2.209879886735248e+19,0.932382447431539,13.848681469843116,4.861271399041068,35221917222.76918
microwave,Power,85.0,baseline,without 2p2-2p4,6,0.5414640155236019,7.799542122748862e+18,2.4437761691068534e+18,1.9939802261737243e+19,1.0576628844186569,41.10555656633771,1.2856910525440137,221551371662.02625
microwave,Power,85.0,baseline,without 5p,7,0.55797249238371,6.365557150358499e+18,2.6027924618563773e+18,1.693043978138392e+19,0.7864536626861688,19.776939550056774,2.9866053641318997,1068296446166.119
microwave,Power,85.0,baseline,without 800.6/801.5,7,0.5708084557885216,9.974184818456816e+18,4.0745161339455626e+18,2.107032098835794e+19,0.70633908242368,55.173248731657615,7.570233294983999,5684391842853.982
microwave,Power,85.0,no atom transfer,all 9 lines,9,0.5467998417987614,1.0992874061242067e+19,4.50119996256192e+18,2.2079202494879887e+19,0.8729849519807301,59.0497353685974,7.99854568398312,309583014033.68396
microwave,Power,85.0,no 4p-4s trapping,all 9 lines,9,0.6797677385292737,8.984270258316342e+18,3.8818672597050127e+18,2.0112278070460465e+19,0.8584367120745897,87.25072433074416,8.019004261541642,3.523400351018135e+16
microwave,Power,85.0,Tg = 700 K,all 9 lines,9,0.555432844002961,1.1038923119899228e+19,4.690011296919241e+18,2.2011003937522737e+19,0.8722567211326306,80.2888467107291,8.029388803769637,368408383495.3751
microwave,Power,85.0,R = 1 cm,all 9 lines,9,0.5528341185802996,1.142678695256017e+19,4.976064002689673e+18,2.22340676005532e+19,0.8717278723707166,99.26182980363048,8.396747678301326,629980955139.4142
microwave,Power,85.0,BSR ground state,all 9 lines,9,0.5913778239621207,6.676941647396255e+18,2.5963131562122993e+18,1.8330984383017298e+19,0.8302071780549124,41.900481650127375,4.602864034460736,4255698466094.152
dc,N2 fraction,0.0,baseline,all 9 lines,9,2.474937489204195,8.801621975021186e+18,3.7275718048477266e+18,1.9487254636915925e+19,0.4819802934395002,49.67494466814452,5.395140479324821,3341343027199.7793
dc,N2 fraction,0.0,baseline,without primed 2p,5,2.3211827567572008,3.3332642588481234e+18,7.115554689191232e+17,1.3680411963279733e+19,0.4680435521275083,6.595849765866235,0.2803390410082974,479823644628.04846
dc,N2 fraction,0.0,baseline,without 750.4 (2p1),8,2.423066345274246,1.0319410836041677e+19,4.012089617395906e+18,2.1438536241355993e+19,0.5102409361249253,37.112937224335965,4.054077133143432,1427536572251.496
dc,N2 fraction,0.0,baseline,without 2p2-2p4,6,2.3123885138154914,6.216265092033355e+18,2.3894943782828677e+18,1.6364118846149e+19,0.4321318935193024,22.575507134958976,2.857187165548461,429878353657.67694
dc,N2 fraction,0.0,baseline,without 5p,7,2.3910290214090817,5.454531585615985e+18,2.1004678721512077e+18,1.4947938992731509e+19,0.4475691382991499,26.071954466153567,2.6476312368863577,2040742972948.1885
dc,N2 fraction,0.0,baseline,without 800.6/801.5,7,2.7446247950587246,5.805796978813365e+18,1.672924271504377e+18,1.7233324485142862e+19,0.45911886678489583,14.714581476649158,0.7921793684167366,109289742648161.36
dc,N2 fraction,0.0,no atom transfer,all 9 lines,9,2.4749547212594414,8.609038926458421e+18,3.7092613807396593e+18,1.9184276365616587e+19,0.4739283133025137,56.976818673458496,6.012637207587159,3373400581912.985
dc,N2 fraction,0.0,no 4p-4s trapping,all 9 lines,9,3.475772445633351,6.344824194650361e+18,2.1646363236076035e+18,1.6572061553493217e+19,0.5168897950224207,14.752123297793794,1.4428427429349613,1.4081845178957178e+17
dc,N2 fraction,0.0,Tg = 700 K,all 9 lines,9,2.6875607481003714,9.555255227988148e+18,4.220077076949066e+18,1.9968611646360797e+19,0.4803169195481695,57.395806855599794,6.689125023385774,17076807178313.13
dc,N2 fraction,0.0,R = 1 cm,all 9 lines,9,2.7244975251535015,1.0281248230898889e+19,4.712031835632224e+18,2.0614849856925164e+19,0.4876821442861304,60.95009258935237,8.465855459931765,53136021256474.734
dc,N2 fraction,0.0,BSR ground state,all 9 lines,9,3.2892903296335283,9.23562301409048e+18,3.7867862263656986e+18,1.9933180297896423e+19,0.4374578185194141,30.996736677740405,5.208296881676639,321972009160977.9
dc,Power,85.0,baseline,all 9 lines,9,0.9110140881346714,7.060345184177354e+18,3.109306318718789e+18,1.744640578475695e+19,0.8349191296426527,28.71192984130202,4.97400863088456,440857034121676.2
dc,Power,85.0,baseline,without primed 2p,5,1.2185875381452778,1.4536837064633555e+17,327485693862415.2,7.115101675129145e+18,1.2824357949490757,2.1295804286055184,0.29279287643122065,582161028917963.6
dc,Power,85.0,baseline,without 750.4 (2p1),8,0.9312955690552067,6.349882796739997e+18,2.4671591060619223e+18,1.6733233813009885e+19,0.9543730885062965,26.576013722319548,3.4803170104456687,392237436383593.1
dc,Power,85.0,baseline,without 2p2-2p4,6,1.039295791688241,5.490591180180013e+18,1.5906986281740365e+18,1.6815221989153243e+19,0.9788650428369389,10.069329748733523,2.5651545871691956,1878817468922155.2
dc,Power,85.0,baseline,without 5p,7,0.9517080269369351,5.813598287384405e+18,2.2933245131975785e+18,1.5869034652655985e+19,0.813489768843768,14.322823607694506,2.310455476395252,716266520162589.1
dc,Power,85.0,baseline,without 800.6/801.5,7,0.9151769081627052,8.71501931507897e+18,3.050060617364588e+18,2.024768426994849e+19,0.7393334448346953,11.929884759794307,2.7850173288879723,475548071027229.75
dc,Power,85.0,no atom transfer,all 9 lines,9,0.9158714528167485,6.737102910922511e+18,2.952210672492781e+18,1.7063766093262733e+19,0.8331246701471693,29.674212269211466,4.466673066291372,466643192300968.94
dc,Power,85.0,no 4p-4s trapping,all 9 lines,9,1.237591243606987,7.410796780463695e+18,3.0876797359247933e+18,1.786609553892341e+19,0.8372489033753525,17.6431588483293,5.520218406372477,2.4306049197765776e+16
dc,Power,85.0,Tg = 700 K,all 9 lines,9,0.9861475867572893,7.38125740653243e+18,3.2916080377319327e+18,1.783234770132515e+19,0.8341583535502434,42.08992010546131,5.968976952759306,619478336054691.2
dc,Power,85.0,R = 1 cm,all 9 lines,9,0.9864490220416524,7.759660074962394e+18,3.5304793407150147e+18,1.8280564269191236e+19,0.8327037166874929,37.768046705643364,7.428764475877898,1348540523450121.2
dc,Power,85.0,BSR ground state,all 9 lines,9,1.3521937201172585,8.02103178825078e+18,3.416122653479754e+18,1.8663541680945783e+19,0.8396200786766193,18.220453387301887,5.789739371801687,500439668081712.1
