Ne_c,delta_chi2_at_nc,chi2_red_free,chi2_red_pinned,x_pinned,Te_pinned,Te_pinned_lo,Te_pinned_hi,n_1s5_pinned,overdense_mass,Te_overdense,Ne_overdense,Ne_overdense_lo,Ne_overdense_hi,sweep,x,eedf,Te_free,Ne_free,n_1s5_free
7.489320121931862e+16,45.15667757396466,0.6076295021328952,2.6325862326707026,9.405382328984714,0.5316588949333665,0.4636838001096376,0.5846881784732719,321463263521.4815,0.999999999996202,0.5269375432345832,1.156268538212562e+19,4.1631328187950336e+18,2.4456458416854282e+19,N2 fraction,0.5,microwave,0.5247964101576837,1.1477686522711183e+19,721441178640.8306
7.489320121931862e+16,46.97587180268265,0.975648583008596,3.0665678202665076,7.999999999999998,0.4007052963699809,0.38658144341370904,0.42895300228252486,36546.759314442286,0.9999999999998431,0.5239408355249662,1.2377547592443027e+19,4.770589620456834e+18,2.4456458416854282e+19,N2 fraction,1.0,microwave,0.5226408776358853,1.2372560037794329e+19,226430860939.73932
7.489320121931862e+16,58.201964143504796,0.5197440922442295,3.141663185483346,8.67330692634713,0.36971575301956444,0.35471124250738295,0.3847202635317457,73.45971086597172,0.9999999999999994,0.5310718024852812,1.5183164358637873e+19,6.7058145628766e+18,2.6179989162826396e+19,N2 fraction,1.5,microwave,0.5299243211541305,1.4631133894075398e+19,115623144668.74191
7.489320121931862e+16,52.196391775882375,0.819497021913072,3.154810419820768,8.67330692634713,0.3426172109724428,0.3273116762513014,0.35026997833301343,0.1933851552652134,0.9999999999999941,0.5394458065315554,1.156268538212562e+19,4.770589620456834e+18,2.284639441885674e+19,N2 fraction,2.0,microwave,0.5365948581768487,1.1556211235969604e+19,135669541926.40485
7.489320121931862e+16,38.10702298325717,2.2547300405311455,8.23089571446183,53.460556198645506,0.7465099660144316,0.6417844288041598,2.9355515487662376,1.8368159003254698e+17,0.9999999999042524,0.5608254619189259,1.156268538212562e+19,4.1631328187950336e+18,2.284639441885674e+19,Power,35.0,microwave,0.5600119847470966,1.1255795304302756e+19,918309729517.0884
7.489320121931862e+16,55.717309200474894,1.353848238935392,4.721072452587496,54.500648962862435,0.6890398812474496,0.5835688945403784,1.7763730795559054,2622329661631894.5,0.9999999999999951,0.5658795580570265,6.264344648430829e+18,2.4144215431669304e+18,1.8624729835994034e+19,Power,55.0,microwave,0.5658439089478334,6.207920049016603e+18,2579864733867.4004
7.489320121931862e+16,75.63831382475473,0.7694148141693274,4.172546587377755,53.460556198645506,0.6837978812921817,0.6334082895992419,0.7985161615393228,6326875387372232.0,1.0,0.5759877503332276,9.42607780783746e+18,3.633025735982027e+18,2.1342327210478633e+19,Power,65.0,microwave,0.5742451507182613,8.976671210445637e+18,11120473392320.73
7.489320121931862e+16,76.18062229862699,0.6441755257345947,4.077650379047885,10.000000000000002,0.6890398812474496,0.40610470193882875,2.1516115441700285,130043042445256.56,1.0,0.5608254619189259,7.684282664713653e+18,2.9616980946468593e+18,1.8624729835994034e+19,Power,75.0,microwave,0.5598702458549345,7.241697240392644e+18,1285852649412.3335
7.489320121931862e+16,87.7974252705535,0.8718590075966081,4.823021110458285,10.000000000000002,0.7100078810685213,0.46577166837863754,2.6488026051821834,2962676263953734.5,1.0,0.5471961498706093,1.156268538212562e+19,4.4565231082007117e+18,2.284639441885674e+19,Power,85.0,microwave,0.5469417763263901,1.0808785643535931e+19,315074492129.532
7.489320121931862e+16,87.12196309115758,0.5764052619031182,4.510294254141957,10.000000000000002,0.6946642171101841,0.38279032338142577,2.7501236281742663,13432154766421.438,1.0000000000000002,0.5226115563434185,1.3249835945551612e+19,5.46668250027091e+18,2.4456458416854282e+19,N2 fraction,2.5,microwave,0.5215174121776391,1.2588947636324248e+19,16401407031.325035
7.489320121931862e+16,52.332149689965604,0.9961617141155037,3.329615713017781,10.392891699183735,0.3734126334309883,0.36666137390053527,0.3801638929614413,1.4582391893839086,0.9999999999999974,0.5360710273107882,1.2377547592443027e+19,5.106789480106402e+18,2.284639441885674e+19,N2 fraction,3.0,microwave,0.5351725666114082,1.1897558211420957e+19,37152940868.27158
7.489320121931862e+16,44.68202048931562,0.564794176077114,2.570122644860682,6.615078989599315,2.7246908236821095,2.4858690685784284,2.9006407959882687,5.127179643787027e+17,0.9999999280237273,1.9511605449489013,6.264344648430829e+18,2.5845741340472765e+18,1.6253174175563096e+19,N2 fraction,0.5,dc,1.9268212338545976,6.190478543514251e+18,2.66806119680545e+16
7.489320121931862e+16,37.5975067284744,0.9202644291248622,2.587411806368023,7.88586263305609,2.530007643948375,2.2597580955232517,2.7413452077357148,5.147248549561473e+17,0.9999973606661685,1.4487335830158345,5.46668250027091e+18,2.2554707606626194e+18,1.6253174175563096e+19,N2 fraction,1.0,dc,1.4159711833194395,5.241192351125289e+18,9324965260694052.0
7.489320121931862e+16,33.25333786043484,0.39299695480838726,1.8866488141550442,8.91803410627228,2.387122941421777,2.148645884782006,2.54632544989815,5.085035715718675e+17,0.9999672084514402,1.1800197065586047,5.106789480106402e+18,2.2554707606626194e+18,1.5183164358637873e+19,N2 fraction,1.5,dc,1.1625851065045585,5.048815539853654e+18,3628935717715605.0
7.489320121931862e+16,25.102207144806016,0.7013776887134078,1.810506300353981,10.085305314253743,2.3746343090801743,2.1947221812353406,2.5061685263782483,6.164051576973926e+17,0.99994859431955,1.0879668905579467,5.46668250027091e+18,2.2554707606626194e+18,1.5183164358637873e+19,N2 fraction,2.0,dc,1.074058820404182,5.15001957707651e+18,2026696725511068.5
7.489320121931862e+16,13.773236287694168,1.8781325906602433,3.5916919735261343,9.56741909187037,2.018487271917671,1.617844504558127,2.297631874449453,1.8419353780343638e+17,0.9755640997662809,0.9635354670720367,6.264344648430829e+18,2.106984327820144e+18,1.739859126473226e+19,Power,35.0,dc,0.9555809756232884,5.640931327007572e+18,791240361422057.1
7.489320121931862e+16,22.750574406688916,1.3045338524199819,2.594277517106589,10.631224816747363,2.297631874449453,2.050907301241845,2.49868857329133,5.132505921135295e+17,0.9929021709945468,0.8823744020231788,6.7058145628766e+18,2.9616980946468593e+18,1.739859126473226e+19,Power,55.0,dc,0.8758235281802139,6.466891331598385e+18,240341475763394.88
7.489320121931862e+16,32.1354985517537,0.720649967242588,2.1485976301749115,10.631224816747363,2.297631874449453,2.0833273305660187,2.4703877102463503,5.388132849267985e+17,0.9987347362535999,0.8959012461979885,8.805522359373029e+18,3.88905755588597e+18,1.993727860984407e+19,Power,65.0,dc,0.8888000632194671,8.758913113572202e+18,316367407121164.94
7.489320121931862e+16,29.569793515984202,0.6071827430304049,1.923665050891941,10.819687552334985,2.3264245137489366,2.1481673892143647,2.49868857329133,6.161457846666957e+17,0.9993280953541752,0.8688475578483692,7.178396380689564e+18,3.1704191465426033e+18,1.739859126473226e+19,Power,75.0,dc,0.8662516347823793,6.818523802243257e+18,239607999874378.38
7.489320121931862e+16,28.61217675249918,0.8349191296426527,2.097521748863404,10.631224816747363,2.2688392351499704,2.018487271917671,2.441595070946867,4.756442315491156e+17,0.9999315471054424,0.9229549345476078,7.178396380689564e+18,3.1704191465426033e+18,1.8624729835994034e+19,Power,85.0,dc,0.9110140881346714,7.060345184177354e+18,440857034121676.2
7.489320121931862e+16,25.915762709759292,0.5498408746439271,1.7028373216946255,10.446044819458182,2.201632179632942,1.977115717970043,2.377747564488667,3.8537249424456064e+17,0.9998809173894623,0.9182084881936539,5.851938419467715e+18,2.5845741340472765e+18,1.5183164358637873e+19,N2 fraction,2.5,dc,0.9076667860076608,5.48240844052219e+18,421200402047679.0
7.489320121931862e+16,20.651704497671748,0.9347846211976067,1.8310082519464315,11.206695046156673,2.1465764238577747,1.8874239942848574,2.3045232297016924,3.452268489066154e+17,0.9998143872825491,0.867652997202063,5.851938419467715e+18,2.5845741340472765e+18,1.6253174175563096e+19,N2 fraction,3.0,dc,0.8653691135299851,5.638566155683771e+18,235111082976751.5
7.205101818210053e+16,51.07862261401169,0.4885836556580519,2.788130881037763,6.761470038864665,0.9501153604451947,0.7967486852950145,1.1582667148156982,3699503051691539.5,0.9999999999988662,1.0800803819524016,2.1588668650206026e+18,1.4440290649283018e+18,2.788474791480851e+18,N2 fraction,0.0,microwave,1.0800803819524016,2.1501160915419287e+18,6711071900900822.0
7.205101818210053e+16,49.37292872074249,0.5245538610832314,2.7449345365222886,5.014137072831248,3.203264748571654,2.757204256485209,3.3294670795780466,9.898670497632418e+16,0.9999999999988435,2.6236578495172727,2.3226319330010527e+18,1.5535687136279675e+18,2.788474791480851e+18,N2 fraction,0.0,dc,2.6088534653087216,2.245837410800603e+18,20096901656813.69
