panel,quantity,level,zhupu_crm,zhupu_oes,source,value,value_eta1,value_eta_dc,eta_nc,eta_nc_dc,ln_sd,value_hi
CCP 100 Pa,"n/g, sum 100",2p1,3.5,3.3,ours with AT,8.437616012726917,,,,,,
CCP 100 Pa,"n/g, sum 100",2p5,3.72,4.19,ours with AT,5.0277544353747405,,,,,,
CCP 100 Pa,"n/g, sum 100",2p3,5.61,2.81,ours with AT,4.272422683800662,,,,,,
CCP 100 Pa,"n/g, sum 100",2p7,5.76,7.04,ours with AT,8.08928648854197,,,,,,
CCP 100 Pa,"n/g, sum 100",2p8,11.55,11.09,ours with AT,11.22695700280376,,,,,,
CCP 100 Pa,"n/g, sum 100",2p4,5.46,3.52,ours with AT,5.8246367450563685,,,,,,
CCP 100 Pa,"n/g, sum 100",2p9,24.34,25.09,ours with AT,18.978688667888125,,,,,,
CCP 100 Pa,"n/g, sum 100",2p2,3.35,2.48,ours with AT,5.126120848653748,,,,,,
CCP 100 Pa,"n/g, sum 100",2p6,8.69,8.47,ours with AT,10.654498539794236,,,,,,
CCP 100 Pa,"n/g, sum 100",2p10,28.56,30.74,ours with AT,22.362018575359457,,,,,,
CCP 100 Pa,"n/g, sum 100",2p1,3.5,3.3,ours without AT,8.006121100507391,,,,,,
CCP 100 Pa,"n/g, sum 100",2p5,3.72,4.19,ours without AT,4.879539584350031,,,,,,
CCP 100 Pa,"n/g, sum 100",2p3,5.61,2.81,ours without AT,4.424860809848492,,,,,,
CCP 100 Pa,"n/g, sum 100",2p7,5.76,7.04,ours without AT,8.342683786880436,,,,,,
CCP 100 Pa,"n/g, sum 100",2p8,11.55,11.09,ours without AT,11.091814712410658,,,,,,
CCP 100 Pa,"n/g, sum 100",2p4,5.46,3.52,ours without AT,5.698712074267295,,,,,,
CCP 100 Pa,"n/g, sum 100",2p9,24.34,25.09,ours without AT,22.390538582416063,,,,,,
CCP 100 Pa,"n/g, sum 100",2p2,3.35,2.48,ours without AT,4.9114307199337865,,,,,,
CCP 100 Pa,"n/g, sum 100",2p6,8.69,8.47,ours without AT,10.705425792187722,,,,,,
CCP 100 Pa,"n/g, sum 100",2p10,28.56,30.74,ours without AT,19.548872837198104,,,,,,
ICP 1 Pa,"n/g, sum 100",2p1,4.56,4.25,ours with AT,11.473977082612313,,,,,,
ICP 1 Pa,"n/g, sum 100",2p5,2.98,2.39,ours with AT,1.5749919851035779,,,,,,
ICP 1 Pa,"n/g, sum 100",2p3,1.7,1.46,ours with AT,1.1736020231853244,,,,,,
ICP 1 Pa,"n/g, sum 100",2p7,2.9,2.7,ours with AT,2.2123852399380652,,,,,,
ICP 1 Pa,"n/g, sum 100",2p8,4.86,3.35,ours with AT,2.7445521842031892,,,,,,
ICP 1 Pa,"n/g, sum 100",2p4,4.11,2.91,ours with AT,3.190390487566967,,,,,,
ICP 1 Pa,"n/g, sum 100",2p9,44.2,47.96,ours with AT,46.546240055383954,,,,,,
ICP 1 Pa,"n/g, sum 100",2p2,2.22,1.84,ours with AT,2.78693592650681,,,,,,
ICP 1 Pa,"n/g, sum 100",2p6,6.82,7.0,ours with AT,5.435524183003436,,,,,,
ICP 1 Pa,"n/g, sum 100",2p10,26.04,24.26,ours with AT,22.86140083249636,,,,,,
ICP 1 Pa,"n/g, sum 100",2p1,4.56,4.25,ours without AT,11.4268668502233,,,,,,
ICP 1 Pa,"n/g, sum 100",2p5,2.98,2.39,ours without AT,1.568787418882729,,,,,,
ICP 1 Pa,"n/g, sum 100",2p3,1.7,1.46,ours without AT,1.1692561252945404,,,,,,
ICP 1 Pa,"n/g, sum 100",2p7,2.9,2.7,ours without AT,2.2039184788271555,,,,,,
ICP 1 Pa,"n/g, sum 100",2p8,4.86,3.35,ours without AT,2.7304443764805364,,,,,,
ICP 1 Pa,"n/g, sum 100",2p4,4.11,2.91,ours without AT,3.1771293081823764,,,,,,
ICP 1 Pa,"n/g, sum 100",2p9,44.2,47.96,ours without AT,46.78927459836657,,,,,,
ICP 1 Pa,"n/g, sum 100",2p2,2.22,1.84,ours without AT,2.7756339180930136,,,,,,
ICP 1 Pa,"n/g, sum 100",2p6,6.82,7.0,ours without AT,5.4257253778059455,,,,,,
ICP 1 Pa,"n/g, sum 100",2p10,26.04,24.26,ours without AT,22.73296354784382,,,,,,
CCP 100 Pa,n/g/n_g [ppm],1s5,6.08,10.9,ours with AT,31.62567179744846,,,,,,
CCP 100 Pa,n/g/n_g [ppm],1s3,6.49,5.51,ours with AT,31.291184214995464,,,,,,
CCP 100 Pa,n/g/n_g [ppm],1s4,5.75,5.95,ours with AT,19.274992691654283,,,,,,
CCP 100 Pa,n/g/n_g [ppm],1s2,5.39,1.67,ours with AT,11.487345646354516,,,,,,
CCP 100 Pa,n/g/n_g [ppm],1s5,6.08,10.9,ours without AT,31.63412856091239,,,,,,
CCP 100 Pa,n/g/n_g [ppm],1s3,6.49,5.51,ours without AT,30.63057688308576,,,,,,
CCP 100 Pa,n/g/n_g [ppm],1s4,5.75,5.95,ours without AT,19.24626927894244,,,,,,
CCP 100 Pa,n/g/n_g [ppm],1s2,5.39,1.67,ours without AT,11.480903183230183,,,,,,
ICP 1 Pa,n/g/n_g [ppm],1s5,85.3,110.0,ours with AT,398.17341447196725,,,,,,
ICP 1 Pa,n/g/n_g [ppm],1s3,68.2,80.0,ours with AT,280.36381473052484,,,,,,
ICP 1 Pa,n/g/n_g [ppm],1s4,8.07,3.94,ours with AT,11.165905088596094,,,,,,
ICP 1 Pa,n/g/n_g [ppm],1s2,7.15,2.95,ours with AT,8.356467459911391,,,,,,
ICP 1 Pa,n/g/n_g [ppm],1s5,85.3,110.0,ours without AT,399.07177459747663,,,,,,
ICP 1 Pa,n/g/n_g [ppm],1s3,68.2,80.0,ours without AT,280.12491574683696,,,,,,
ICP 1 Pa,n/g/n_g [ppm],1s4,8.07,3.94,ours without AT,11.160095441389467,,,,,,
ICP 1 Pa,n/g/n_g [ppm],1s2,7.15,2.95,ours without AT,8.355768066991738,,,,,,
"our discharge (microwave EEDF, AT)","n/g, sum of the 7 = 100",2p1,,,"our CR model, Ne = n_c",4.010638921226677,,,,,,
"our discharge (microwave EEDF, AT)","n/g, sum of the 7 = 100",2p5,,,"our CR model, Ne = n_c",10.41861278107037,,,,,,
"our discharge (microwave EEDF, AT)","n/g, sum of the 7 = 100",2p3,,,"our CR model, Ne = n_c",4.006065365230926,,,,,,
"our discharge (microwave EEDF, AT)","n/g, sum of the 7 = 100",2p8,,,"our CR model, Ne = n_c",32.14688415061727,,,,,,
"our discharge (microwave EEDF, AT)","n/g, sum of the 7 = 100",2p4,,,"our CR model, Ne = n_c",7.559551101336629,,,,,,
"our discharge (microwave EEDF, AT)","n/g, sum of the 7 = 100",2p2,,,"our CR model, Ne = n_c",10.714008747203575,,,,,,
"our discharge (microwave EEDF, AT)","n/g, sum of the 7 = 100",2p6,,,"our CR model, Ne = n_c",31.144238933314547,,,,,,
"our discharge (microwave EEDF, AT)","n/g, sum of the 7 = 100",2p1,,,"our CR model, free fit",9.009636292956303,,,,,,
"our discharge (microwave EEDF, AT)","n/g, sum of the 7 = 100",2p5,,,"our CR model, free fit",13.214649566533945,,,,,,
"our discharge (microwave EEDF, AT)","n/g, sum of the 7 = 100",2p3,,,"our CR model, free fit",10.17437412641067,,,,,,
"our discharge (microwave EEDF, AT)","n/g, sum of the 7 = 100",2p8,,,"our CR model, free fit",23.337761480478918,,,,,,
"our discharge (microwave EEDF, AT)","n/g, sum of the 7 = 100",2p4,,,"our CR model, free fit",11.755437077775971,,,,,,
"our discharge (microwave EEDF, AT)","n/g, sum of the 7 = 100",2p2,,,"our CR model, free fit",12.310384624687854,,,,,,
"our discharge (microwave EEDF, AT)","n/g, sum of the 7 = 100",2p6,,,"our CR model, free fit",20.19775683115633,,,,,,
"our discharge (microwave EEDF, AT)","n/g, sum of the 7 = 100",2p1,,9.202453987730062,measured,7.6080987069003685,8.77605070731221,5.505928771441221,0.9410532890721259,0.621000997007019,0.03785424308492258,
"our discharge (microwave EEDF, AT)","n/g, sum of the 7 = 100",2p5,,11.684327941996655,measured,9.516315332084002,10.145859185100296,8.622668648250162,0.8697836458919488,0.4584277462669441,0.04050564858569832,
"our discharge (microwave EEDF, AT)","n/g, sum of the 7 = 100",2p3,,7.8360290016731735,measured,9.29049901078584,9.610589584126393,7.406557963826614,0.8439218306333782,0.5055421459352802,0.03293380595398964,
"our discharge (microwave EEDF, AT)","n/g, sum of the 7 = 100",2p8,,30.925822643614055,measured,29.858633574541663,25.300123345221465,37.92051724011184,0.6912640012554436,0.2599394216063787,0.073894520007942,
"our discharge (microwave EEDF, AT)","n/g, sum of the 7 = 100",2p4,,9.815950920245399,measured,16.491157203419608,15.353393682465382,20.835465453376354,0.7595292191106888,0.28709454552155833,0.025106320885975534,
"our discharge (microwave EEDF, AT)","n/g, sum of the 7 = 100",2p2,,6.915783602900167,measured,9.461961995054832,11.331877799552396,5.225922573542683,0.9770390340543986,0.8448170571450409,0.09503357708606854,
"our discharge (microwave EEDF, AT)","n/g, sum of the 7 = 100",2p6,,23.619631901840496,measured,17.773334177213687,19.482105696221854,14.482939349451145,0.8942484994335521,0.524086467053817,0.0585581326306029,
residual at n_c,"ln(measured/model), mean removed",2p1,,,"microwave, with AT",0.43857303845150614,,,,,,
residual at n_c,"ln(measured/model), mean removed",2p5,,,"microwave, with AT",-0.2922758683114981,,,,,,
residual at n_c,"ln(measured/model), mean removed",2p3,,,"microwave, with AT",0.6394930120744816,,,,,,
residual at n_c,"ln(measured/model), mean removed",2p8,,,"microwave, with AT",-0.27553120018777005,,,,,,
residual at n_c,"ln(measured/model), mean removed",2p4,,,"microwave, with AT",0.5783227996850872,,,,,,
residual at n_c,"ln(measured/model), mean removed",2p2,,,"microwave, with AT",-0.32596205346918994,,,,,,
residual at n_c,"ln(measured/model), mean removed",2p6,,,"microwave, with AT",-0.7626197282426167,,,,,,
residual at n_c,"ln(measured/model), mean removed",2p1,,,"microwave, without AT",0.4295833909405084,,,,,,
residual at n_c,"ln(measured/model), mean removed",2p5,,,"microwave, without AT",-0.3009219672504911,,,,,,
residual at n_c,"ln(measured/model), mean removed",2p3,,,"microwave, without AT",0.606193362442905,,,,,,
residual at n_c,"ln(measured/model), mean removed",2p8,,,"microwave, without AT",-0.27914684124452466,,,,,,
residual at n_c,"ln(measured/model), mean removed",2p4,,,"microwave, without AT",0.5874252151616313,,,,,,
residual at n_c,"ln(measured/model), mean removed",2p2,,,"microwave, without AT",-0.3159936889222139,,,,,,
residual at n_c,"ln(measured/model), mean removed",2p6,,,"microwave, without AT",-0.727139471127815,,,,,,
residual at n_c,"ln(measured/model), mean removed",2p1,,,"dc, with AT",0.5775846359179433,,,,,,
residual at n_c,"ln(measured/model), mean removed",2p5,,,"dc, with AT",-0.08220261815800071,,,,,,
residual at n_c,"ln(measured/model), mean removed",2p3,,,"dc, with AT",0.13544211079372728,,,,,,
residual at n_c,"ln(measured/model), mean removed",2p8,,,"dc, with AT",0.10604686992068858,,,,,,
residual at n_c,"ln(measured/model), mean removed",2p4,,,"dc, with AT",0.6751748227358114,,,,,,
residual at n_c,"ln(measured/model), mean removed",2p2,,,"dc, with AT",-0.662486070626652,,,,,,
residual at n_c,"ln(measured/model), mean removed",2p6,,,"dc, with AT",-0.749559750583518,,,,,,
residual at n_c,"ln(measured/model), mean removed",2p1,,,"dc, without AT",0.33375336619358115,,,,,,
residual at n_c,"ln(measured/model), mean removed",2p5,,,"dc, without AT",-0.02410169245371097,,,,,,
residual at n_c,"ln(measured/model), mean removed",2p3,,,"dc, without AT",0.013530506897733743,,,,,,
residual at n_c,"ln(measured/model), mean removed",2p8,,,"dc, without AT",0.30946977628952094,,,,,,
residual at n_c,"ln(measured/model), mean removed",2p4,,,"dc, without AT",0.844401806181794,,,,,,
residual at n_c,"ln(measured/model), mean removed",2p2,,,"dc, without AT",-0.8184297466126237,,,,,,
residual at n_c,"ln(measured/model), mean removed",2p6,,,"dc, without AT",-0.658624016496295,,,,,,
"our discharge (microwave EEDF, AT)",n/g/n_g [ppm],1s5,,,CR model nc,0.02298660876837203,,,,,,
"our discharge (microwave EEDF, AT)",n/g/n_g [ppm],1s3,,,CR model nc,0.008238415624107457,,,,,,
"our discharge (microwave EEDF, AT)",n/g/n_g [ppm],1s4,,,CR model nc,0.005304544455275661,,,,,,
"our discharge (microwave EEDF, AT)",n/g/n_g [ppm],1s2,,,CR model nc,0.0013107065875286059,,,,,,
"our discharge (microwave EEDF, AT)",n/g/n_g [ppm],1s5,,,CR model free,0.04169878549820005,,,,,,
"our discharge (microwave EEDF, AT)",n/g/n_g [ppm],1s3,,,CR model free,0.030197323603247245,,,,,,
"our discharge (microwave EEDF, AT)",n/g/n_g [ppm],1s4,,,CR model free,0.03475181674728594,,,,,,
"our discharge (microwave EEDF, AT)",n/g/n_g [ppm],1s2,,,CR model free,0.021047937345703545,,,,,,
"our discharge (DC EEDF, AT)",n/g/n_g [ppm],1s5,,,CR model nc,0.6150471100491869,,,,,,
"our discharge (DC EEDF, AT)",n/g/n_g [ppm],1s3,,,CR model nc,0.3687534973363975,,,,,,
"our discharge (DC EEDF, AT)",n/g/n_g [ppm],1s4,,,CR model nc,0.25688614454315795,,,,,,
"our discharge (DC EEDF, AT)",n/g/n_g [ppm],1s2,,,CR model nc,0.08909138522298965,,,,,,
our discharge,n/g/n_g [ppm],1s5,,,absorption lo-hi,0.6213431492605951,,,,,,4.970745194084761
