label,band,status,T_rot,T_vib,T_vib_fixed,r2,shift_nm,reason,file,library,roi_min_nm,roi_max_nm,peak_counts,snr,amplitude,baseline_offset,baseline_slope,rmse_weighted,n2_pct,ar_pct,replicate
Percent0_1,N2(C-B) (0-0),FIT_REJECTED,200.0004980836693,,4500.0,-0.00521024633186129,0.1320006311981361,Low R2 (-0.01); T_rot at grid floor,C:\Users\dptro\Documents\Work\Python\ArgonCrModel\Experimental_Data\EchelleData\PrelijminaryNitrogenAdmixtureMini\GsaSweep_85W_1_torr\SPA_Files\Percent0_1.spa,14N2,335.0,337.5,29237611.1,50.15785537913504,0.005179920098646595,0.057045402203963244,0.015431938731441795,0.08652261441549759,,,
Percent0_1,N2(C-B) system,FIT_REJECTED,4999.972181412897,24999.01087814915,,0.007468054592910112,0.13700065658124946,Low R2 (0.01); T_rot at grid ceiling,C:\Users\dptro\Documents\Work\Python\ArgonCrModel\Experimental_Data\EchelleData\PrelijminaryNitrogenAdmixtureMini\GsaSweep_85W_1_torr\SPA_Files\Percent0_1.spa,14N2,330.0,385.0,29305983.3,84.65356300144431,0.03299534780942683,0.02177469517183923,-0.00012870850031700565,0.04479033075109255,,,
Percent0_2,N2(C-B) (0-0),FIT_REJECTED,200.00050269460093,,4500.0,-0.0010418823845259606,-0.1180000059668962,Low R2 (-0.00); T_rot at grid floor,C:\Users\dptro\Documents\Work\Python\ArgonCrModel\Experimental_Data\EchelleData\PrelijminaryNitrogenAdmixtureMini\GsaSweep_85W_1_torr\SPA_Files\Percent0_2.spa,14N2,335.0,337.5,24030488.4,50.31058864991242,0.0,0.05609276498750758,-0.005947467835237641,0.07169631276842085,,,
Percent0_2,N2(C-B) system,FIT_REJECTED,4999.993252477846,24997.563925976327,,0.004934887282557754,0.010999894851134652,Low R2 (0.00); T_rot at grid ceiling,C:\Users\dptro\Documents\Work\Python\ArgonCrModel\Experimental_Data\EchelleData\PrelijminaryNitrogenAdmixtureMini\GsaSweep_85W_1_torr\SPA_Files\Percent0_2.spa,14N2,330.0,385.0,24045557.65,69.69399083215706,0.025866198883814175,0.025940383457170802,-9.377904725940125e-05,0.04273186659962718,,,
Percent0_3,N2(C-B) (0-0),FIT_REJECTED,200.00068848852408,,4500.0,-0.008348788574674026,0.17599999131019614,Low R2 (-0.01); T_rot at grid floor,C:\Users\dptro\Documents\Work\Python\ArgonCrModel\Experimental_Data\EchelleData\PrelijminaryNitrogenAdmixtureMini\GsaSweep_85W_1_torr\SPA_Files\Percent0_3.spa,14N2,335.0,337.5,17857551.4,40.56925489604411,0.0,0.048835565156933936,-0.0017096767354515868,0.06249659879813703,,,
Percent0_3,N2(C-B) system,FIT_REJECTED,200.00267489109444,24996.949659429385,,-0.0018978617501832495,-0.15700000233737157,Low R2 (-0.00); T_rot at grid floor,C:\Users\dptro\Documents\Work\Python\ArgonCrModel\Experimental_Data\EchelleData\PrelijminaryNitrogenAdmixtureMini\GsaSweep_85W_1_torr\SPA_Files\Percent0_3.spa,14N2,330.0,385.0,17829109.85,53.39848712182369,0.0,0.03938700435624446,-0.0001556060429949037,0.0461616397047788,,,
Percent0_5__1,N2(C-B) (0-0),FIT_REJECTED,4399.850006404138,,4500.0,0.08386716083018231,0.18362229148009443,Low R2 (0.08),C:\Users\dptro\Documents\Work\Python\ArgonCrModel\Experimental_Data\EchelleData\PrelijminaryNitrogenAdmixtureMini\GsaSweep_85W_1_torr\SPA_Files\Percent0_5__1.spa,14N2,335.0,337.5,55598187.0,29.98426480468473,0.2556716095311921,0.020647094265181708,0.050680801131402116,0.11511661218301249,0.5,99.5,1.0
Percent0_5__1,N2(C-B) system,FIT_REJECTED,4999.97624143159,24998.462250210818,,0.0318134093449316,0.19999886465627892,Low R2 (0.03); T_rot at grid ceiling; Shift at bound,C:\Users\dptro\Documents\Work\Python\ArgonCrModel\Experimental_Data\EchelleData\PrelijminaryNitrogenAdmixtureMini\GsaSweep_85W_1_torr\SPA_Files\Percent0_5__1.spa,14N2,330.0,385.0,55898822.7,113.30453102255494,0.20243095764811886,0.006541533196097236,0.0003509685015579399,0.06971705876482913,0.5,99.5,1.0
Percent0_5__2,N2(C-B) (0-0),FIT_REJECTED,4760.550649330949,,4500.0,0.05128828414698661,0.199999986241714,Low R2 (0.05); Shift at bound,C:\Users\dptro\Documents\Work\Python\ArgonCrModel\Experimental_Data\EchelleData\PrelijminaryNitrogenAdmixtureMini\GsaSweep_85W_1_torr\SPA_Files\Percent0_5__2.spa,14N2,335.0,337.5,57480085.9,35.82901032362824,0.045463188117591834,0.08898940457058319,0.07548146635281398,0.12302509917857869,0.5,99.5,2.0
Percent0_5__2,N2(C-B) system,FIT_REJECTED,4999.955465353578,24999.96342210056,,0.04506263733024196,0.1999997750574464,Low R2 (0.05); T_rot at grid ceiling; Shift at bound,C:\Users\dptro\Documents\Work\Python\ArgonCrModel\Experimental_Data\EchelleData\PrelijminaryNitrogenAdmixtureMini\GsaSweep_85W_1_torr\SPA_Files\Percent0_5__2.spa,14N2,330.0,385.0,57711738.95,117.81768902901898,0.18235814725280072,0.009150712624305507,0.00018299720855460963,0.06809256934677667,0.5,99.5,2.0
Percent0_5__3,N2(C-B) (0-0),FIT_REJECTED,200.0,,4500.0,0.015794963310738264,0.2,Low R2 (0.02); T_rot at grid floor; Shift at bound,C:\Users\dptro\Documents\Work\Python\ArgonCrModel\Experimental_Data\EchelleData\PrelijminaryNitrogenAdmixtureMini\GsaSweep_85W_1_torr\SPA_Files\Percent0_5__3.spa,14N2,335.0,337.5,65810216.3,51.884123519280045,0.040003545357010284,0.07027095691432567,0.03575111206007306,0.10354914808436094,0.5,99.5,3.0
Percent0_5__3,N2(C-B) system,FIT_REJECTED,4999.994259134376,24998.75639299975,,0.038246262116761076,0.19999994639330576,Low R2 (0.04); T_rot at grid ceiling; Shift at bound,C:\Users\dptro\Documents\Work\Python\ArgonCrModel\Experimental_Data\EchelleData\PrelijminaryNitrogenAdmixtureMini\GsaSweep_85W_1_torr\SPA_Files\Percent0_5__3.spa,14N2,330.0,385.0,66074778.3,139.18194267262828,0.14429354547397089,0.00816884051829871,0.0001825245288298074,0.057064996818406474,0.5,99.5,3.0
Percent1_0__1,N2(C-B) (0-0),VALID,750.1567191094168,,4500.0,0.5694033371510263,0.09499999578726563,,C:\Users\dptro\Documents\Work\Python\ArgonCrModel\Experimental_Data\EchelleData\PrelijminaryNitrogenAdmixtureMini\GsaSweep_85W_1_torr\SPA_Files\Percent1_0__1.spa,14N2,335.0,337.5,58360322.2,25.832356666763552,0.9453389608834418,-0.006738750772994902,-0.032207977260969314,0.11896907775409855,1.0,99.0,1.0
Percent1_0__1,N2(C-B) system,FIT_REJECTED,4999.988390583574,24999.911830087225,,0.04651405380638152,0.19999979243075938,Low R2 (0.05); T_rot at grid ceiling; Shift at bound,C:\Users\dptro\Documents\Work\Python\ArgonCrModel\Experimental_Data\EchelleData\PrelijminaryNitrogenAdmixtureMini\GsaSweep_85W_1_torr\SPA_Files\Percent1_0__1.spa,14N2,330.0,385.0,63844184.65,118.29035756689335,0.22609948807190172,0.009214765823036987,0.0003699547965228919,0.07937145097643493,1.0,99.0,1.0
Percent1_0__2,N2(C-B) (0-0),VALID,1213.7219468019553,,4500.0,0.5980721687729913,0.09793971194225791,,C:\Users\dptro\Documents\Work\Python\ArgonCrModel\Experimental_Data\EchelleData\PrelijminaryNitrogenAdmixtureMini\GsaSweep_85W_1_torr\SPA_Files\Percent1_0__2.spa,14N2,335.0,337.5,64056015.1,28.174813686188134,1.0044499794798667,-0.07858291479678453,-0.020558859807341706,0.10293911319078787,1.0,99.0,2.0
Percent1_0__2,N2(C-B) system,FIT_REJECTED,4999.981445350873,24999.705212320812,,0.043350258321786295,0.1999997523496488,Low R2 (0.04); T_rot at grid ceiling; Shift at bound,C:\Users\dptro\Documents\Work\Python\ArgonCrModel\Experimental_Data\EchelleData\PrelijminaryNitrogenAdmixtureMini\GsaSweep_85W_1_torr\SPA_Files\Percent1_0__2.spa,14N2,330.0,385.0,64355324.4,117.2554622426286,0.20812176701657994,0.011477487427928678,0.00041995777735011846,0.08085929099073713,1.0,99.0,2.0
Percent1_0__3,N2(C-B) (0-0),VALID,1745.5617112812251,,4500.0,0.5483013432475741,0.09875812841944892,,C:\Users\dptro\Documents\Work\Python\ArgonCrModel\Experimental_Data\EchelleData\PrelijminaryNitrogenAdmixtureMini\GsaSweep_85W_1_torr\SPA_Files\Percent1_0__3.spa,14N2,335.0,337.5,51782100.8,16.704484423083063,0.9243683790768783,-0.017670006107632193,0.033007047276516745,0.15246557224707222,1.0,99.0,3.0
Percent1_0__3,N2(C-B) system,FIT_REJECTED,4999.968399370891,24999.930444376387,,0.05708251240889195,0.1999999074010136,Low R2 (0.06); T_rot at grid ceiling; Shift at bound,C:\Users\dptro\Documents\Work\Python\ArgonCrModel\Experimental_Data\EchelleData\PrelijminaryNitrogenAdmixtureMini\GsaSweep_85W_1_torr\SPA_Files\Percent1_0__3.spa,14N2,330.0,385.0,51915330.0,96.26676419630525,0.33999987810998994,0.003924020486332441,0.0005949257705881686,0.10121762789190078,1.0,99.0,3.0
Percent1_5__1,N2(C-B) (0-0),VALID,1368.218559205872,,4500.0,0.6615146255089366,0.10219851573502414,,C:\Users\dptro\Documents\Work\Python\ArgonCrModel\Experimental_Data\EchelleData\PrelijminaryNitrogenAdmixtureMini\GsaSweep_85W_1_torr\SPA_Files\Percent1_5__1.spa,14N2,335.0,337.5,66673864.2,24.31764667922231,1.0166258402946782,-0.05478207091821856,-0.0019278063865575956,0.10336610063068237,1.5,98.5,1.0
Percent1_5__1,N2(C-B) system,FIT_REJECTED,4674.453123053839,24999.566945099377,,0.06891687928456858,0.19999951385893727,Low R2 (0.07); Shift at bound,C:\Users\dptro\Documents\Work\Python\ArgonCrModel\Experimental_Data\EchelleData\PrelijminaryNitrogenAdmixtureMini\GsaSweep_85W_1_torr\SPA_Files\Percent1_5__1.spa,14N2,330.0,385.0,66946855.55,110.05575878821861,0.2888270488521845,0.00783479383523422,0.0004589750359415694,0.08051789658566377,1.5,98.5,1.0
Percent1_5__2,N2(C-B) (0-0),VALID,661.7018958882716,,4500.0,0.5585373975312179,0.10899939866471363,,C:\Users\dptro\Documents\Work\Python\ArgonCrModel\Experimental_Data\EchelleData\PrelijminaryNitrogenAdmixtureMini\GsaSweep_85W_1_torr\SPA_Files\Percent1_5__2.spa,14N2,335.0,337.5,58223411.8,21.805708119030758,0.9175558309518265,0.02778281526954422,0.019401980886593388,0.12799210254790472,1.5,98.5,2.0
Percent1_5__2,N2(C-B) system,FIT_REJECTED,3980.019024104773,24999.13614036348,,0.06143791365856999,0.1999995964871798,Low R2 (0.06); Shift at bound,C:\Users\dptro\Documents\Work\Python\ArgonCrModel\Experimental_Data\EchelleData\PrelijminaryNitrogenAdmixtureMini\GsaSweep_85W_1_torr\SPA_Files\Percent1_5__2.spa,14N2,330.0,385.0,58559875.15,97.19076712634488,0.42814290162868857,0.0027810159301557874,0.0008043846947060322,0.0947596614007675,1.5,98.5,2.0
Percent1_5__3,N2(C-B) (0-0),VALID,1087.3514242461815,,4500.0,0.6734405276014346,0.09590940749177614,,C:\Users\dptro\Documents\Work\Python\ArgonCrModel\Experimental_Data\EchelleData\PrelijminaryNitrogenAdmixtureMini\GsaSweep_85W_1_torr\SPA_Files\Percent1_5__3.spa,14N2,335.0,337.5,66280921.7,28.800275579001305,0.9799542177972875,-0.026600691443649436,-2.4041730744547157e-05,0.1116846372002742,1.5,98.5,3.0
Percent1_5__3,N2(C-B) system,FIT_REJECTED,4999.98537320968,24999.997262923564,,0.061091960722748695,0.19999996173792012,Low R2 (0.06); T_rot at grid ceiling; Shift at bound,C:\Users\dptro\Documents\Work\Python\ArgonCrModel\Experimental_Data\EchelleData\PrelijminaryNitrogenAdmixtureMini\GsaSweep_85W_1_torr\SPA_Files\Percent1_5__3.spa,14N2,330.0,385.0,66589949.7,103.30130078226045,0.28559368876254815,0.008019337823594532,0.0006579692340715633,0.08536818079201083,1.5,98.5,3.0
Percent2_0__1,N2(C-B) (0-0),FIT_REJECTED,2841.4425616406656,,4500.0,0.04153007840402423,0.19999992175887626,Low R2 (0.04); Shift at bound,C:\Users\dptro\Documents\Work\Python\ArgonCrModel\Experimental_Data\EchelleData\PrelijminaryNitrogenAdmixtureMini\GsaSweep_85W_1_torr\SPA_Files\Percent2_0__1.spa,14N2,335.0,337.5,119260037.9,35.46022052990238,0.10975328898538957,0.0458535558322689,0.033866634597385994,0.06924405027388016,2.0,98.0,1.0
Percent2_0__1,N2(C-B) system,FIT_REJECTED,4445.4273568008375,24999.664788466544,,0.05394388142137874,0.19999991663511724,Low R2 (0.05); Shift at bound,C:\Users\dptro\Documents\Work\Python\ArgonCrModel\Experimental_Data\EchelleData\PrelijminaryNitrogenAdmixtureMini\GsaSweep_85W_1_torr\SPA_Files\Percent2_0__1.spa,14N2,330.0,385.0,119521986.45,193.97353128828178,0.1828163920220386,0.005184720438455336,0.0003954040735823183,0.050301152675539446,2.0,98.0,1.0
Percent2_0__2,N2(C-B) (0-0),FIT_REJECTED,4432.608975828756,,4500.0,0.02295209655235586,0.19799999992421144,Low R2 (0.02); Shift at bound,C:\Users\dptro\Documents\Work\Python\ArgonCrModel\Experimental_Data\EchelleData\PrelijminaryNitrogenAdmixtureMini\GsaSweep_85W_1_torr\SPA_Files\Percent2_0__2.spa,14N2,335.0,337.5,90317158.4,26.954992142003746,0.05142412516252007,0.09675935082873668,0.06361170430566822,0.10911912437375935,2.0,98.0,2.0
Percent2_0__2,N2(C-B) system,FIT_REJECTED,4999.996582031009,24999.6882420919,,0.06862214569408798,0.19999998890093362,Low R2 (0.07); T_rot at grid ceiling; Shift at bound,C:\Users\dptro\Documents\Work\Python\ArgonCrModel\Experimental_Data\EchelleData\PrelijminaryNitrogenAdmixtureMini\GsaSweep_85W_1_torr\SPA_Files\Percent2_0__2.spa,14N2,330.0,385.0,90695227.6,138.10292881069515,0.2152385342096917,0.008539082036027202,0.00038422220680372815,0.0703256409062317,2.0,98.0,2.0
Percent2_0__3,N2(C-B) (0-0),FIT_REJECTED,3877.824171304102,,4500.0,0.07721558045567667,0.19999967331236604,Low R2 (0.08); Shift at bound,C:\Users\dptro\Documents\Work\Python\ArgonCrModel\Experimental_Data\EchelleData\PrelijminaryNitrogenAdmixtureMini\GsaSweep_85W_1_torr\SPA_Files\Percent2_0__3.spa,14N2,335.0,337.5,108843550.5,35.44072290042982,0.1269298198719257,0.05378259462730039,0.06275521962327005,0.08836167868916982,2.0,98.0,3.0
Percent2_0__3,N2(C-B) system,FIT_REJECTED,4676.157781295053,24999.254804059132,,0.04596629148085507,0.1999999575151942,Low R2 (0.05); Shift at bound,C:\Users\dptro\Documents\Work\Python\ArgonCrModel\Experimental_Data\EchelleData\PrelijminaryNitrogenAdmixtureMini\GsaSweep_85W_1_torr\SPA_Files\Percent2_0__3.spa,14N2,330.0,385.0,109245520.0,171.82827295578204,0.20645795932153155,0.004257462518648731,0.0004027343003912972,0.059029297592583484,2.0,98.0,3.0
Percent2_5__1,N2(C-B) (0-0),VALID,742.5396960963783,,4500.0,0.5324348510848592,0.09838265114820555,,C:\Users\dptro\Documents\Work\Python\ArgonCrModel\Experimental_Data\EchelleData\PrelijminaryNitrogenAdmixtureMini\GsaSweep_85W_1_torr\SPA_Files\Percent2_5__1.spa,14N2,335.0,337.5,99100667.5,30.0514714908062,0.8779366704449261,-0.011260115944233838,-0.055933469402525006,0.09865579033550728,2.5,97.5,1.0
Percent2_5__1,N2(C-B) system,FIT_REJECTED,4511.59517401606,24999.905611825285,,0.07058778013864098,0.19999968319086864,Low R2 (0.07); Shift at bound,C:\Users\dptro\Documents\Work\Python\ArgonCrModel\Experimental_Data\EchelleData\PrelijminaryNitrogenAdmixtureMini\GsaSweep_85W_1_torr\SPA_Files\Percent2_5__1.spa,14N2,330.0,385.0,99353674.25,141.67004456106534,0.24812980808539264,0.006515264317772923,0.000423029747467178,0.06687697702776936,2.5,97.5,1.0
Percent2_5__2,N2(C-B) (0-0),FIT_REJECTED,3799.6509502936706,,4500.0,0.025118406952074457,0.199999943424023,Low R2 (0.03); Shift at bound,C:\Users\dptro\Documents\Work\Python\ArgonCrModel\Experimental_Data\EchelleData\PrelijminaryNitrogenAdmixtureMini\GsaSweep_85W_1_torr\SPA_Files\Percent2_5__2.spa,14N2,335.0,337.5,100596402.7,25.710493103151922,0.0,0.10843333786697776,0.07190902670865708,0.09119438862969369,2.5,97.5,2.0
Percent2_5__2,N2(C-B) system,FIT_REJECTED,4999.993869790336,24998.83862128274,,0.06169778156036165,0.1999998716582223,Low R2 (0.06); T_rot at grid ceiling; Shift at bound,C:\Users\dptro\Documents\Work\Python\ArgonCrModel\Experimental_Data\EchelleData\PrelijminaryNitrogenAdmixtureMini\GsaSweep_85W_1_torr\SPA_Files\Percent2_5__2.spa,14N2,330.0,385.0,100877283.05,146.0414298881307,0.18240678184111825,0.012040095135574587,0.000353293716814907,0.06784229553120709,2.5,97.5,2.0
Percent2_5__3,N2(C-B) (0-0),FIT_REJECTED,3480.5750251403306,,4500.0,0.08799738058738016,0.19999988285905848,Low R2 (0.09); Shift at bound,C:\Users\dptro\Documents\Work\Python\ArgonCrModel\Experimental_Data\EchelleData\PrelijminaryNitrogenAdmixtureMini\GsaSweep_85W_1_torr\SPA_Files\Percent2_5__3.spa,14N2,335.0,337.5,89175827.9,23.75466610224739,0.18186976214464937,0.06826525783807473,0.07746151977567384,0.10060637689179977,2.5,97.5,3.0
Percent2_5__3,N2(C-B) system,FIT_REJECTED,4331.19686644304,24999.668972302068,,0.06243946607947992,0.199999846197211,Low R2 (0.06); Shift at bound,C:\Users\dptro\Documents\Work\Python\ArgonCrModel\Experimental_Data\EchelleData\PrelijminaryNitrogenAdmixtureMini\GsaSweep_85W_1_torr\SPA_Files\Percent2_5__3.spa,14N2,330.0,385.0,89498671.2,125.84236500374985,0.3173043228413704,0.002036800172609461,0.0006241746261040337,0.0754033823998519,2.5,97.5,3.0
Percent3_0__1,N2(C-B) (0-0),VALID,1626.7287604058874,,4500.0,0.6773995188634239,0.09200000830327248,,C:\Users\dptro\Documents\Work\Python\ArgonCrModel\Experimental_Data\EchelleData\PrelijminaryNitrogenAdmixtureMini\GsaSweep_85W_1_torr\SPA_Files\Percent3_0__1.spa,14N2,335.0,337.5,89257331.5,28.073806139458515,0.9679352102889772,-0.06173403239974618,0.030359181629546993,0.11704194702011272,3.0,97.0,1.0
Percent3_0__1,N2(C-B) system,FIT_REJECTED,3698.1696944267414,24999.977659700133,,0.06638872225852321,0.19999981497077976,Low R2 (0.07); Shift at bound,C:\Users\dptro\Documents\Work\Python\ArgonCrModel\Experimental_Data\EchelleData\PrelijminaryNitrogenAdmixtureMini\GsaSweep_85W_1_torr\SPA_Files\Percent3_0__1.spa,14N2,330.0,385.0,100730709.75,133.10264418836533,0.4095466715158788,-0.0040100767209648195,0.0007983706033554386,0.07507638609792354,3.0,97.0,1.0
Percent3_0__2,N2(C-B) (0-0),FIT_REJECTED,3167.3558872058047,,4500.0,0.13023688750237983,0.19999983492018925,Low R2 (0.13); Shift at bound,C:\Users\dptro\Documents\Work\Python\ArgonCrModel\Experimental_Data\EchelleData\PrelijminaryNitrogenAdmixtureMini\GsaSweep_85W_1_torr\SPA_Files\Percent3_0__2.spa,14N2,335.0,337.5,93971978.3,24.943975991911053,0.19889974153739137,0.08274420675375178,0.08612170506646878,0.10831220467250374,3.0,97.0,2.0
Percent3_0__2,N2(C-B) system,FIT_REJECTED,3781.5460785338228,24999.670351015888,,0.10213648219129723,0.19999954320955152,Low R2 (0.10); Shift at bound,C:\Users\dptro\Documents\Work\Python\ArgonCrModel\Experimental_Data\EchelleData\PrelijminaryNitrogenAdmixtureMini\GsaSweep_85W_1_torr\SPA_Files\Percent3_0__2.spa,14N2,330.0,385.0,94311988.8,124.40863776096855,0.37359702403814754,0.0032822989557633737,0.0005674020355554087,0.07581441946350681,3.0,97.0,2.0
Percent3_0__3,N2(C-B) (0-0),FIT_REJECTED,3385.3623982417644,,4500.0,0.1000323564927117,0.19700000470869206,Low R2 (0.10); Shift at bound,C:\Users\dptro\Documents\Work\Python\ArgonCrModel\Experimental_Data\EchelleData\PrelijminaryNitrogenAdmixtureMini\GsaSweep_85W_1_torr\SPA_Files\Percent3_0__3.spa,14N2,335.0,337.5,118063635.1,27.06465180114859,0.17903261271217705,0.05195935854554372,0.06435158867564796,0.09121642893852233,3.0,97.0,3.0
Percent3_0__3,N2(C-B) system,VALID,1304.7922971351,24999.808062768636,,0.5092870124525464,0.10061472367575208,,C:\Users\dptro\Documents\Work\Python\ArgonCrModel\Experimental_Data\EchelleData\PrelijminaryNitrogenAdmixtureMini\GsaSweep_85W_1_torr\SPA_Files\Percent3_0__3.spa,14N2,330.0,385.0,118635958.4,152.8415810665911,0.8251136662435169,-0.002365571670751574,0.0006771139433251164,0.06122509325646912,3.0,97.0,3.0
