wl_cat,species,centre,fwhm,height,offset
794.8176,Ar I,794.7999850038354,0.044485794206590636,38894794335.83694,-0.01761499616452511
800.6157,Ar I,800.6116416049024,0.0364104516479895,27589772075.25818,-0.004058395097558787
826.4522,Ar I,826.4415277620536,0.040024673182036744,25687526993.87981,-0.010672237946323548
750.3869,Ar I,750.3757031219219,0.053122839437229896,15310282656.518045,-0.01119687807806713
852.1442,Ar I,852.1304137092669,0.058319856817334266,11009900524.405758,-0.013786290733037276
703.0251,Ar I,703.0101412449851,0.028484225389909176,366610921.30386007,-0.014958755014845337
415.859,Ar I,415.85657452546104,0.024000000000000004,209210236.94414437,-0.002425474538938488
720.698,Ar I,720.6974205908797,0.025906027177457294,155504537.79247823,-0.0005794091202915297
803.72188,Ar I,803.7342123917001,0.024000000000000007,124162721.50385173,0.012332391700056178
687.1289,Ar I,687.1245796397976,0.027126258616593766,144453783.3082947,-0.004320360202427764
603.2127,Ar I,603.2104663184958,0.024000000000000035,132354002.82164606,-0.002233681504208107
427.2169,Ar I,427.2098440395163,0.024000000000000004,73079230.03002107,-0.007055960483683066
425.9362,Ar I,425.92667875876015,0.024123384341649345,67595592.05762416,-0.009521241239838218
430.0101,Ar I,430.0077338814329,0.02891185894742886,51026905.69595892,-0.002366118567124431
426.6286,Ar I,426.6242242973338,0.02475909423222839,51514210.35358973,-0.004375702666209236
