# Digitised from X.-M. Zhu and Y.-K. Pu, J. Phys. D: Appl. Phys. 43, 015204 (2010):
#   Fig. 2: n_2p/g_2p of the ten 2p levels, normalised to a sum of 100 (quantity = n_g_norm),
#           read to about +-0.3
#   Fig. 1: n_1s/g_1s/n_g [ppm] of the four 1s levels (quantity = n_g_ppm), log axis, read to about +-3 %
# source: CRM = their model (bars), OES = their measurement (stars; Fig. 1 1s by self-absorption,
# Fig. 2 2p by the line-ratio method). Pixel analysis of the 400 dpi page images
# (SmallAnalysisScripts/ZhuPuComparison.py documents the discharge conditions, their Table 7).
figure,discharge,level,source,quantity,value
2,EBP 1 Pa,2p1,CRM,n_g_norm,21.06
2,EBP 1 Pa,2p5,CRM,n_g_norm,12.47
2,EBP 1 Pa,2p3,CRM,n_g_norm,5.31
2,EBP 1 Pa,2p7,CRM,n_g_norm,8.25
2,EBP 1 Pa,2p8,CRM,n_g_norm,9.08
2,EBP 1 Pa,2p4,CRM,n_g_norm,6.22
2,EBP 1 Pa,2p9,CRM,n_g_norm,8.18
2,EBP 1 Pa,2p2,CRM,n_g_norm,4.63
2,EBP 1 Pa,2p6,CRM,n_g_norm,6.07
2,EBP 1 Pa,2p10,CRM,n_g_norm,19.86
2,EBP 1 Pa,2p1,OES,n_g_norm,19.11
2,EBP 1 Pa,2p5,OES,n_g_norm,13.34
2,EBP 1 Pa,2p3,OES,n_g_norm,4.50
2,EBP 1 Pa,2p7,OES,n_g_norm,9.23
2,EBP 1 Pa,2p8,OES,n_g_norm,7.71
2,EBP 1 Pa,2p4,OES,n_g_norm,5.98
2,EBP 1 Pa,2p9,OES,n_g_norm,7.06
2,EBP 1 Pa,2p2,OES,n_g_norm,5.93
2,EBP 1 Pa,2p6,OES,n_g_norm,6.34
2,EBP 1 Pa,2p10,OES,n_g_norm,19.89
2,ICP 1 Pa,2p1,CRM,n_g_norm,4.56
2,ICP 1 Pa,2p5,CRM,n_g_norm,2.98
2,ICP 1 Pa,2p3,CRM,n_g_norm,1.70
2,ICP 1 Pa,2p7,CRM,n_g_norm,2.90
2,ICP 1 Pa,2p8,CRM,n_g_norm,4.86
2,ICP 1 Pa,2p4,CRM,n_g_norm,4.11
2,ICP 1 Pa,2p9,CRM,n_g_norm,44.20
2,ICP 1 Pa,2p2,CRM,n_g_norm,2.22
2,ICP 1 Pa,2p6,CRM,n_g_norm,6.82
2,ICP 1 Pa,2p10,CRM,n_g_norm,26.04
2,ICP 1 Pa,2p1,OES,n_g_norm,4.25
2,ICP 1 Pa,2p5,OES,n_g_norm,2.39
2,ICP 1 Pa,2p3,OES,n_g_norm,1.46
2,ICP 1 Pa,2p7,OES,n_g_norm,2.70
2,ICP 1 Pa,2p8,OES,n_g_norm,3.35
2,ICP 1 Pa,2p4,OES,n_g_norm,2.91
2,ICP 1 Pa,2p9,OES,n_g_norm,47.96
2,ICP 1 Pa,2p2,OES,n_g_norm,1.84
2,ICP 1 Pa,2p6,OES,n_g_norm,7.00
2,ICP 1 Pa,2p10,OES,n_g_norm,24.26
2,CCP 100 Pa,2p1,CRM,n_g_norm,3.50
2,CCP 100 Pa,2p5,CRM,n_g_norm,3.72
2,CCP 100 Pa,2p3,CRM,n_g_norm,5.61
2,CCP 100 Pa,2p7,CRM,n_g_norm,5.76
2,CCP 100 Pa,2p8,CRM,n_g_norm,11.55
2,CCP 100 Pa,2p4,CRM,n_g_norm,5.46
2,CCP 100 Pa,2p9,CRM,n_g_norm,24.34
2,CCP 100 Pa,2p2,CRM,n_g_norm,3.35
2,CCP 100 Pa,2p6,CRM,n_g_norm,8.69
2,CCP 100 Pa,2p10,CRM,n_g_norm,28.56
2,CCP 100 Pa,2p1,OES,n_g_norm,3.30
2,CCP 100 Pa,2p5,OES,n_g_norm,4.19
2,CCP 100 Pa,2p3,OES,n_g_norm,2.81
2,CCP 100 Pa,2p7,OES,n_g_norm,7.04
2,CCP 100 Pa,2p8,OES,n_g_norm,11.09
2,CCP 100 Pa,2p4,OES,n_g_norm,3.52
2,CCP 100 Pa,2p9,OES,n_g_norm,25.09
2,CCP 100 Pa,2p2,OES,n_g_norm,2.48
2,CCP 100 Pa,2p6,OES,n_g_norm,8.47
2,CCP 100 Pa,2p10,OES,n_g_norm,30.74
2,SRR 1e5 Pa,2p1,CRM,n_g_norm,5.30
2,SRR 1e5 Pa,2p5,CRM,n_g_norm,4.48
2,SRR 1e5 Pa,2p3,CRM,n_g_norm,3.95
2,SRR 1e5 Pa,2p7,CRM,n_g_norm,6.43
2,SRR 1e5 Pa,2p8,CRM,n_g_norm,6.96
2,SRR 1e5 Pa,2p4,CRM,n_g_norm,5.30
2,SRR 1e5 Pa,2p9,CRM,n_g_norm,6.21
2,SRR 1e5 Pa,2p2,CRM,n_g_norm,11.55
2,SRR 1e5 Pa,2p6,CRM,n_g_norm,11.25
2,SRR 1e5 Pa,2p10,CRM,n_g_norm,39.16
2,SRR 1e5 Pa,2p1,OES,n_g_norm,4.24
2,SRR 1e5 Pa,2p5,OES,n_g_norm,3.15
2,SRR 1e5 Pa,2p3,OES,n_g_norm,3.68
2,SRR 1e5 Pa,2p7,OES,n_g_norm,5.31
2,SRR 1e5 Pa,2p8,OES,n_g_norm,5.47
2,SRR 1e5 Pa,2p4,OES,n_g_norm,4.95
2,SRR 1e5 Pa,2p9,OES,n_g_norm,5.25
2,SRR 1e5 Pa,2p2,OES,n_g_norm,14.88
2,SRR 1e5 Pa,2p6,OES,n_g_norm,10.89
2,SRR 1e5 Pa,2p10,OES,n_g_norm,39.51
1,EBP 1 Pa,1s5,CRM,n_g_ppm,26.1
1,EBP 1 Pa,1s3,CRM,n_g_ppm,21.7
1,EBP 1 Pa,1s4,CRM,n_g_ppm,0.838
1,EBP 1 Pa,1s2,CRM,n_g_ppm,0.928
1,EBP 1 Pa,1s5,OES,n_g_ppm,30.1
1,EBP 1 Pa,1s3,OES,n_g_ppm,20.5
1,EBP 1 Pa,1s4,OES,n_g_ppm,2.93
1,EBP 1 Pa,1s2,OES,n_g_ppm,1.57
1,ICP 1 Pa,1s5,CRM,n_g_ppm,85.3
1,ICP 1 Pa,1s3,CRM,n_g_ppm,68.2
1,ICP 1 Pa,1s4,CRM,n_g_ppm,8.07
1,ICP 1 Pa,1s2,CRM,n_g_ppm,7.15
1,ICP 1 Pa,1s5,OES,n_g_ppm,110
1,ICP 1 Pa,1s3,OES,n_g_ppm,80
1,ICP 1 Pa,1s4,OES,n_g_ppm,3.94
1,ICP 1 Pa,1s2,OES,n_g_ppm,2.95
1,CCP 100 Pa,1s5,CRM,n_g_ppm,6.08
1,CCP 100 Pa,1s3,CRM,n_g_ppm,6.49
1,CCP 100 Pa,1s4,CRM,n_g_ppm,5.75
1,CCP 100 Pa,1s2,CRM,n_g_ppm,5.39
1,CCP 100 Pa,1s5,OES,n_g_ppm,10.9
1,CCP 100 Pa,1s3,OES,n_g_ppm,5.51
1,CCP 100 Pa,1s4,OES,n_g_ppm,5.95
1,CCP 100 Pa,1s2,OES,n_g_ppm,1.67
1,SRR 1e5 Pa,1s5,CRM,n_g_ppm,1.18
1,SRR 1e5 Pa,1s3,CRM,n_g_ppm,1.45
1,SRR 1e5 Pa,1s4,CRM,n_g_ppm,1.18
1,SRR 1e5 Pa,1s2,CRM,n_g_ppm,1.64
