level,manifold,kind,g,E_eV,n_rad_out,A_out_s,A_untracked_s,n_cascade_in,n_e_in,n_e_in_analytic,n_e_out,n_e_out_analytic,ground_exc,ground_exc_gap_eV,n_atom_transfer,ionization
4s1,4s,metastable,5,11.54835442,0,0.0,0.0,15,1,0,49,10,BSR-500,0.002100000000000435,16,True
4s2,4s,resonant,3,11.62359272,1,132000000.0,0.0,17,2,0,48,20,BSR-500,0.008699999999999264,16,True
4s3,4s,metastable,1,11.72316039,0,0.0,0.0,8,3,0,37,1,BSR-500,0.004899999999999238,16,True
4s4,4s,resonant,3,11.82807116,1,532000000.0,0.0,17,4,0,36,10,BSR-500,0.008800000000000807,16,True
4p1,4p,normal,3,12.9070153,4,25470000.0,0.0,14,5,0,41,16,BSR-500,0.0008999999999996788,10,True
4p6,4p,normal,1,13.2730381,1,40000000.0,0.0,8,10,0,36,16,BSR-500,0.0064000000000010715,4,True
4p2,4p,normal,7,13.07571571,1,33000000.0,0.0,12,6,0,40,16,BSR-500,0.007900000000001128,14,True
4p3,4p,normal,5,13.09487256,3,32270000.0,0.0,18,7,0,39,16,BSR-500,0.012199999999999989,16,True
4p4,4p,normal,3,13.15314387,4,33690000.0,0.0,17,8,0,38,16,BSR-500,0.0030000000000001137,14,True
4p5,4p,normal,5,13.1717777,3,34400000.0,0.0,19,9,0,37,16,BSR-500,0.00820000000000043,8,True
4p7,4p,normal,3,13.28263902,4,33152000.0,0.0,13,11,0,33,14,BSR-500,0.005399999999999849,10,True
4p8,4p,normal,5,13.30222747,3,34600000.0,0.0,15,12,0,32,14,BSR-500,0.010600000000000165,12,True
4p9,4p,normal,3,13.32785705,4,35230000.0,0.0,14,13,0,31,14,BSR-500,0.002200000000000202,8,True
4p10,4p,normal,1,13.47988682,2,45236000.0,0.0,4,14,0,30,14,BSR-500,0.011499999999999844,8,True
3d1,3d,normal,1,13.8450385,4,9760000.0,0.0,2,15,0,35,20,BSR-500,0.012399999999999523,0,True
3d2,3d,normal,3,13.8636686,8,9802000.0,0.0,4,16,0,34,20,BSR-500,0.0016999999999995907,0,True
3d3,3d,normal,5,13.9034546,7,8844000.0,0.0,6,17,0,33,20,BSR-500,0.008900000000000574,0,True
3d8,3d,normal,3,14.1525151,6,291702000.0,0.0,5,24,0,26,20,BSR-500,0.005399999999999849,0,True
3d4,3d,normal,9,13.9792373,1,11000000.0,0.0,1,18,0,32,20,BSR-500,0.0016999999999995907,0,True
3d5,3d,normal,7,14.0127381,3,11673000.0,0.0,2,19,0,31,21,BSR-500,0.011900000000000688,0,True
3d6,3d,normal,5,14.0630272,4,13882000.0,0.0,4,20,0,30,22,BSR-500,0.004100000000001103,0,True
3d7,3d,normal,7,14.0990559,4,13699800.0,0.0,3,23,0,27,20,BSR-500,0.006800000000000139,0,True
5s1,5s,normal,5,14.0682977,8,21249000.0,0.0,5,21,2,29,20,BSR-500,0.011900000000000688,0,True
5s2,5s,normal,3,14.0899685,10,97609000.0,0.0,5,22,1,28,20,BSR-500,0.011499999999999844,0,True
3d9,3d,normal,5,14.2136715,3,16030000.0,0.0,2,25,0,15,12,BSR-500,0.004199999999999093,0,True
3d11,3d,normal,7,14.2361061,1,15000000.0,0.0,1,27,0,13,12,BSR-500,0.005799999999998917,0,True
3d10,3d,normal,5,14.2340226,5,14456000.0,0.0,3,26,0,14,12,BSR-500,0.010799999999999699,0,True
3d12,3d,normal,3,14.3036684,7,331465000.0,0.0,4,30,0,10,10,BSR-500,0.005000000000000782,0,True
5s3,5s,normal,1,14.2410277,4,20580000.0,0.0,2,28,3,12,10,BSR-500,0.002000000000000668,0,True
5s4,5s,normal,3,14.2550856,10,55220000.0,0.0,4,29,3,11,10,BSR-500,0.01019999999999932,0,True
5p1,5p,normal,3,14.46399577,10,5746800.0,0.0,6,27,24,15,15,NGFSRDW,5.536,0,True
5p6,5p,normal,1,14.57594878,5,11040000.0,0.0,3,32,29,10,10,NGFSRDW,5.420999999999999,0,True
5p2,5p,normal,7,14.49905364,7,6474400.0,0.0,6,28,26,14,14,NGFSRDW,5.5009999999999994,0,True
5p3,5p,normal,5,14.50606764,10,5798570.0,0.0,7,29,26,13,13,NGFSRDW,5.494,0,True
5p4,5p,normal,3,14.5249133,11,7409100.0,0.0,7,30,27,12,12,NGFSRDW,5.475,0,True
5p5,5p,normal,5,14.52891349,10,8441000.0,0.0,7,31,28,11,11,NGFSRDW,5.471,0,True
5p7,5p,normal,3,14.68065033,8,7020100.0,0.0,0,25,22,13,13,NGFSRDW,5.319000000000001,0,True
5p9,5p,normal,5,14.6882903,8,7091200.0,0.0,0,27,24,11,11,NGFSRDW,5.311999999999999,0,True
5p8,5p,normal,3,14.68711824,9,7673000.0,0.0,0,26,23,12,12,NGFSRDW,5.313000000000001,0,True
5p10,5p,normal,1,14.73811536,3,11180000.0,0.0,0,30,27,8,8,NGFSRDW,5.2620000000000005,0,True
4d1,4d,normal,1,14.6936397,6,6711500.0,0.0,0,32,32,10,10,analytic,0.0063603000000007626,0,True
4d2,4d,normal,3,14.7108981,11,6650900.0,0.0,0,33,33,9,9,analytic,0.009101900000000995,0,True
4d3,4d,normal,5,14.74254085,13,6874050.0,0.0,0,35,35,7,7,analytic,0.017459150000000534,0,True
4d8,4d,normal,3,14.85923,10,5840000.0,0.0,0,42,42,0,0,analytic,0.0007699999999992713,0,True
4d4,4d,normal,9,14.7570516,2,3690000.0,0.0,0,36,36,6,6,analytic,0.002948399999999296,0,True
4d5,4d,normal,7,14.780512,6,3543000.0,0.0,0,37,37,5,5,analytic,0.019488000000000838,0,True
4d6,4d,normal,5,14.809272,8,3011470.0,0.0,0,38,38,4,4,analytic,0.010728000000000293,0,True
4d7,4d,normal,7,14.824298,6,3373060.0,0.0,0,39,39,3,3,analytic,0.015701999999999217,0,True
6s1,6s,normal,5,14.838811,13,10326000.0,0.0,0,40,40,2,2,analytic,0.0011890000000001066,0,True
6s2,6s,normal,3,14.84836899,14,9919200.0,0.0,0,41,41,1,1,analytic,0.011631009999998554,0,True
