group,level,label,variant,Te,ours,bogaerts
4s,4s[3/2]2,4s1,"BSR + AT, v2 table (current)",1.0,50.6067414636038,49.468085106382986
4s,4s[3/2]1,4s2,"BSR + AT, v2 table (current)",1.0,19.101512269646918,7.9787234042553195
4s,4s'[1/2]0,4s3,"BSR + AT, v2 table (current)",1.0,24.15966695233327,39.8936170212766
4s,4s'[1/2]1,4s4,"BSR + AT, v2 table (current)",1.0,6.132079314416011,2.659574468085107
4s,4s[3/2]2,4s1,"morning model (NGFSRDW, no AT, old table)",2.0,31.87518585862575,49.468085106382986
4s,4s[3/2]1,4s2,"morning model (NGFSRDW, no AT, old table)",2.0,23.71748952409877,7.9787234042553195
4s,4s'[1/2]0,4s3,"morning model (NGFSRDW, no AT, old table)",2.0,28.56764338521845,39.8936170212766
4s,4s'[1/2]1,4s4,"morning model (NGFSRDW, no AT, old table)",2.0,15.839681232057039,2.659574468085107
4s,4s[3/2]2,4s1,"BSR + AT, v2 table (current)",2.0,35.386221980823294,49.468085106382986
4s,4s[3/2]1,4s2,"BSR + AT, v2 table (current)",2.0,22.3475185337565,7.9787234042553195
4s,4s'[1/2]0,4s3,"BSR + AT, v2 table (current)",2.0,31.265600531079528,39.8936170212766
4s,4s'[1/2]1,4s4,"BSR + AT, v2 table (current)",2.0,11.000658954340665,2.659574468085107
4s,4s[3/2]2,4s1,"BSR + AT, v2 table (current)",4.0,27.357497206922197,49.468085106382986
4s,4s[3/2]1,4s2,"BSR + AT, v2 table (current)",4.0,23.02763909706,7.9787234042553195
4s,4s'[1/2]0,4s3,"BSR + AT, v2 table (current)",4.0,32.992329769698095,39.8936170212766
4s,4s'[1/2]1,4s4,"BSR + AT, v2 table (current)",4.0,16.622533926319715,2.659574468085107
4p,4p[1/2]1,4p1,"BSR + AT, v2 table (current)",1.0,30.350587070937774,26.494442775608288
4p,4p[5/2]3,4p2,"BSR + AT, v2 table (current)",1.0,15.845377309896653,12.526284169420245
4p,4p[5/2]2,4p3,"BSR + AT, v2 table (current)",1.0,12.3465380207174,12.490237308501051
4p,4p[3/2]1,4p4,"BSR + AT, v2 table (current)",1.0,6.253564540777776,12.616401321718232
4p,4p[3/2]2,4p5,"BSR + AT, v2 table (current)",1.0,10.690061644878346,12.427155301892459
4p,4p[1/2]0,4p6,"BSR + AT, v2 table (current)",1.0,6.399510954423519,8.200660859116851
4p,4p'[3/2]1,4p7,"BSR + AT, v2 table (current)",1.0,3.5541833103543152,3.78492039651547
4p,4p'[3/2]2,4p8,"BSR + AT, v2 table (current)",1.0,2.0049764234082326,3.78492039651547
4p,4p'[1/2]1,4p9,"BSR + AT, v2 table (current)",1.0,5.812168895408544,3.8900570741964553
4p,4p'[1/2]0,4p10,"BSR + AT, v2 table (current)",1.0,6.743031829197436,3.78492039651547
4p,4p[1/2]1,4p1,"morning model (NGFSRDW, no AT, old table)",2.0,14.317939820305218,26.494442775608288
4p,4p[5/2]3,4p2,"morning model (NGFSRDW, no AT, old table)",2.0,14.252836419643979,12.526284169420245
4p,4p[5/2]2,4p3,"morning model (NGFSRDW, no AT, old table)",2.0,10.98855420939863,12.490237308501051
4p,4p[3/2]1,4p4,"morning model (NGFSRDW, no AT, old table)",2.0,9.064081506059296,12.616401321718232
4p,4p[3/2]2,4p5,"morning model (NGFSRDW, no AT, old table)",2.0,9.668288587050746,12.427155301892459
4p,4p[1/2]0,4p6,"morning model (NGFSRDW, no AT, old table)",2.0,7.55859407299067,8.200660859116851
4p,4p'[3/2]1,4p7,"morning model (NGFSRDW, no AT, old table)",2.0,9.336378084237701,3.78492039651547
4p,4p'[3/2]2,4p8,"morning model (NGFSRDW, no AT, old table)",2.0,8.197936918588718,3.78492039651547
4p,4p'[1/2]1,4p9,"morning model (NGFSRDW, no AT, old table)",2.0,6.760331394737602,3.8900570741964553
4p,4p'[1/2]0,4p10,"morning model (NGFSRDW, no AT, old table)",2.0,9.85505898698744,3.78492039651547
4p,4p[1/2]1,4p1,"BSR + AT, v2 table (current)",2.0,28.51757587129256,26.494442775608288
4p,4p[5/2]3,4p2,"BSR + AT, v2 table (current)",2.0,25.57793587576884,12.526284169420245
4p,4p[5/2]2,4p3,"BSR + AT, v2 table (current)",2.0,11.888482996499905,12.490237308501051
4p,4p[3/2]1,4p4,"BSR + AT, v2 table (current)",2.0,5.5765703591270395,12.616401321718232
4p,4p[3/2]2,4p5,"BSR + AT, v2 table (current)",2.0,9.136281903519441,12.427155301892459
4p,4p[1/2]0,4p6,"BSR + AT, v2 table (current)",2.0,4.105907941952063,8.200660859116851
4p,4p'[3/2]1,4p7,"BSR + AT, v2 table (current)",2.0,4.160172257328879,3.78492039651547
4p,4p'[3/2]2,4p8,"BSR + AT, v2 table (current)",2.0,3.0090472856360866,3.78492039651547
4p,4p'[1/2]1,4p9,"BSR + AT, v2 table (current)",2.0,4.084172486750958,3.8900570741964553
4p,4p'[1/2]0,4p10,"BSR + AT, v2 table (current)",2.0,3.9438530221242387,3.78492039651547
4p,4p[1/2]1,4p1,"BSR + AT, v2 table (current)",4.0,28.689289230771436,26.494442775608288
4p,4p[5/2]3,4p2,"BSR + AT, v2 table (current)",4.0,10.145545091666511,12.526284169420245
4p,4p[5/2]2,4p3,"BSR + AT, v2 table (current)",4.0,9.781738903422012,12.490237308501051
4p,4p[3/2]1,4p4,"BSR + AT, v2 table (current)",4.0,6.998665612305526,12.616401321718232
4p,4p[3/2]2,4p5,"BSR + AT, v2 table (current)",4.0,11.329990372355585,12.427155301892459
4p,4p[1/2]0,4p6,"BSR + AT, v2 table (current)",4.0,6.8080487141687405,8.200660859116851
4p,4p'[3/2]1,4p7,"BSR + AT, v2 table (current)",4.0,7.3570509632212024,3.78492039651547
4p,4p'[3/2]2,4p8,"BSR + AT, v2 table (current)",4.0,5.223605427481155,3.78492039651547
4p,4p'[1/2]1,4p9,"BSR + AT, v2 table (current)",4.0,6.960157592893219,3.8900570741964553
4p,4p'[1/2]0,4p10,"BSR + AT, v2 table (current)",4.0,6.7059080917146074,3.78492039651547
3d+5s,3d[1/2]0,3d1,"BSR + AT, v2 table (current)",1.0,13.756618528332904,9.750005398674086
3d+5s,3d[1/2]1,3d2,"BSR + AT, v2 table (current)",1.0,12.859519720239547,9.750005398674086
3d+5s,3d[3/2]2,3d3,"BSR + AT, v2 table (current)",1.0,13.208969203920331,9.795354260993498
3d+5s,3d[7/2]4,3d4,"BSR + AT, v2 table (current)",1.0,9.21450369701819,3.5775213607537983
3d+5s,3d[7/2]3,3d5,"BSR + AT, v2 table (current)",1.0,6.996120394093373,3.563124896525413
3d+5s,3d[5/2]2,3d6,"BSR + AT, v2 table (current)",1.0,3.5813534914402787,6.031398688482108
3d+5s,5s[3/2]2,5s1,"BSR + AT, v2 table (current)",1.0,5.996389324693774,6.031398688482108
3d+5s,5s[3/2]1,5s2,"BSR + AT, v2 table (current)",1.0,7.230762031680536,5.895352101523866
3d+5s,3d[5/2]3,3d7,"BSR + AT, v2 table (current)",1.0,5.195666155177019,6.057312324093202
3d+5s,3d[3/2]1,3d8,"BSR + AT, v2 table (current)",1.0,3.5129728638782294,5.970933538722889
3d+5s,3d'[5/2]2,3d9,"BSR + AT, v2 table (current)",1.0,2.433908567325773,4.17209533338612
3d+5s,3d'[3/2]2,3d10,"BSR + AT, v2 table (current)",1.0,2.930972594153151,4.17209533338612
3d+5s,3d'[5/2]3,3d11,"BSR + AT, v2 table (current)",1.0,0.767052843467931,4.1461816977750265
3d+5s,5s'[1/2]0,5s3,"BSR + AT, v2 table (current)",1.0,4.165735725040895,5.668607789926794
3d+5s,5s'[1/2]1,5s4,"BSR + AT, v2 table (current)",1.0,5.027801142404292,5.895352101523866
3d+5s,3d'[3/2]1,3d12,"BSR + AT, v2 table (current)",1.0,3.121653717133769,9.523261087077014
3d+5s,3d[1/2]0,3d1,"morning model (NGFSRDW, no AT, old table)",2.0,5.260472801533044,9.750005398674086
3d+5s,3d[1/2]1,3d2,"morning model (NGFSRDW, no AT, old table)",2.0,7.858217409846512,9.750005398674086
3d+5s,3d[3/2]2,3d3,"morning model (NGFSRDW, no AT, old table)",2.0,7.60367694538837,9.795354260993498
3d+5s,3d[7/2]4,3d4,"morning model (NGFSRDW, no AT, old table)",2.0,25.12946991821379,3.5775213607537983
3d+5s,3d[7/2]3,3d5,"morning model (NGFSRDW, no AT, old table)",2.0,10.506052756677882,3.563124896525413
3d+5s,3d[5/2]2,3d6,"morning model (NGFSRDW, no AT, old table)",2.0,4.881860432461623,6.031398688482108
3d+5s,5s[3/2]2,5s1,"morning model (NGFSRDW, no AT, old table)",2.0,5.4728528933323455,6.031398688482108
3d+5s,5s[3/2]1,5s2,"morning model (NGFSRDW, no AT, old table)",2.0,3.326845685712077,5.895352101523866
3d+5s,3d[5/2]3,3d7,"morning model (NGFSRDW, no AT, old table)",2.0,5.529218346431594,6.057312324093202
3d+5s,3d[3/2]1,3d8,"morning model (NGFSRDW, no AT, old table)",2.0,2.323606386847116,5.970933538722889
3d+5s,3d'[5/2]2,3d9,"morning model (NGFSRDW, no AT, old table)",2.0,4.6533573637705326,4.17209533338612
3d+5s,3d'[3/2]2,3d10,"morning model (NGFSRDW, no AT, old table)",2.0,2.5347473280345234,4.17209533338612
3d+5s,3d'[5/2]3,3d11,"morning model (NGFSRDW, no AT, old table)",2.0,7.529425456210727,4.1461816977750265
3d+5s,5s'[1/2]0,5s3,"morning model (NGFSRDW, no AT, old table)",2.0,1.751332014487222,5.668607789926794
3d+5s,5s'[1/2]1,5s4,"morning model (NGFSRDW, no AT, old table)",2.0,2.8499567688708822,5.895352101523866
3d+5s,3d'[3/2]1,3d12,"morning model (NGFSRDW, no AT, old table)",2.0,2.78890749218175,9.523261087077014
3d+5s,3d[1/2]0,3d1,"BSR + AT, v2 table (current)",2.0,10.17230129618284,9.750005398674086
3d+5s,3d[1/2]1,3d2,"BSR + AT, v2 table (current)",2.0,10.258569561804656,9.750005398674086
3d+5s,3d[3/2]2,3d3,"BSR + AT, v2 table (current)",2.0,9.962676988090928,9.795354260993498
3d+5s,3d[7/2]4,3d4,"BSR + AT, v2 table (current)",2.0,8.478773837258284,3.5775213607537983
3d+5s,3d[7/2]3,3d5,"BSR + AT, v2 table (current)",2.0,5.839589716376433,3.563124896525413
3d+5s,3d[5/2]2,3d6,"BSR + AT, v2 table (current)",2.0,3.3312495211442825,6.031398688482108
3d+5s,5s[3/2]2,5s1,"BSR + AT, v2 table (current)",2.0,5.572333993147197,6.031398688482108
3d+5s,5s[3/2]1,5s2,"BSR + AT, v2 table (current)",2.0,7.217232403711763,5.895352101523866
3d+5s,3d[5/2]3,3d7,"BSR + AT, v2 table (current)",2.0,4.156054840049265,6.057312324093202
3d+5s,3d[3/2]1,3d8,"BSR + AT, v2 table (current)",2.0,3.475722347974383,5.970933538722889
3d+5s,3d'[5/2]2,3d9,"BSR + AT, v2 table (current)",2.0,2.625116100069085,4.17209533338612
3d+5s,3d'[3/2]2,3d10,"BSR + AT, v2 table (current)",2.0,3.0642104206153666,4.17209533338612
3d+5s,3d'[5/2]3,3d11,"BSR + AT, v2 table (current)",2.0,1.0877455128653835,4.1461816977750265
3d+5s,5s'[1/2]0,5s3,"BSR + AT, v2 table (current)",2.0,4.286777473704995,5.668607789926794
3d+5s,5s'[1/2]1,5s4,"BSR + AT, v2 table (current)",2.0,13.037321891088446,5.895352101523866
3d+5s,3d'[3/2]1,3d12,"BSR + AT, v2 table (current)",2.0,7.434324095916708,9.523261087077014
3d+5s,3d[1/2]0,3d1,"BSR + AT, v2 table (current)",4.0,8.137244584438006,9.750005398674086
3d+5s,3d[1/2]1,3d2,"BSR + AT, v2 table (current)",4.0,10.93391909112995,9.750005398674086
3d+5s,3d[3/2]2,3d3,"BSR + AT, v2 table (current)",4.0,9.505972440583445,9.795354260993498
3d+5s,3d[7/2]4,3d4,"BSR + AT, v2 table (current)",4.0,14.255661088399988,3.5775213607537983
3d+5s,3d[7/2]3,3d5,"BSR + AT, v2 table (current)",4.0,8.832925898720585,3.563124896525413
3d+5s,3d[5/2]2,3d6,"BSR + AT, v2 table (current)",4.0,3.724289474634305,6.031398688482108
3d+5s,5s[3/2]2,5s1,"BSR + AT, v2 table (current)",4.0,5.082809367201107,6.031398688482108
3d+5s,5s[3/2]1,5s2,"BSR + AT, v2 table (current)",4.0,4.2508599977569155,5.895352101523866
3d+5s,3d[5/2]3,3d7,"BSR + AT, v2 table (current)",4.0,5.472642898369743,6.057312324093202
3d+5s,3d[3/2]1,3d8,"BSR + AT, v2 table (current)",4.0,2.743604410463505,5.970933538722889
3d+5s,3d'[5/2]2,3d9,"BSR + AT, v2 table (current)",4.0,3.3452376555450205,4.17209533338612
3d+5s,3d'[3/2]2,3d10,"BSR + AT, v2 table (current)",4.0,2.6534738461530054,4.17209533338612
3d+5s,3d'[5/2]3,3d11,"BSR + AT, v2 table (current)",4.0,3.597345577281212,4.1461816977750265
3d+5s,5s'[1/2]0,5s3,"BSR + AT, v2 table (current)",4.0,1.9643208277520883,5.668607789926794
3d+5s,5s'[1/2]1,5s4,"BSR + AT, v2 table (current)",4.0,8.514051088323601,5.895352101523866
3d+5s,3d'[3/2]1,3d12,"BSR + AT, v2 table (current)",4.0,6.985641753247528,9.523261087077014
