mode,upper,wl,ln_rel,ln_rel_sd,ln_rel_thin,eta,n
free,2p1,667.728,-0.29338208264528565,0.18623462177959957,-0.1603517676700678,0.9986587905977384,95
free,2p1,750.387,0.29338208264528576,0.18623462177959957,0.16035176767006784,0.7671931712171625,95
free,2p2,727.294,-0.23956318131054768,0.07045534583720822,-0.07524068267225463,0.9616566166315512,95
free,2p2,772.421,0.047364302993495255,0.059842763561839915,0.02693558091717645,0.8025728957454632,95
free,2p2,826.452,0.19219887831705237,0.0908851021426438,0.04830510175507775,0.7066811176763244,95
free,2p4,747.117,-0.1648250023889406,0.5498114071135787,0.07019939778755592,0.9994784489945165,86
free,2p4,794.818,0.2689181635417962,0.2700482345283175,0.15584859351200359,0.7017565261549225,95
free,2p4,852.144,-0.11970816137917584,0.2947124984558269,-0.21939752203547525,0.7076414145199654,95
free,2p6,800.616,0.0,0.0,0.0,0.8059384283785914,95
nc,2p1,667.728,-0.3212901694553575,0.1883316127790341,-0.1603517676700678,0.9966734242305487,95
nc,2p1,750.387,0.3212901694553576,0.188331612779034,0.16035176767006784,0.721301744810034,95
nc,2p2,727.294,-0.409788556728198,0.08982373250684451,-0.07524068267225463,0.9066215674198572,95
nc,2p2,772.421,0.37228812178724735,0.0649436435251034,0.02693558091717645,0.45906006021207024,95
nc,2p2,826.452,0.03750043494095059,0.09203985502528189,0.04830510175507775,0.6584596205235128,95
nc,2p4,747.117,-0.43518356713578277,0.5714183921794606,0.07019939778755592,0.9986834349892915,86
nc,2p4,794.818,0.7269198758284089,0.29545602347676914,0.15584859351200359,0.3329561186573526,95
nc,2p4,852.144,-0.33296422557917404,0.30438623505288137,-0.21939752203547525,0.6593902549517725,95
nc,2p6,800.616,0.0,0.0,0.0,0.6199483198886989,95
