p_mTorr,mode,level,measured,measured_eta1,model
600.0,nc,2p1,6.0690600206639305,8.695617692378434,7.2052796538729
600.0,nc,2p5,8.923051093934475,10.850741759003535,8.839607939783471
600.0,nc,2p3,8.375153350345697,10.356858322062129,6.065376222990374
600.0,nc,2p8,37.03766318196291,25.379831383417358,29.748964631766555
600.0,nc,2p4,17.861295003081672,13.695911970148018,10.166519136273639
600.0,nc,2p2,6.9371419629482345,11.544790591580659,9.748538635056606
600.0,nc,2p6,14.796635387063056,19.47624828140987,28.225713780256456
600.0,free,2p1,8.859436919561126,8.695617692378434,10.148525551099935
600.0,free,2p5,11.196734445925705,10.850741759003535,12.786339390728124
600.0,free,2p3,8.934914738669022,10.356858322062129,13.328450941292912
600.0,free,2p8,27.639383141165773,25.379831383417358,21.222258662855236
600.0,free,2p4,15.330180130601684,13.695911970148018,13.20571758417659
600.0,free,2p2,9.290486704649902,11.544790591580659,12.52013127533695
600.0,free,2p6,18.74886391942679,19.47624828140987,16.788576594510253
1000.0,nc,2p1,5.550958587525176,8.776216208829194,6.078001585762624
1000.0,nc,2p5,9.202521151409737,10.991060032634183,9.393110453261436
1000.0,nc,2p3,7.470049258877362,10.007302590009695,6.326282906562978
1000.0,nc,2p8,37.89438387935992,25.561526758381138,32.62519309801839
1000.0,nc,2p4,19.982085611343958,14.231852742242385,10.09296920273224
1000.0,nc,2p2,5.597710697246675,11.16163446357107,9.227203739448967
1000.0,nc,2p6,14.302290814237177,19.270407204332322,26.257239014213347
1000.0,free,2p1,8.918741612193328,8.776216208829194,10.438708344917393
1000.0,free,2p5,11.32457286082974,10.991060032634183,13.198983657535903
1000.0,free,2p3,8.630032823985971,10.007302590009695,13.309766516181064
1000.0,free,2p8,27.759106556577333,25.561526758381138,20.476736492424436
1000.0,free,2p4,15.787733940679695,14.231852742242385,13.292057364468208
1000.0,free,2p2,9.035508298509109,11.16163446357107,12.819769251084306
1000.0,free,2p6,18.544303907224833,19.270407204332322,16.463978373388684
1500.0,nc,2p1,5.566991786071971,9.144867804832113,5.598577018408846
1500.0,nc,2p5,10.177123430117652,11.871403077455293,9.781293542163207
1500.0,nc,2p3,6.902739077061977,9.84361612256224,6.563068275019494
1500.0,nc,2p8,37.374079427684435,25.09644330394887,32.94671503028904
1500.0,nc,2p4,21.598847153953347,14.404343762616763,10.362533791544521
1500.0,nc,2p2,5.2684989725548315,11.790651289008036,9.216369199318079
1500.0,nc,2p6,13.11172015255579,17.84867463957667,25.531443143256816
1500.0,free,2p1,9.313104633734302,9.144867804832113,10.421003149959928
1500.0,free,2p5,12.259089979999418,11.871403077455293,13.234333914091142
1500.0,free,2p3,8.215007789103188,9.84361612256224,13.312682101961721
1500.0,free,2p8,27.64766858624104,25.09644330394887,20.37423575128442
1500.0,free,2p4,16.360391601739536,14.404343762616763,13.317195048785173
1500.0,free,2p2,9.056793614646343,11.790651289008036,12.833827516677049
1500.0,free,2p6,17.147943794536193,17.84867463957667,16.506722517240565
