family,p_mTorr,n_spec,Te_best,Te_lo,Te_med,Te_hi,EN_best,EN_lo,EN_hi,Ne_best,Ne_lo,Ne_med,Ne_hi,chi2_red,birge,edge_EN,edge_Ne,response_slope,n_1s5,EN_nc,Te_nc,Te_nc_lo,Te_nc_hi,chi2_red_nc,dchi2_nc,n_1s5_nc
microwave,600.0,5,1.010069472548572,0.8426803714774417,0.981723648543172,1.113989345257545,163.4101656307278,57.214067653242864,209.31120990993958,3.0000000000000025e+19,1.310082914425663e+19,2.1495155997753545e+19,2.7478933288786768e+19,0.7966322117277447,1.0,False,True,0.5993416729228059,1.4382217919977933e+17,71.23585545732954,0.8002813069834924,0.7990800811333336,0.8114617608139745,2.0039996473612853,46.67659476580229,9121788320860950.0
microwave,650.0,5,1.0043246320074193,0.8643363153296826,1.0043246320074193,1.1546055142255933,148.43903322642566,80.74993226420622,214.31367933031,3.0000000000000025e+19,1.2318736259459363e+19,2.083927463952137e+19,2.7232480926809625e+19,0.651319810244368,1.0,False,True,0.6204073257911823,2.3835871952933658e+17,67.3677252043687,0.802898420128674,0.8010471113877299,0.8136823469556052,1.8645713995278799,46.75488020301782,1.0630614122506906e+16
microwave,700.0,5,0.9574955657704208,0.82567241801765,0.9432565117533502,1.0702963941976251,121.37156150027451,37.22791830812857,149.9438504882014,3.0000000000000025e+19,1.293947256668706e+19,2.1457183804311155e+19,2.7470502058837844e+19,0.619268188092974,1.0,False,True,0.6033531100795243,9.94302102069058e+16,60.88762334197287,0.800959539159538,0.7999431115666293,0.8153064133499275,1.7697469072949101,44.33745951776655,1.0704264391565408e+16
microwave,750.0,5,0.9542857828327105,0.8258054668083741,0.9406885524349347,1.0745129433087386,112.1704133561192,32.852580889177595,134.99717710353625,3.0000000000000025e+19,1.4183980304055054e+19,2.2278922463168713e+19,2.774995673477709e+19,0.8031008338596596,1.0,False,True,0.6259952345109945,9.18372959051928e+16,59.69931769187704,0.8031676319739465,0.800270633167414,0.8179737289974922,1.9645515158958198,44.93822675123374,1.3239014193145524e+16
microwave,800.0,5,0.9506327415662236,0.8333171124895398,0.9537444906902743,1.0900370454565051,104.07528503198834,39.204174642597295,144.30095953073402,3.0000000000000025e+19,1.2128474401517445e+19,2.091782341418811e+19,2.728726679900106e+19,1.1070972516483035,1.0521868900762372,False,True,0.6405634405808216,1.5438608524307302e+17,56.77238602273023,0.8051434349057605,0.8014146110450088,0.824551883343076,2.2363989014396033,39.76214364020649,1.4738844404652738e+16
microwave,850.0,5,0.9438314280167402,0.8257762529868103,0.9368149148225775,1.074912016190738,95.99594333813883,31.22031191735988,118.22177822215734,3.0000000000000025e+19,1.4721267190428217e+19,2.26103478860618e+19,2.7855308104577815e+19,0.7931255978261549,1.0,False,True,0.66499608097223,1.2031497063927173e+17,53.433804959805904,0.8056679025012649,0.8017949960075783,0.820002175325423,1.9929339459658397,46.385842827134184,1.5726976484117722e+16
microwave,900.0,5,0.9135699859844443,0.8206768535964512,0.9203515197579505,1.0607090448259169,82.8020057288843,28.818924572118824,104.32793055704973,3.0000000000000025e+19,1.3020349378276411e+19,2.1504971803827696e+19,2.7490315934778175e+19,0.5865832136887302,1.0,False,True,0.6352686172106851,1.1099445415088738e+17,49.27568860975639,0.8042764556887597,0.8023648088963574,0.8172347900827168,1.7313681933498486,44.088412440811226,1.5657834171136024e+16
microwave,950.0,5,0.917515791474063,0.8227176051439388,0.9244110172449093,1.0727321909359726,79.43432410128014,24.61914463307736,99.37714005953798,3.0000000000000025e+19,1.3219049609106962e+19,2.170626522630962e+19,2.7561696710493123e+19,1.0871844512868258,1.0426813757264612,False,True,0.6623132080149092,8.861215937507507e+16,48.26322915037411,0.8075655215470705,0.8031941505525275,0.8197652032943998,2.209915561178365,40.24245064890351,1.8170910969871388e+16
microwave,1000.0,5,0.9081099161702118,0.8216657555687684,0.9214124153393587,1.070802903144063,73.10429609741726,23.708113003597326,92.00049999509193,3.0000000000000025e+19,1.4826685054667274e+19,2.2704372776365466e+19,2.7894667445361046e+19,0.9859191527125281,1.0,False,True,0.67020901393019,9.751358907028058e+16,45.34896685139304,0.8064921004429855,0.8040655754943312,0.8180973034794838,2.1790256958210144,46.32396779083501,1.8622307554345052e+16
microwave,1050.0,5,0.8984921715438512,0.8190131971642446,0.9254023642795101,1.078448258982886,67.39827423388505,20.444535931631687,82.73896829314836,3.0000000000000025e+19,1.1549828732656175e+19,2.0713163220144697e+19,2.724334550666975e+19,1.233868368168997,1.1107962766272657,False,True,0.6454631576961934,5.726019750121644e+16,42.99555629515417,0.807828172816759,0.8042018022094964,0.8220124651421004,2.321357303511353,34.49188666237816,1.9340575312412932e+16
microwave,1100.0,5,1.109933923766731,0.81622574538745,0.916091598016967,1.0688329376321466,19.89535964530538,19.037090487510163,62.61185581042077,3.0000000000000025e+19,1.4241292618495744e+19,2.2468804540227867e+19,2.7829196756483035e+19,0.9504118541283517,1.0,False,True,0.6044301255018945,3.742732451426535e+16,40.321275099543904,0.8063016517615068,0.8058704353953158,0.8196030804290669,2.0586019072233235,43.061633871737286,1.935358822167924e+16
microwave,1150.0,5,0.8754514826015737,0.817976223732793,0.9052964690204802,1.077196206762106,56.79070631282135,18.67519452925663,63.96552450771743,3.0000000000000025e+19,1.2689807917354627e+19,2.143258650380071e+19,2.7483239882473996e+19,1.0547320596496983,1.0270014896044204,False,True,0.6459962723177297,5.113393048178724e+16,38.63148305970917,0.8083234818086418,0.8065285212838328,0.817976223732793,2.1266206094334943,39.61811587040621,2.0349386850211532e+16
microwave,1200.0,5,0.887706491329018,0.8224465152825455,0.9281748917434944,1.0847089381371582,56.79070631282135,17.955957507775853,72.74611882194577,3.0000000000000025e+19,1.2197790041341297e+19,2.111541463460681e+19,2.738647258747579e+19,1.1951288462382885,1.0932194867629685,False,True,0.6779147152407476,6.758978887436279e+16,37.81333155669243,0.8105023828685262,0.806784747900653,0.8246248766694597,2.307533716166386,36.36973037703711,2.2514895539532144e+16
microwave,1250.0,5,1.115562577179664,0.8201927681084694,0.9163057680887416,1.0756653598464985,17.690952510899983,16.690682952496626,56.79418222559054,3.0000000000000025e+19,1.4374962652574478e+19,2.2554341572906828e+19,2.7858279819906494e+19,0.9570139014550305,1.0,False,True,0.6329707094119025,4.307293199198632e+16,35.9615924462676,0.8099153252678699,0.8079340623817308,0.8201927681084694,2.110454636647582,44.787761838771985,2.289219556176446e+16
microwave,1300.0,5,0.8700807649147512,0.8238074534193592,0.9152598689361705,1.0751573746565832,49.04867533325574,16.255017848489846,58.739574596424134,3.0000000000000025e+19,1.398866756191286e+19,2.2245007110130254e+19,2.7752751471616262e+19,0.505678242668305,1.0,False,True,0.6885605244728467,5.523291700161685e+16,35.17314272232905,0.8108465314014514,0.8104188515678248,0.8238074534193592,1.6331282349113423,43.34877794790373,2.5021302231668284e+16
microwave,1350.0,5,1.0930274507011997,0.8296356284423735,0.9351772409178464,1.091211935874827,15.834797499769742,15.352757035748368,57.34191027726408,3.0000000000000025e+19,1.5060203918952438e+19,2.292344754933258e+19,2.7975106931555693e+19,1.015351093841034,1.0076463138626737,False,True,0.6491542855031692,4.981816604066739e+16,33.64772401197998,0.8130031415347181,0.8100188949706781,0.8241445761934288,2.2093484107627823,45.68592028732278,2.5457681049037476e+16
microwave,1400.0,5,1.1034209059317872,0.8195059538195647,0.9147433966016598,1.0862049779532152,15.834797499769742,15.086706327615111,52.74201797625669,3.0000000000000025e+19,1.254871703340926e+19,2.1469327198017925e+19,2.7511741891995296e+19,1.2845508835787376,1.1333802908021373,False,True,0.6281028588767568,5.423263564755302e+16,33.64772401197998,0.816417356418091,0.8099827595993174,0.841398305594149,2.4230666824861187,34.679942859055,2.913454942100172e+16
microwave,1450.0,5,1.1273917604548371,0.8248875737750082,0.9325349680238378,1.0917979848388089,15.148060560411649,14.137051576883923,44.994848056073316,3.0000000000000025e+19,1.5433380027995138e+19,2.319617339236654e+19,2.8075153169647755e+19,0.802972787739064,1.0,False,True,0.6614655223805898,3.660481944010499e+16,32.18846095511494,0.8168678521739781,0.8112113706605715,0.8410144078794095,1.9719906153330062,45.225650236308866,2.9416264496998424e+16
microwave,1500.0,5,0.8747567141946694,0.8307986474331349,0.9420007174581854,1.1036848251583515,42.93988128295932,14.072354540560593,61.35609127170934,3.0000000000000025e+19,1.315602288054845e+19,2.179978304923171e+19,2.761670111876027e+19,1.32884053339296,1.1527534573329026,False,True,0.7330412644367457,7.24007492606849e+16,31.48273627976894,0.8182419707015378,0.8124577453691317,0.8484601508656405,2.598894284455271,37.31891210989719,3.1443059961623612e+16
dc,600.0,5,3.6273624339268613,3.4686829652025186,3.606327486983304,3.7507451032664743,15.283122347234464,8.024173901385437,22.84140946711345,1.7874875195217805e+19,6.879707979827396e+18,1.391574235893876e+19,2.34428599030044e+19,0.7140428412822075,1.0,False,True,0.6782096729146706,8.231835042254192e+16,17.45735860675081,3.665208520064346,3.621191130876245,3.7888516113993966,1.9719233974670045,48.51350397630449,2.0356350002903776e+17
dc,650.0,5,3.652593158018518,3.5162685164259946,3.645428180262901,3.798028344517788,16.7002530599921,9.665477917316313,26.11866908539098,1.626882044889404e+19,6.357087150997136e+18,1.3190176179855665e+19,2.2895188604838412e+19,0.5921097463539587,1.0,False,True,0.7094231005253737,1.3131735792877475e+17,20.844930802438082,3.718489124252473,3.6336701149497754,3.862460994287863,1.7787376013094265,45.683968234661734,2.916996347977989e+17
dc,700.0,5,3.6048820698767745,3.421536623013508,3.5720115521265865,3.697352018964417,13.98624486955217,6.95964154859739,19.5452316510594,1.7874875195217805e+19,6.754494159365447e+18,1.3852576529621164e+19,2.3441861712837935e+19,0.5297866216034792,1.0,False,True,0.697904614411267,6.331361187825405e+16,18.657856774526387,3.6841315631330884,3.621191130876245,3.7888516113993966,1.752693052824294,47.000231007994444,2.6361070652439782e+17
dc,750.0,5,3.5885730088773045,3.4260152754484006,3.5661560774375975,3.6863293297800444,13.086331147260013,7.0340751567982664,18.80253129120178,2.261832282940898e+19,7.686623113589606e+18,1.514821155705293e+19,2.4296413283114537e+19,0.6912358966848744,1.0,False,True,0.7146910966835214,6.82458495358874e+16,18.657856774526387,3.6841315631330884,3.621191130876245,3.7653974490170885,1.9108336421474967,47.035950224264525,2.817906812940063e+17
dc,800.0,5,3.6157547772097547,3.459291065484756,3.595830313973193,3.7283981043505117,14.620310924181679,7.789405922838985,21.438930777792567,2.1578284877613904e+19,7.071098716195632e+18,1.449797370002009e+19,2.394959485676268e+19,1.0380758181469187,1.0188600581762535,False,True,0.7395471709254156,8.995466568701147e+16,21.31219584231372,3.726307178379909,3.658900839041432,3.835759936164012,2.1392611565612527,41.31019905120492,3.6825746175814656e+17
dc,850.0,5,3.5940093625437943,3.4423908886828607,3.5716197704564445,3.6880332252327443,13.379677529807614,7.396077804199585,18.915466830381405,2.6048986254406713e+19,8.112515211499648e+18,1.5733974352046991e+19,2.4665986220167234e+19,0.6816364607838221,1.0,False,True,0.7570468987485879,8.485519845786296e+16,19.94091014915182,3.7030546062018304,3.6462854769956037,3.7888516113993966,1.8877970616934028,46.515739295347885,3.5513190019483974e+17
dc,900.0,5,3.583136655210814,3.411831431865986,3.559998789149115,3.6769371222744596,12.799416317338562,6.805818610927257,18.19200249257005,1.8736414872354546e+19,6.753732969168103e+18,1.3914688721079585e+19,2.3507570372478595e+19,0.5027351777314687,1.0,False,True,0.7409082799663758,7.069570228924806e+16,20.387910442139603,3.710671070125037,3.658900839041432,3.7888516113993966,1.6622328100452968,44.56364520565694,3.877634915618886e+17
dc,950.0,5,3.583136655210814,3.4267553238013075,3.560984537238297,3.6758817827338843,12.799416317338562,7.049891896457806,18.12465244590038,2.4851199198545015e+19,7.754129388995132e+18,1.5275529733515643e+19,2.437877070867668e+19,0.9757532646228257,1.0,False,True,0.7629987975745142,8.031989433505774e+16,20.387910442139603,3.710671070125037,3.665208520064346,3.7732155031445247,2.1149113248778266,44.263759554312855,4.0864868539000294e+17
dc,1000.0,5,3.583136655210814,3.434302322375408,3.5626992215943063,3.6751208759971155,12.799416317338562,7.214918192442937,18.076247372277916,2.7304504682494263e+19,8.416968685360052e+18,1.6072796022921574e+19,2.4859657201656844e+19,0.8621273556927918,1.0,False,True,0.7761414406952026,8.88384435459266e+16,20.844930802438082,3.718489124252473,3.67151620108726,3.7732155031445247,2.0660999324957774,46.61308527420624,4.432599048529046e+17
dc,1050.0,5,3.572263947877834,3.3254435494448695,3.5359385151369147,3.658301535188291,12.244320365687337,5.741718925238326,17.03868382590838,2.7304504682494263e+19,7.408555475657785e+18,1.5148596502268709e+19,2.441537152385497e+19,1.1260509115731898,1.0611554606056504,False,True,0.7524406582349963,4.5345880202926024e+16,20.844930802438082,3.718489124252473,3.67151620108726,3.7888516113993966,2.254753561641433,39.08948624060988,4.6487134079851014e+17
dc,1100.0,5,3.5462474920046057,3.286665993468254,3.505199331060312,3.6099956969825957,10.959632241028615,5.423373944148945,14.280957340753512,3.0000000000000025e+19,8.233726909378296e+18,1.6078519518074855e+19,2.4920460630811087e+19,0.8366553115424845,1.0,False,True,0.7662538461727239,3.950123313553647e+16,20.844930802438082,3.718489124252473,3.665208520064346,3.7810335572719604,1.9955987644404416,44.87650652166485,4.865072872338839e+17
dc,1150.0,5,3.556550477330601,3.3104685943739236,3.5186763712632874,3.6247661724812743,11.45648688929718,5.616625077865499,15.141249236453351,2.4851199198545015e+19,7.435844812341418e+18,1.5044437093719861e+19,2.4290341182045176e+19,0.9494746533777829,1.0,False,True,0.7619956386244525,4.517562479525932e+16,21.789935208996155,3.7341252325073446,3.67151620108726,3.8123057737817043,2.068778830613538,43.48303338833648,5.415803551132837e+17
dc,1200.0,5,3.572263947877834,3.3996138103380833,3.5504718776263315,3.6643873958604334,12.244320365687337,6.622781859145719,17.407051282316143,3.0000000000000025e+19,7.912546092492208e+18,1.56497557333369e+19,2.4653392992004596e+19,1.0756476655432552,1.0371343526965324,False,True,0.7891674541285918,7.680398431294082e+16,23.810411503832277,3.7653974490170885,3.6841315631330884,3.862460994287863,2.21458048314717,41.2357095686072,6.41701183198309e+17
dc,1250.0,5,3.556550477330601,3.35582149998253,3.523604694978798,3.6250071123286003,11.45648688929718,6.011375264904175,15.154359803925617,3.0000000000000025e+19,8.57098102616594e+18,1.639622818366771e+19,2.5051895947819966e+19,0.8285607141828026,1.0,False,True,0.8036574733152142,6.070160671530321e+16,23.288373654559894,3.7575793948896528,3.665208520064346,3.852583434850688,2.055255152085393,47.44294935448124,6.469192848779383e+17
dc,1300.0,5,3.5617019699935986,3.3935664674019894,3.5398889738578805,3.6435907555851568,11.71329828646123,6.5340139644580875,16.180137893659754,3.0000000000000025e+19,8.415653372669092e+18,1.6168387168864322e+19,2.492150072235305e+19,0.3802066883957171,1.0,False,True,0.8082994208892339,7.758210815581069e+16,26.018236885246196,3.7966696655268324,3.6904392441560026,3.892093672599388,1.5558499879392145,45.05465207104862,7.899239458694669e+17
dc,1350.0,5,3.5617019699935986,3.4232968544409017,3.546433620910916,3.648050477932352,11.71329828646123,6.988801554202605,16.435742327383466,3.0000000000000025e+19,9.534868726227712e+18,1.7415572304664433e+19,2.5574757021122003e+19,0.8583901684284462,1.0,False,True,0.8284661505535169,9.904449851103134e+16,26.018236885246196,3.7966696655268324,3.67151620108726,3.882216113162213,2.1122247967926486,48.504106046268134,8.201489056718532e+17
dc,1400.0,5,3.5513989846676033,3.3540561517692224,3.5234969542246217,3.6251704652993,11.205306023525772,5.9947912294651555,15.163254994431306,3.0000000000000025e+19,8.49816406675626e+18,1.6561158003483595e+19,2.5218760889204834e+19,1.137507579244541,1.0665400035838042,False,True,0.8014374243577183,6.3835524948358936e+16,26.601468012799575,3.804487719654268,3.67151620108726,3.892093672599388,2.2929225343152786,39.598220437218885,8.782661896101325e+17
dc,1450.0,5,3.5462474920046057,3.373036081802284,3.51947573761502,3.612450045722658,10.959632241028615,6.241433675293018,14.42460583840692,3.0000000000000025e+19,9.921594453516669e+18,1.7959125255164326e+19,2.5879060064413553e+19,0.6536692435714744,1.0,False,True,0.8342341985315402,7.416077605277493e+16,25.44779296733039,3.7888516113993966,3.6399777959726896,3.872338553725038,1.8589093567779376,46.45279354541708,8.52465868052982e+17
dc,1500.0,5,3.566853462656596,3.4204442957186147,3.556606044525748,3.669544168648441,11.97586643037938,6.941607256956737,17.7254087332001,3.0000000000000025e+19,9.720010013412676e+18,1.7917227462694007e+19,2.5907572116297363e+19,1.1695729575668166,1.081467964188869,False,True,0.8501056117821566,1.0425261561171267e+17,29.719692174245083,3.843577990291448,3.741943286634781,3.9414814697852636,2.426762282710307,41.846698828297235,1.1063676215721075e+18
