source,lam,centre,snr,dx,fwhm,fwhm_err,fwhm_px,R,R_err,clipped
lamp Hg,296.728,296.7215562064406,257.65547012005936,0.007999999999981355,0.01927842048742809,0.0006351860481219171,2.409802560934127,15391.717396842927,507.12682366719685,False
lamp Hg,302.15,302.14359871198667,24.956158100634024,0.007999999999981355,0.024639982677353327,0.0009792303016891964,3.079997834676344,12262.589789793434,487.33392618765004,False
lamp Hg,312.567,312.56038692691635,402.44615315436846,0.007999999999981355,0.02061636924257382,0.0007518846521021331,2.5770461553277335,15161.107968251446,552.9297742034656,False
lamp Hg,365.015,365.0119703480238,556.2862538783219,0.009000000000014552,0.02620094298180404,0.001978816342440494,2.9112158868624083,13931.368815751961,1052.1613784786653,False
lamp Hg,365.484,365.4797902201865,249.39295831647107,0.009000000000014552,0.02418018886680089,0.0007852098308076461,2.6866876518624214,15115.018415005234,490.834092226466,False
lamp Hg,404.656,404.65162055993716,1386.9778317370387,0.011000000000024102,0.028487154528596504,0.0016400673420021033,2.589741320775826,14204.858529966225,817.8045493933505,False
lamp Hg,407.783,407.7805101892586,283.69081343585594,0.009999999999990905,0.03091146178370417,0.003067429137387249,3.0911461783732284,13191.967524970756,1309.0751207014778,False
lamp Hg,435.833,435.82707310129535,1993.5248887090247,0.011000000000024102,0.026395526343188376,0.00021681505326037845,2.3995933039209585,16511.62376280748,135.6278537128804,False
lamp Hg,546.074,546.0728277348197,1202.153311749629,0.014000000000010004,0.0328222939220628,0.0020670905838841075,2.344449565859953,16637.289316117385,1047.7873413833756,False
lamp Hg,576.96,576.9703896756437,396.2633211924997,0.014000000000010004,0.03465525528942715,0.002506667063181032,2.4753753778144563,16648.5572009629,1204.2153386724895,False
lamp Hg,579.066,579.0564318695531,1325.7115877512479,0.01599999999996271,0.05020131624088461,0.001528837884365989,3.1375822650626004,11534.876839113655,351.28474756545586,False
lamp Ar,750.387,750.3862748744427,31.970861999190614,0.019000000000005457,0.05077237872959765,0.0038241526252258706,2.6722304594517405,14779.433597082254,1113.1802606815033,False
lamp Ar,751.465,751.4621132550252,75.54296506137867,0.019000000000005457,0.05055568568898956,0.004256262206515837,2.660825562577634,14864.104595927978,1251.4027999648927,False
lamp Ar,794.818,794.7920561910397,22.932685822204235,0.02100000000007185,0.06322215847358931,0.00379073669641218,3.010578974922524,12571.826384763985,753.7939983108284,False
lamp Ar,800.616,800.6073911180997,22.033364809568777,0.020000000000095497,0.057120519816026685,0.003906295987564879,2.856025990787697,14016.259000769209,958.5286771149595,False
lamp Ar,801.479,801.4772112384146,26.64238499932551,0.01999999999998181,0.05745503902971331,0.004330051973799718,2.872751951488278,13949.672883966003,1051.305675274881,False
